-- MySQL dump 10.13  Distrib 5.7.25, for Linux (x86_64)
--
-- Host: localhost    Database: party
-- ------------------------------------------------------
-- Server version	5.7.25-0ubuntu0.18.04.2

/*!40101 SET @OLD_CHARACTER_SET_CLIENT=@@CHARACTER_SET_CLIENT */;
/*!40101 SET @OLD_CHARACTER_SET_RESULTS=@@CHARACTER_SET_RESULTS */;
/*!40101 SET @OLD_COLLATION_CONNECTION=@@COLLATION_CONNECTION */;
/*!40101 SET NAMES utf8 */;
/*!40103 SET @OLD_TIME_ZONE=@@TIME_ZONE */;
/*!40103 SET TIME_ZONE='+00:00' */;
/*!40014 SET @OLD_UNIQUE_CHECKS=@@UNIQUE_CHECKS, UNIQUE_CHECKS=0 */;
/*!40014 SET @OLD_FOREIGN_KEY_CHECKS=@@FOREIGN_KEY_CHECKS, FOREIGN_KEY_CHECKS=0 */;
/*!40101 SET @OLD_SQL_MODE=@@SQL_MODE, SQL_MODE='NO_AUTO_VALUE_ON_ZERO' */;
/*!40111 SET @OLD_SQL_NOTES=@@SQL_NOTES, SQL_NOTES=0 */;

--
-- Table structure for table `auth_group`
--

DROP TABLE IF EXISTS `auth_group`;
/*!40101 SET @saved_cs_client     = @@character_set_client */;
/*!40101 SET character_set_client = utf8 */;
CREATE TABLE `auth_group` (
  `id` int(11) NOT NULL AUTO_INCREMENT,
  `name` varchar(80) NOT NULL,
  PRIMARY KEY (`id`),
  UNIQUE KEY `name` (`name`)
) ENGINE=InnoDB AUTO_INCREMENT=4 DEFAULT CHARSET=utf8;
/*!40101 SET character_set_client = @saved_cs_client */;

--
-- Dumping data for table `auth_group`
--

LOCK TABLES `auth_group` WRITE;
/*!40000 ALTER TABLE `auth_group` DISABLE KEYS */;
INSERT INTO `auth_group` VALUES (3,'党辅'),(2,'支书'),(1,'普通成员');
/*!40000 ALTER TABLE `auth_group` ENABLE KEYS */;
UNLOCK TABLES;

--
-- Table structure for table `auth_group_permissions`
--

DROP TABLE IF EXISTS `auth_group_permissions`;
/*!40101 SET @saved_cs_client     = @@character_set_client */;
/*!40101 SET character_set_client = utf8 */;
CREATE TABLE `auth_group_permissions` (
  `id` int(11) NOT NULL AUTO_INCREMENT,
  `group_id` int(11) NOT NULL,
  `permission_id` int(11) NOT NULL,
  PRIMARY KEY (`id`),
  UNIQUE KEY `auth_group_permissions_group_id_permission_id_0cd325b0_uniq` (`group_id`,`permission_id`),
  KEY `auth_group_permissio_permission_id_84c5c92e_fk_auth_perm` (`permission_id`),
  CONSTRAINT `auth_group_permissio_permission_id_84c5c92e_fk_auth_perm` FOREIGN KEY (`permission_id`) REFERENCES `auth_permission` (`id`),
  CONSTRAINT `auth_group_permissions_group_id_b120cbf9_fk_auth_group_id` FOREIGN KEY (`group_id`) REFERENCES `auth_group` (`id`)
) ENGINE=InnoDB AUTO_INCREMENT=96 DEFAULT CHARSET=utf8;
/*!40101 SET character_set_client = @saved_cs_client */;

--
-- Dumping data for table `auth_group_permissions`
--

LOCK TABLES `auth_group_permissions` WRITE;
/*!40000 ALTER TABLE `auth_group_permissions` DISABLE KEYS */;
INSERT INTO `auth_group_permissions` VALUES (2,1,2),(3,1,4),(5,1,18),(6,1,20),(12,1,28),(1,1,32),(94,1,36),(7,1,53),(8,1,54),(9,1,55),(10,1,56),(92,1,57),(11,1,58),(93,1,59),(95,1,60),(13,2,2),(63,2,3),(14,2,4),(61,2,10),(64,2,12),(15,2,16),(16,2,17),(17,2,18),(65,2,19),(19,2,20),(20,2,25),(21,2,26),(66,2,27),(23,2,28),(25,2,30),(67,2,31),(27,2,32),(78,2,33),(79,2,34),(80,2,35),(81,2,36),(28,2,53),(29,2,54),(30,2,55),(31,2,56),(82,2,57),(32,2,58),(83,2,59),(84,2,60),(34,3,2),(35,3,4),(36,3,9),(37,3,10),(69,3,11),(39,3,12),(40,3,13),(41,3,14),(71,3,15),(43,3,16),(44,3,20),(45,3,24),(46,3,25),(47,3,26),(68,3,27),(49,3,28),(51,3,30),(70,3,31),(53,3,32),(85,3,33),(86,3,34),(87,3,35),(88,3,36),(54,3,53),(55,3,54),(56,3,55),(57,3,56),(89,3,57),(58,3,58),(90,3,59),(91,3,60);
/*!40000 ALTER TABLE `auth_group_permissions` ENABLE KEYS */;
UNLOCK TABLES;

--
-- Table structure for table `auth_permission`
--

DROP TABLE IF EXISTS `auth_permission`;
/*!40101 SET @saved_cs_client     = @@character_set_client */;
/*!40101 SET character_set_client = utf8 */;
CREATE TABLE `auth_permission` (
  `id` int(11) NOT NULL AUTO_INCREMENT,
  `name` varchar(255) NOT NULL,
  `content_type_id` int(11) NOT NULL,
  `codename` varchar(100) NOT NULL,
  PRIMARY KEY (`id`),
  UNIQUE KEY `auth_permission_content_type_id_codename_01ab375a_uniq` (`content_type_id`,`codename`),
  CONSTRAINT `auth_permission_content_type_id_2f476e4b_fk_django_co` FOREIGN KEY (`content_type_id`) REFERENCES `django_content_type` (`id`)
) ENGINE=InnoDB AUTO_INCREMENT=73 DEFAULT CHARSET=utf8;
/*!40101 SET character_set_client = @saved_cs_client */;

--
-- Dumping data for table `auth_permission`
--

LOCK TABLES `auth_permission` WRITE;
/*!40000 ALTER TABLE `auth_permission` DISABLE KEYS */;
INSERT INTO `auth_permission` VALUES (1,'Can add 我的账号',1,'add_user'),(2,'Can change 我的账号',1,'change_user'),(3,'Can delete 我的账号',1,'delete_user'),(4,'Can view 我的账号',1,'view_user'),(5,'Can add application',2,'add_application'),(6,'Can change application',2,'change_application'),(7,'Can delete application',2,'delete_application'),(8,'Can view application',2,'view_application'),(9,'Can add 党支部',3,'add_branch'),(10,'Can change 党支部',3,'change_branch'),(11,'Can delete 党支部',3,'delete_branch'),(12,'Can view 党支部',3,'view_branch'),(13,'Can add 发展流程依赖',4,'add_dependency'),(14,'Can change 发展流程依赖',4,'change_dependency'),(15,'Can delete 发展流程依赖',4,'delete_dependency'),(16,'Can view 发展流程依赖',4,'view_dependency'),(17,'Can add 成员信息',5,'add_member'),(18,'Can change 成员信息',5,'change_member'),(19,'Can delete 成员信息',5,'delete_member'),(20,'Can view 成员信息',5,'view_member'),(21,'Can add 学院',6,'add_school'),(22,'Can change 学院',6,'change_school'),(23,'Can delete 学院',6,'delete_school'),(24,'Can view 学院',6,'view_school'),(25,'Can add 会议/活动',7,'add_activity'),(26,'Can change 会议/活动',7,'change_activity'),(27,'Can delete 会议/活动',7,'delete_activity'),(28,'Can view 会议/活动',7,'view_activity'),(29,'Can add 学习打卡',8,'add_sharing'),(30,'Can change 学习打卡',8,'change_sharing'),(31,'Can delete 学习打卡',8,'delete_sharing'),(32,'Can view 学习打卡',8,'view_sharing'),(33,'Can add 学时统计',9,'add_takepartin'),(34,'Can change 学时统计',9,'change_takepartin'),(35,'Can delete 学时统计',9,'delete_takepartin'),(36,'Can view 学时统计',9,'view_takepartin'),(37,'Can add log entry',10,'add_logentry'),(38,'Can change log entry',10,'change_logentry'),(39,'Can delete log entry',10,'delete_logentry'),(40,'Can view log entry',10,'view_logentry'),(41,'Can add permission',11,'add_permission'),(42,'Can change permission',11,'change_permission'),(43,'Can delete permission',11,'delete_permission'),(44,'Can view permission',11,'view_permission'),(45,'Can add group',12,'add_group'),(46,'Can change group',12,'change_group'),(47,'Can delete group',12,'delete_group'),(48,'Can view group',12,'view_group'),(49,'Can add content type',13,'add_contenttype'),(50,'Can change content type',13,'change_contenttype'),(51,'Can delete content type',13,'delete_contenttype'),(52,'Can view content type',13,'view_contenttype'),(53,'Can add session',14,'add_session'),(54,'Can change session',14,'change_session'),(55,'Can delete session',14,'delete_session'),(56,'Can view session',14,'view_session'),(57,'Can add Bookmark',15,'add_bookmark'),(58,'Can change Bookmark',15,'change_bookmark'),(59,'Can delete Bookmark',15,'delete_bookmark'),(60,'Can view Bookmark',15,'view_bookmark'),(61,'Can add User Setting',16,'add_usersettings'),(62,'Can change User Setting',16,'change_usersettings'),(63,'Can delete User Setting',16,'delete_usersettings'),(64,'Can view User Setting',16,'view_usersettings'),(65,'Can add User Widget',17,'add_userwidget'),(66,'Can change User Widget',17,'change_userwidget'),(67,'Can delete User Widget',17,'delete_userwidget'),(68,'Can view User Widget',17,'view_userwidget'),(69,'Can add log entry',18,'add_log'),(70,'Can change log entry',18,'change_log'),(71,'Can delete log entry',18,'delete_log'),(72,'Can view log entry',18,'view_log');
/*!40000 ALTER TABLE `auth_permission` ENABLE KEYS */;
UNLOCK TABLES;

--
-- Table structure for table `django_admin_log`
--

DROP TABLE IF EXISTS `django_admin_log`;
/*!40101 SET @saved_cs_client     = @@character_set_client */;
/*!40101 SET character_set_client = utf8 */;
CREATE TABLE `django_admin_log` (
  `id` int(11) NOT NULL AUTO_INCREMENT,
  `action_time` datetime(6) NOT NULL,
  `object_id` longtext,
  `object_repr` varchar(200) NOT NULL,
  `action_flag` smallint(5) unsigned NOT NULL,
  `change_message` longtext NOT NULL,
  `content_type_id` int(11) DEFAULT NULL,
  `user_id` varchar(50) NOT NULL,
  PRIMARY KEY (`id`),
  KEY `django_admin_log_content_type_id_c4bce8eb_fk_django_co` (`content_type_id`),
  KEY `django_admin_log_user_id_c564eba6_fk_user_user_username` (`user_id`),
  CONSTRAINT `django_admin_log_content_type_id_c4bce8eb_fk_django_co` FOREIGN KEY (`content_type_id`) REFERENCES `django_content_type` (`id`),
  CONSTRAINT `django_admin_log_user_id_c564eba6_fk_user_user_username` FOREIGN KEY (`user_id`) REFERENCES `user_user` (`username`)
) ENGINE=InnoDB AUTO_INCREMENT=190 DEFAULT CHARSET=utf8;
/*!40101 SET character_set_client = @saved_cs_client */;

--
-- Dumping data for table `django_admin_log`
--

LOCK TABLES `django_admin_log` WRITE;
/*!40000 ALTER TABLE `django_admin_log` DISABLE KEYS */;
INSERT INTO `django_admin_log` VALUES (1,'2019-02-24 17:05:27.520822','15331331.0','12345 邢宇静',1,'new through import_export',5,'16337113'),(2,'2019-02-24 17:05:27.521543','15331332.0','12345 冯心怡',1,'new through import_export',5,'16337113'),(3,'2019-02-24 17:05:27.522041','15331333.0','12345 卢明-',1,'new through import_export',5,'16337113'),(4,'2019-02-24 17:05:27.522422','15331334.0','12345 张少帅',1,'new through import_export',5,'16337113'),(5,'2019-02-24 17:05:27.522841','15331335.0','12345 张桐瑞',1,'new through import_export',5,'16337113'),(6,'2019-02-24 17:05:27.523256','15331336.0','12345 陈王',1,'new through import_export',5,'16337113'),(7,'2019-02-24 17:05:27.523650','15331337.0','12345 杨丽君',1,'new through import_export',5,'16337113'),(8,'2019-02-24 17:05:27.524102','15331338.0','12345 朱高洁',1,'new through import_export',5,'16337113'),(9,'2019-02-24 17:05:27.524470','15331339.0','12345 卢嘉嘉',1,'new through import_export',5,'16337113'),(10,'2019-02-24 17:09:59.090528','15331331','15331331 邢宇静',1,'new through import_export',5,'16337113'),(11,'2019-02-24 17:09:59.091058','15331332','15331332 冯心怡',1,'new through import_export',5,'16337113'),(12,'2019-02-24 17:09:59.091426','15331333','15331333 卢明-',1,'new through import_export',5,'16337113'),(13,'2019-02-24 17:09:59.094189','15331334','15331334 张少帅',1,'new through import_export',5,'16337113'),(14,'2019-02-24 17:09:59.096624','15331335','15331335 张桐瑞',1,'new through import_export',5,'16337113'),(15,'2019-02-24 17:09:59.097019','15331336','15331336 陈王',1,'new through import_export',5,'16337113'),(16,'2019-02-24 17:09:59.097397','15331337','15331337 杨丽君',1,'new through import_export',5,'16337113'),(17,'2019-02-24 17:09:59.097815','15331338','15331338 朱高洁',1,'new through import_export',5,'16337113'),(18,'2019-02-24 17:09:59.098220','15331339','15331339 卢嘉嘉',1,'new through import_export',5,'16337113'),(19,'2019-02-27 12:01:01.799863','15331331','15331331 邢宇静',1,'new through import_export',5,'16337113'),(20,'2019-02-27 12:01:01.800698','15331332','15331332 冯心怡',1,'new through import_export',5,'16337113'),(21,'2019-02-27 12:01:01.801312','15331333','15331333 卢明-',1,'new through import_export',5,'16337113'),(22,'2019-02-27 12:01:01.801861','15331334','15331334 张少帅',1,'new through import_export',5,'16337113'),(23,'2019-02-27 12:01:01.802407','15331335','15331335 张桐瑞',1,'new through import_export',5,'16337113'),(24,'2019-02-27 12:01:01.803003','15331336','15331336 陈王',1,'new through import_export',5,'16337113'),(25,'2019-02-27 12:01:01.803583','15331337','15331337 杨丽君',1,'new through import_export',5,'16337113'),(26,'2019-02-27 12:01:01.804047','15331338','15331338 朱高洁',1,'new through import_export',5,'16337113'),(27,'2019-02-27 12:01:01.804528','15331339','15331339 卢嘉嘉',1,'new through import_export',5,'16337113'),(28,'2019-03-02 16:28:17.243428','132','学习强国APP学习(2019/03/01): 16337109 柯司博',1,'new through import_export',8,'16337113'),(29,'2019-03-02 16:28:17.244005','133','学习强国APP学习(2019/03/01): 16337113 劳马东',1,'new through import_export',8,'16337113'),(30,'2019-03-14 11:42:52.967437','15336150','15336150 饶家华',1,'new through import_export',5,'000000'),(31,'2019-03-14 11:42:52.979388','16337260','16337260 谢易华',1,'new through import_export',5,'000000'),(32,'2019-03-14 11:42:52.980248','16337223','16337223 田晓晴',1,'new through import_export',5,'000000'),(33,'2019-03-14 11:42:52.980807','16337227','16337227 王丰',1,'new through import_export',5,'000000'),(34,'2019-03-14 11:42:52.981396','15336165','15336165 谭琳',1,'new through import_export',5,'000000'),(35,'2019-03-14 11:42:52.981895','15336174','15336174 王姗姗',1,'new through import_export',5,'000000'),(36,'2019-03-14 11:42:52.982332','15336189','15336189 吴宏',1,'new through import_export',5,'000000'),(37,'2019-03-14 11:42:52.982755','15336190','15336190 吴嘉图',1,'new through import_export',5,'000000'),(38,'2019-03-14 11:42:52.983170','15336215','15336215 严紫熙',1,'new through import_export',5,'000000'),(39,'2019-03-14 11:42:52.983605','15336216','15336216 杨斌斌',1,'new through import_export',5,'000000'),(40,'2019-03-14 11:42:52.984017','16337194','16337194 彭义兴',1,'new through import_export',5,'000000'),(41,'2019-03-14 11:42:52.984448','16337209','16337209 舒琳',1,'new through import_export',5,'000000'),(42,'2019-03-14 11:42:52.984861','16337266','16337266 徐原',1,'new through import_export',5,'000000'),(43,'2019-03-14 11:42:52.985283','16337218','16337218 覃嘉琪',1,'new through import_export',5,'000000'),(44,'2019-03-14 11:42:52.985721','16337205','16337205 邵鑫',1,'new through import_export',5,'000000'),(45,'2019-03-14 11:42:52.986143','16337268','16337268 闫萌萌',1,'new through import_export',5,'000000'),(46,'2019-03-14 11:42:52.986569','17341135','17341135 沈圣智',1,'new through import_export',5,'000000'),(47,'2019-03-14 11:42:52.986980','16337221','16337221 唐诗佳',1,'new through import_export',5,'000000'),(48,'2019-03-14 11:42:52.987419','17341155','17341155 王永康',1,'new through import_export',5,'000000'),(49,'2019-03-14 11:42:52.987852','17341157','17341157 王梓翰',1,'new through import_export',5,'000000'),(50,'2019-03-14 11:42:52.988261','17341160','17341160 吴飚',1,'new through import_export',5,'000000'),(51,'2019-03-14 11:42:52.988687','17341161','17341161 吴慧',1,'new through import_export',5,'000000'),(52,'2019-03-14 11:42:52.989095','17341163','17341163 吴坎',1,'new through import_export',5,'000000'),(53,'2019-03-14 11:42:52.989535','17341171','17341171 谢崇谦',1,'new through import_export',5,'000000'),(54,'2019-03-14 11:42:52.989953','17341136','17341136 时文程',1,'new through import_export',5,'000000'),(55,'2019-03-14 11:42:52.990461','17341133','17341133 谯琬山',1,'new through import_export',5,'000000'),(56,'2019-03-14 11:42:52.990872','17341167','17341167 吴治锋',1,'new through import_export',5,'000000'),(57,'2019-03-14 11:42:52.991292','17341152','17341152 王亚宁',1,'new through import_export',5,'000000'),(58,'2019-03-14 11:42:52.991705','17341169','17341169 席子怡',1,'new through import_export',5,'000000'),(59,'2019-03-14 11:42:52.992112','17341121','17341121 吕子豪',1,'new through import_export',5,'000000'),(60,'2019-03-14 11:42:52.992548','17341141','17341141 谭湘濛',1,'new through import_export',5,'000000'),(61,'2019-03-14 11:42:52.992958','17341120','17341120 罗镜泉',1,'new through import_export',5,'000000'),(62,'2019-03-14 11:42:52.993378','18340120','18340120 刘业畅',1,'new through import_export',5,'000000'),(63,'2019-03-14 11:42:52.993810','15336208','15336208 徐洁瑜',1,'new through import_export',5,'000000'),(64,'2019-03-14 11:45:29.678253','15336150','15336150 饶家华',2,'update through import_export',5,'000000'),(65,'2019-03-14 11:54:54.261475','15337003','15337003 段晓巍',1,'new through import_export',5,'000000'),(66,'2019-03-14 11:54:54.262167','15332012','15332012 孙洪亮',1,'new through import_export',5,'000000'),(67,'2019-03-14 11:54:54.262644','16341020','16341020 徐崧洋',1,'new through import_export',5,'000000'),(68,'2019-03-14 11:54:54.263199','15337025','15337025 肖芳松',1,'new through import_export',5,'000000'),(69,'2019-03-14 11:54:54.263643','15337022','15337022 王建飞',1,'new through import_export',5,'000000'),(70,'2019-03-14 11:54:54.264066','15332014','15332014 田桂雄',1,'new through import_export',5,'000000'),(71,'2019-03-14 11:54:54.264504','15332006','15332006 黄文翔',1,'new through import_export',5,'000000'),(72,'2019-03-14 11:54:54.264923','14349021','14349021 王洁民',1,'new through import_export',5,'000000'),(73,'2019-03-14 11:54:54.265377','16338017','16338017 杨晓聪',1,'new through import_export',5,'000000'),(74,'2019-03-14 11:54:54.265828','16338002','16338002 高谦文',1,'new through import_export',5,'000000'),(75,'2019-03-14 11:54:54.266247','15332008','15332008 李新宇',1,'new through import_export',5,'000000'),(76,'2019-03-14 11:54:54.266676','15332010','15332010 马志',1,'new through import_export',5,'000000'),(77,'2019-03-14 11:54:54.267092','15332004','15332004 崔书宇',1,'new through import_export',5,'000000'),(78,'2019-03-14 11:54:54.267519','15332013','15332013 孙正伦',1,'new through import_export',5,'000000'),(79,'2019-03-14 11:54:54.267930','15332003','15332003 曾志贤',1,'new through import_export',5,'000000'),(80,'2019-03-14 11:54:54.268354','15332017','15332017 徐汉涛',1,'new through import_export',5,'000000'),(81,'2019-03-14 11:54:54.268770','15337001','15337001 曹俊杰',1,'new through import_export',5,'000000'),(82,'2019-03-14 11:54:54.269179','15337003','15337003 段晓巍',2,'update through import_export',5,'000000'),(83,'2019-03-14 11:54:54.269644','15337007','15337007 郭宇钊',1,'new through import_export',5,'000000'),(84,'2019-03-14 11:54:54.270060','15337008','15337008 黄仕禹',1,'new through import_export',5,'000000'),(85,'2019-03-14 11:54:54.270494','15337011','15337011 姜继钢',1,'new through import_export',5,'000000'),(86,'2019-03-14 11:54:54.270909','15337012','15337012 李世帮',1,'new through import_export',5,'000000'),(87,'2019-03-14 11:54:54.271336','15337015','15337015 陆彬',1,'new through import_export',5,'000000'),(88,'2019-03-14 11:54:54.271751','15337017','15337017 牟者斌',1,'new through import_export',5,'000000'),(89,'2019-03-14 11:54:54.272164','15337020','15337020 施志雄',1,'new through import_export',5,'000000'),(90,'2019-03-14 11:54:54.272674','15337021','15337021 苏毅',1,'new through import_export',5,'000000'),(91,'2019-03-14 11:54:54.273088','15337023','15337023 王信智',1,'new through import_export',5,'000000'),(92,'2019-03-14 11:54:54.273558','15337028','15337028 郑正平',1,'new through import_export',5,'000000'),(93,'2019-03-14 11:54:54.273977','15337029','15337029 宗克远',1,'new through import_export',5,'000000'),(94,'2019-03-14 11:54:54.274413','16338001','16338001 董士凯',1,'new through import_export',5,'000000'),(95,'2019-03-14 11:54:54.274836','16338004','16338004 侯胜强',1,'new through import_export',5,'000000'),(96,'2019-03-14 11:54:54.275251','16338005','16338005 蒋瑞杰',1,'new through import_export',5,'000000'),(97,'2019-03-14 11:54:54.275678','16338006','16338006 蓝剑',1,'new through import_export',5,'000000'),(98,'2019-03-14 11:54:54.276090','16338007','16338007 李厚衡',1,'new through import_export',5,'000000'),(99,'2019-03-14 11:54:54.276513','16338009','16338009 刘杰',1,'new through import_export',5,'000000'),(100,'2019-03-14 11:54:54.277116','16338010','16338010 刘旭',1,'new through import_export',5,'000000'),(101,'2019-03-14 11:54:54.277578','16338011','16338011 谭家明',1,'new through import_export',5,'000000'),(102,'2019-03-14 11:54:54.278073','16338012','16338012 王伟进',1,'new through import_export',5,'000000'),(103,'2019-03-14 11:54:54.278509','16338013','16338013 王旭生',1,'new through import_export',5,'000000'),(104,'2019-03-14 11:54:54.279069','16338014','16338014 王逸丰',1,'new through import_export',5,'000000'),(105,'2019-03-14 11:54:54.279554','16338015','16338015 肖越',1,'new through import_export',5,'000000'),(106,'2019-03-14 11:54:54.279974','16338016','16338016 许广宇',1,'new through import_export',5,'000000'),(107,'2019-03-14 11:54:54.280403','16338020','16338020 朱杰夫',1,'new through import_export',5,'000000'),(108,'2019-03-14 11:54:54.280816','15332002','15332002 蔡凡',1,'new through import_export',5,'000000'),(109,'2019-03-14 11:54:54.281230','16341001','16341001 白光程',1,'new through import_export',5,'000000'),(110,'2019-03-14 11:54:54.281682','16341002','16341002 曾晖',1,'new through import_export',5,'000000'),(111,'2019-03-14 11:54:54.282099','16341003','16341003 陈大朋',1,'new through import_export',5,'000000'),(112,'2019-03-14 11:54:54.282526','16341004','16341004 贡江旭',1,'new through import_export',5,'000000'),(113,'2019-03-14 11:54:54.282940','16341005','16341005 谷雨',1,'new through import_export',5,'000000'),(114,'2019-03-14 11:54:54.283385','16341006','16341006 谷运铨',1,'new through import_export',5,'000000'),(115,'2019-03-14 11:54:54.283800','16341007','16341007 何枷瑜',1,'new through import_export',5,'000000'),(116,'2019-03-14 11:54:54.284211','16341008','16341008 蒋侑伸',1,'new through import_export',5,'000000'),(117,'2019-03-14 11:54:54.284638','16341009','16341009 李帅霖',1,'new through import_export',5,'000000'),(118,'2019-03-14 11:54:54.285052','16341010','16341010 李松',1,'new through import_export',5,'000000'),(119,'2019-03-14 11:54:54.285483','16341012','16341012 梁钰波',1,'new through import_export',5,'000000'),(120,'2019-03-14 11:54:54.285925','16341013','16341013 卢展程',1,'new through import_export',5,'000000'),(121,'2019-03-14 11:54:54.286350','16341014','16341014 马英帅',1,'new through import_export',5,'000000'),(122,'2019-03-14 11:54:54.286765','16341015','16341015 任浩博',1,'new through import_export',5,'000000'),(123,'2019-03-14 11:54:54.287176','16341016','16341016 屠划',1,'new through import_export',5,'000000'),(124,'2019-03-14 11:54:54.287601','16341017','16341017 王港龙',1,'new through import_export',5,'000000'),(125,'2019-03-14 11:54:54.288013','16341019','16341019 吴庆',1,'new through import_export',5,'000000'),(126,'2019-03-14 11:54:54.288445','16341020','16341020 徐崧洋',2,'update through import_export',5,'000000'),(127,'2019-03-14 11:54:54.288859','16341022','16341022 张恒瑞',1,'new through import_export',5,'000000'),(128,'2019-03-14 11:54:54.289285','16341023','16341023 周芙蓉',1,'new through import_export',5,'000000'),(129,'2019-03-14 11:54:54.289730','16341024','16341024 周翔宇',1,'new through import_export',5,'000000'),(130,'2019-03-14 11:54:54.290155','16341025','16341025 朱满',1,'new through import_export',5,'000000'),(131,'2019-03-14 11:54:54.290587','16338008','16338008 李默程',1,'new through import_export',5,'000000'),(132,'2019-03-14 11:54:54.290998','15332011','15332011 史可鉴',1,'new through import_export',5,'000000'),(133,'2019-03-14 11:54:54.291448','15332015','15332015 万佳聪',1,'new through import_export',5,'000000'),(134,'2019-03-14 11:54:54.291865','15332018','15332018 张千艺',1,'new through import_export',5,'000000'),(135,'2019-03-14 11:54:54.292291','15332019','15332019 张胜利',1,'new through import_export',5,'000000'),(136,'2019-03-14 11:58:54.568311','14348053','14348053 李绮婷',1,'new through import_export',5,'000000'),(137,'2019-03-14 11:58:54.568873','15336239','15336239 张弘',1,'new through import_export',5,'000000'),(138,'2019-03-14 11:58:54.569337','16337343','16337343 庄开鸿',1,'new through import_export',5,'000000'),(139,'2019-03-14 11:58:54.569787','15336244','15336244 赵成',1,'new through import_export',5,'000000'),(140,'2019-03-14 11:58:54.570210','15336237','15336237 张丰学',1,'new through import_export',5,'000000'),(141,'2019-03-14 11:58:54.570653','15336262','15336262 周中柱',1,'new through import_export',5,'000000'),(142,'2019-03-14 11:58:54.571077','15336247','15336247 赵维俊',1,'new through import_export',5,'000000'),(143,'2019-03-14 11:58:54.571519','15336238','15336238 张皓宇',1,'new through import_export',5,'000000'),(144,'2019-03-14 11:58:54.572007','15336243','15336243 张鹏泽',1,'new through import_export',5,'000000'),(145,'2019-03-14 11:58:54.572496','15366108','15366108 詹博羽',1,'new through import_export',5,'000000'),(146,'2019-03-14 11:58:54.572957','15336256','15336256 钟钧豪',1,'new through import_export',5,'000000'),(147,'2019-03-14 11:58:54.573456','16337327','16337327 郑映雪',1,'new through import_export',5,'000000'),(148,'2019-03-14 11:58:54.573937','16337288','16337288 叶梓豪',1,'new through import_export',5,'000000'),(149,'2019-03-14 12:03:26.186568','15331331','15331331 邢宇静',1,'new through import_export',5,'000000'),(150,'2019-03-14 12:03:26.187096','15364002','15364002 戴素慧',1,'new through import_export',5,'000000'),(151,'2019-03-14 12:03:26.187555','15364009','15364009 刘雅婷',1,'new through import_export',5,'000000'),(152,'2019-03-14 12:03:26.187972','15364013','15364013 童咏琳',1,'new through import_export',5,'000000'),(153,'2019-03-14 12:03:26.188427','15364014','15364014 万静瑶',1,'new through import_export',5,'000000'),(154,'2019-03-14 12:03:26.188839','15364019','15364019 薛昭力',1,'new through import_export',5,'000000'),(155,'2019-03-14 12:03:26.189246','15364010','15364010 罗穗',1,'new through import_export',5,'000000'),(156,'2019-03-14 12:03:26.189835','15364011','15364011 罗梓欢',1,'new through import_export',5,'000000'),(157,'2019-03-14 12:03:26.190258','15364015','15364015 韦雨君',1,'new through import_export',5,'000000'),(158,'2019-03-14 12:03:26.190689','15364017','15364017 肖睿智',1,'new through import_export',5,'000000'),(159,'2019-03-14 12:03:26.191100','15364023','15364023 郑沐鑫',1,'new through import_export',5,'000000'),(160,'2019-03-14 12:03:26.191528','15364003','15364003 胡冬梅',1,'new through import_export',5,'000000'),(161,'2019-03-14 12:03:26.191940','15364005','15364005 黄露莹',1,'new through import_export',5,'000000'),(162,'2019-03-14 12:03:26.192431','15364006','15364006 吉兆瑞',1,'new through import_export',5,'000000'),(163,'2019-03-14 12:03:26.192856','16337310','16337310 张少帅',1,'new through import_export',5,'000000'),(164,'2019-03-14 12:03:26.193276','15364018','15364018 徐佳宛',1,'new through import_export',5,'000000'),(165,'2019-03-14 12:03:26.193713','15364021','15364021 姚红珍',1,'new through import_export',5,'000000'),(166,'2019-03-14 12:03:26.194125','16337168','16337168 卢明-',1,'new through import_export',5,'000000'),(167,'2019-03-14 12:03:26.194609','16337312','16337312 张桐瑞',1,'new through import_export',5,'000000'),(168,'2019-03-14 12:03:26.195020','16339032','16339032 卢嘉嘉',1,'new through import_export',5,'000000'),(169,'2019-03-14 12:03:26.195450','16340033','16340033 陈王',1,'new through import_export',5,'000000'),(170,'2019-03-14 12:03:26.195859','16340271','16340271 杨丽君',1,'new through import_export',5,'000000'),(171,'2019-03-14 12:03:26.196279','17340010','17340010 刘莉红',1,'new through import_export',5,'000000'),(172,'2019-03-14 12:03:26.196725','17340012','17340012 任双寅',1,'new through import_export',5,'000000'),(173,'2019-03-14 12:03:26.197199','17340017','17340017 王诗游',1,'new through import_export',5,'000000'),(174,'2019-03-14 12:03:26.197673','17340024','17340024 闫静雅',1,'new through import_export',5,'000000'),(175,'2019-03-14 12:03:26.198090','15331438','15331438 朱高洁',1,'new through import_export',5,'000000'),(176,'2019-03-14 12:03:26.198627','16337061','16337061 冯心怡',1,'new through import_export',5,'000000'),(177,'2019-03-14 12:03:26.199042','17340016','17340016 唐璐瑶',1,'new through import_export',5,'000000'),(178,'2019-03-14 12:03:26.199468','17340019','17340019 王雅君',1,'new through import_export',5,'000000'),(179,'2019-03-14 12:03:26.199879','17340022','17340022 熊书扬',1,'new through import_export',5,'000000'),(180,'2019-03-14 12:03:26.200297','17340008','17340008 李佳黛',1,'new through import_export',5,'000000'),(181,'2019-03-14 12:03:26.200763','17340015','17340015 唐炳鑫',1,'new through import_export',5,'000000'),(182,'2019-03-14 12:03:26.201291','17340002','17340002 冯奕凯',1,'new through import_export',5,'000000'),(183,'2019-03-14 12:03:26.201767','17340006','17340006 黄康睿',1,'new through import_export',5,'000000'),(184,'2019-03-14 12:03:26.202183','17340004','17340004 韩京',1,'new through import_export',5,'000000'),(185,'2019-03-14 12:03:26.202694','18339002','18339002 陈家博',1,'new through import_export',5,'000000'),(186,'2019-03-14 12:03:26.203112','18339010','18339010 李优',1,'new through import_export',5,'000000'),(187,'2019-03-14 12:03:26.203541','16363015','16363015 彭威',1,'new through import_export',5,'000000'),(188,'2019-03-14 12:03:26.203977','18339025','18339025 张一准',1,'new through import_export',5,'000000'),(189,'2019-03-14 12:03:26.204417','18339008','18339008 李小曼',1,'new through import_export',5,'000000');
/*!40000 ALTER TABLE `django_admin_log` ENABLE KEYS */;
UNLOCK TABLES;

--
-- Table structure for table `django_content_type`
--

DROP TABLE IF EXISTS `django_content_type`;
/*!40101 SET @saved_cs_client     = @@character_set_client */;
/*!40101 SET character_set_client = utf8 */;
CREATE TABLE `django_content_type` (
  `id` int(11) NOT NULL AUTO_INCREMENT,
  `app_label` varchar(100) NOT NULL,
  `model` varchar(100) NOT NULL,
  PRIMARY KEY (`id`),
  UNIQUE KEY `django_content_type_app_label_model_76bd3d3b_uniq` (`app_label`,`model`)
) ENGINE=InnoDB AUTO_INCREMENT=19 DEFAULT CHARSET=utf8;
/*!40101 SET character_set_client = @saved_cs_client */;

--
-- Dumping data for table `django_content_type`
--

LOCK TABLES `django_content_type` WRITE;
/*!40000 ALTER TABLE `django_content_type` DISABLE KEYS */;
INSERT INTO `django_content_type` VALUES (10,'admin','logentry'),(12,'auth','group'),(11,'auth','permission'),(13,'contenttypes','contenttype'),(2,'info','application'),(3,'info','branch'),(4,'info','dependency'),(5,'info','member'),(6,'info','school'),(14,'sessions','session'),(7,'teaching','activity'),(8,'teaching','sharing'),(9,'teaching','takepartin'),(1,'user','user'),(15,'xadmin','bookmark'),(18,'xadmin','log'),(16,'xadmin','usersettings'),(17,'xadmin','userwidget');
/*!40000 ALTER TABLE `django_content_type` ENABLE KEYS */;
UNLOCK TABLES;

--
-- Table structure for table `django_migrations`
--

DROP TABLE IF EXISTS `django_migrations`;
/*!40101 SET @saved_cs_client     = @@character_set_client */;
/*!40101 SET character_set_client = utf8 */;
CREATE TABLE `django_migrations` (
  `id` int(11) NOT NULL AUTO_INCREMENT,
  `app` varchar(255) NOT NULL,
  `name` varchar(255) NOT NULL,
  `applied` datetime(6) NOT NULL,
  PRIMARY KEY (`id`)
) ENGINE=InnoDB AUTO_INCREMENT=22 DEFAULT CHARSET=utf8;
/*!40101 SET character_set_client = @saved_cs_client */;

--
-- Dumping data for table `django_migrations`
--

LOCK TABLES `django_migrations` WRITE;
/*!40000 ALTER TABLE `django_migrations` DISABLE KEYS */;
INSERT INTO `django_migrations` VALUES (1,'contenttypes','0001_initial','2019-03-14 15:03:14.183826'),(2,'contenttypes','0002_remove_content_type_name','2019-03-14 15:03:14.275862'),(3,'auth','0001_initial','2019-03-14 15:03:14.557722'),(4,'auth','0002_alter_permission_name_max_length','2019-03-14 15:03:14.630390'),(5,'auth','0003_alter_user_email_max_length','2019-03-14 15:03:14.639427'),(6,'auth','0004_alter_user_username_opts','2019-03-14 15:03:14.650476'),(7,'auth','0005_alter_user_last_login_null','2019-03-14 15:03:14.660684'),(8,'auth','0006_require_contenttypes_0002','2019-03-14 15:03:14.665386'),(9,'auth','0007_alter_validators_add_error_messages','2019-03-14 15:03:14.683732'),(10,'auth','0008_alter_user_username_max_length','2019-03-14 15:03:14.695104'),(11,'auth','0009_alter_user_last_name_max_length','2019-03-14 15:03:14.706079'),(12,'user','0001_initial','2019-03-14 15:03:15.134172'),(13,'admin','0001_initial','2019-03-14 15:03:15.271381'),(14,'admin','0002_logentry_remove_auto_add','2019-03-14 15:03:15.287600'),(15,'admin','0003_logentry_add_action_flag_choices','2019-03-14 15:03:15.304512'),(16,'info','0001_initial','2019-03-14 15:03:15.613541'),(17,'sessions','0001_initial','2019-03-14 15:03:15.656126'),(18,'teaching','0001_initial','2019-03-14 15:03:16.077252'),(19,'xadmin','0001_initial','2019-03-14 15:03:16.341350'),(20,'xadmin','0002_log','2019-03-14 15:03:16.483504'),(21,'xadmin','0003_auto_20160715_0100','2019-03-14 15:03:16.547132');
/*!40000 ALTER TABLE `django_migrations` ENABLE KEYS */;
UNLOCK TABLES;

--
-- Table structure for table `django_session`
--

DROP TABLE IF EXISTS `django_session`;
/*!40101 SET @saved_cs_client     = @@character_set_client */;
/*!40101 SET character_set_client = utf8 */;
CREATE TABLE `django_session` (
  `session_key` varchar(40) NOT NULL,
  `session_data` longtext NOT NULL,
  `expire_date` datetime(6) NOT NULL,
  PRIMARY KEY (`session_key`),
  KEY `django_session_expire_date_a5c62663` (`expire_date`)
) ENGINE=InnoDB DEFAULT CHARSET=utf8;
/*!40101 SET character_set_client = @saved_cs_client */;

--
-- Dumping data for table `django_session`
--

LOCK TABLES `django_session` WRITE;
/*!40000 ALTER TABLE `django_session` DISABLE KEYS */;
INSERT INTO `django_session` VALUES ('0dm05uesagvutm8ytutsljo37mvetqaa','YTI2NjEzM2E1OWM0MDZhMDc5NWQ3MGIwZWVkNmI4NjRkNTk3NDU5Mzp7Il9hdXRoX3VzZXJfaWQiOiIxNjMzNzExMyIsIl9hdXRoX3VzZXJfYmFja2VuZCI6ImRqYW5nby5jb250cmliLmF1dGguYmFja2VuZHMuTW9kZWxCYWNrZW5kIiwiX2F1dGhfdXNlcl9oYXNoIjoiZmY1Y2RjMGRjOTQxM2MzYmQyNzZhMDg2N2Q0YzBkMzFmNmI4ZGNkOSIsIm5hdl9tZW51IjoiW3tcInRpdGxlXCI6IFwiXHU1MTVhXHU1NDU4XHU1M2QxXHU1YzU1XCIsIFwibWVudXNcIjogW3tcInRpdGxlXCI6IFwiXHU1MTVhXHU2NTJmXHU5MGU4XCIsIFwidXJsXCI6IFwiL2luZm8vYnJhbmNoL1wiLCBcImljb25cIjogXCJmYSBmYS1mbGFnXCIsIFwib3JkZXJcIjogN30sIHtcInRpdGxlXCI6IFwiXHU2MjEwXHU1NDU4XHU0ZmUxXHU2MDZmXCIsIFwidXJsXCI6IFwiL2luZm8vbWVtYmVyL1wiLCBcImljb25cIjogXCJmYSBmYS1pbmZvXCIsIFwib3JkZXJcIjogOH0sIHtcInRpdGxlXCI6IFwiXHU1M2QxXHU1YzU1XHU2ZDQxXHU3YTBiXHU0ZjlkXHU4ZDU2XCIsIFwidXJsXCI6IFwiL2luZm8vZGVwZW5kZW5jeS9cIiwgXCJpY29uXCI6IFwiZmEgZmEtYW5nbGUtZG91YmxlLXJpZ2h0XCIsIFwib3JkZXJcIjogOX1dLCBcImZpcnN0X2ljb25cIjogXCJmYSBmYS11bml2ZXJzaXR5XCIsIFwiZmlyc3RfdXJsXCI6IFwiL2luZm8vc2Nob29sL1wifSwge1widGl0bGVcIjogXCJcdTUxNWFcdTU0NThcdTY1NTlcdTgwYjJcIiwgXCJtZW51c1wiOiBbe1widGl0bGVcIjogXCJcdTRmMWFcdThiYWUvXHU2ZDNiXHU1MmE4XCIsIFwidXJsXCI6IFwiL3RlYWNoaW5nL2FjdGl2aXR5L1wiLCBcImljb25cIjogXCJmYSBmYS11c2Vyc1wiLCBcIm9yZGVyXCI6IDEwfSwge1widGl0bGVcIjogXCJcdTViNjZcdTY1ZjZcdTdlZGZcdThiYTFcIiwgXCJ1cmxcIjogXCIvdGVhY2hpbmcvdGFrZXBhcnRpbi9cIiwgXCJpY29uXCI6IFwiZmEgZmEtYmFyLWNoYXJ0XCIsIFwib3JkZXJcIjogMTF9LCB7XCJ0aXRsZVwiOiBcIlx1NWI2Nlx1NGU2MFx1NjI1M1x1NTM2MVwiLCBcInVybFwiOiBcIi90ZWFjaGluZy9zaGFyaW5nL1wiLCBcImljb25cIjogXCJmYSBmYS1ib29rXCIsIFwib3JkZXJcIjogMTJ9XSwgXCJmaXJzdF9pY29uXCI6IFwiZmEgZmEtdXNlcnNcIiwgXCJmaXJzdF91cmxcIjogXCIvdGVhY2hpbmcvYWN0aXZpdHkvXCJ9LCB7XCJ0aXRsZVwiOiBcIlx1NzUyOFx1NjIzN1wiLCBcIm1lbnVzXCI6IFt7XCJ0aXRsZVwiOiBcIlx1NjIxMVx1NzY4NFx1OGQyNlx1NTNmN1wiLCBcInVybFwiOiBcIi91c2VyL3VzZXIvXCIsIFwiaWNvblwiOiBcImZhIGZhLXZjYXJkXCIsIFwib3JkZXJcIjogNX1dLCBcImZpcnN0X2ljb25cIjogXCJmYSBmYS12Y2FyZFwiLCBcImZpcnN0X3VybFwiOiBcIi91c2VyL3VzZXIvXCJ9XSIsIkxJU1RfUVVFUlkiOltbImluZm8iLCJtZW1iZXIiXSwiIl19','2019-03-24 13:48:21.340857'),('0hcwkubtvtt0l2ncga76lmslac0njtc0','ZGJlODVkNTNiODAzMTkwN2VhMGRkNjIzNWNiZmJlMTBjNGI2MTdjYzp7Il9hdXRoX3VzZXJfaWQiOiIxNjMzNzE5MSIsIl9hdXRoX3VzZXJfYmFja2VuZCI6ImRqYW5nby5jb250cmliLmF1dGguYmFja2VuZHMuTW9kZWxCYWNrZW5kIiwiX2F1dGhfdXNlcl9oYXNoIjoiZmI5MjhjMTVlYmU3ZWY0Y2MyYmI2NzI0NDRlNTNmYWNiYzQ4NGUzOCIsIm5hdl9tZW51IjoiW3tcInRpdGxlXCI6IFwiXHU1MTVhXHU1NDU4XHU1M2QxXHU1YzU1XCIsIFwibWVudXNcIjogW3tcInRpdGxlXCI6IFwiXHU2MjEwXHU1NDU4XHU0ZmUxXHU2MDZmXCIsIFwidXJsXCI6IFwiL2luZm8vbWVtYmVyL1wiLCBcImljb25cIjogXCJmYSBmYS1pbmZvXCIsIFwib3JkZXJcIjogOX1dLCBcImZpcnN0X2ljb25cIjogXCJmYSBmYS11bml2ZXJzaXR5XCIsIFwiZmlyc3RfdXJsXCI6IFwiL2luZm8vc2Nob29sL1wifSwge1widGl0bGVcIjogXCJcdTUxNWFcdTU0NThcdTY1NTlcdTgwYjJcIiwgXCJtZW51c1wiOiBbe1widGl0bGVcIjogXCJcdTRmMWFcdThiYWUvXHU2ZDNiXHU1MmE4XCIsIFwidXJsXCI6IFwiL3RlYWNoaW5nL2FjdGl2aXR5L1wiLCBcImljb25cIjogXCJmYSBmYS11c2Vyc1wiLCBcIm9yZGVyXCI6IDEwfSwge1widGl0bGVcIjogXCJcdTViNjZcdTY1ZjZcdTdlZGZcdThiYTFcIiwgXCJ1cmxcIjogXCIvdGVhY2hpbmcvdGFrZXBhcnRpbi9cIiwgXCJpY29uXCI6IFwiZmEgZmEtYmFyLWNoYXJ0XCIsIFwib3JkZXJcIjogMTF9XSwgXCJmaXJzdF9pY29uXCI6IFwiZmEgZmEtdXNlcnNcIiwgXCJmaXJzdF91cmxcIjogXCIvdGVhY2hpbmcvYWN0aXZpdHkvXCJ9LCB7XCJ0aXRsZVwiOiBcIlx1NzUyOFx1NjIzN1wiLCBcIm1lbnVzXCI6IFt7XCJ0aXRsZVwiOiBcIlx1NjIxMVx1NzY4NFx1OGQyNlx1NTNmN1wiLCBcInVybFwiOiBcIi91c2VyL3VzZXIvXCIsIFwiaWNvblwiOiBcImZhIGZhLXZjYXJkXCIsIFwib3JkZXJcIjogNX1dLCBcImZpcnN0X2ljb25cIjogXCJmYSBmYS12Y2FyZFwiLCBcImZpcnN0X3VybFwiOiBcIi91c2VyL3VzZXIvXCJ9XSIsIndpemFyZF9pbmZvbWVtYmVyX2FkbWluX3dpemFyZF9mb3JtX3BsdWdpbiI6eyJzdGVwIjoiXHU1N2ZhXHU2NzJjXHU0ZmUxXHU2MDZmIiwic3RlcF9kYXRhIjp7fSwic3RlcF9maWxlcyI6e30sImV4dHJhX2RhdGEiOnt9fSwiTElTVF9RVUVSWSI6W1siaW5mbyIsIm1lbWJlciJdLCJfY29scz1uZXRpZC5uYW1lLmJpcnRoX2RhdGUuZ2VuZGVyLmdyb3VwLmZhbWlseV9hZGRyZXNzLnBob25lX251bWJlci5tYWpvcl9pbi55b3V0aF9sZWFndWVfZGF0ZSJdfQ==','2019-03-05 01:58:24.536029'),('1aoi8wsomaa1o42r1un0jbvzewy4ib4f','NjhiMTk1MmIzYWUxNmZmMmVmN2RmMjJkOTVjNTZhYjY1MWMzNjc4NTp7Il9hdXRoX3VzZXJfaWQiOiIxNjMzNzA5OCIsIl9hdXRoX3VzZXJfYmFja2VuZCI6ImRqYW5nby5jb250cmliLmF1dGguYmFja2VuZHMuTW9kZWxCYWNrZW5kIiwiX2F1dGhfdXNlcl9oYXNoIjoiY2I4ZTQzN2M2NjUyYjQ2NWMwNWIyZWRlOGY2ZjBkMDAxNDA5MmQ4OCIsIm5hdl9tZW51IjoiW3tcInRpdGxlXCI6IFwiXHU1MTVhXHU1NDU4XHU1M2QxXHU1YzU1XCIsIFwibWVudXNcIjogW3tcInRpdGxlXCI6IFwiXHU2MjEwXHU1NDU4XHU0ZmUxXHU2MDZmXCIsIFwidXJsXCI6IFwiL2luZm8vbWVtYmVyL1wiLCBcImljb25cIjogXCJmYSBmYS1pbmZvXCIsIFwib3JkZXJcIjogOX1dLCBcImZpcnN0X2ljb25cIjogXCJmYSBmYS11bml2ZXJzaXR5XCIsIFwiZmlyc3RfdXJsXCI6IFwiL2luZm8vc2Nob29sL1wifSwge1widGl0bGVcIjogXCJcdTUxNWFcdTU0NThcdTY1NTlcdTgwYjJcIiwgXCJtZW51c1wiOiBbe1widGl0bGVcIjogXCJcdTRmMWFcdThiYWUvXHU2ZDNiXHU1MmE4XCIsIFwidXJsXCI6IFwiL3RlYWNoaW5nL2FjdGl2aXR5L1wiLCBcImljb25cIjogXCJmYSBmYS11c2Vyc1wiLCBcIm9yZGVyXCI6IDEwfSwge1widGl0bGVcIjogXCJcdTViNjZcdTY1ZjZcdTdlZGZcdThiYTFcIiwgXCJ1cmxcIjogXCIvdGVhY2hpbmcvdGFrZXBhcnRpbi9cIiwgXCJpY29uXCI6IFwiZmEgZmEtYmFyLWNoYXJ0XCIsIFwib3JkZXJcIjogMTF9XSwgXCJmaXJzdF9pY29uXCI6IFwiZmEgZmEtdXNlcnNcIiwgXCJmaXJzdF91cmxcIjogXCIvdGVhY2hpbmcvYWN0aXZpdHkvXCJ9LCB7XCJ0aXRsZVwiOiBcIlx1NzUyOFx1NjIzN1wiLCBcIm1lbnVzXCI6IFt7XCJ0aXRsZVwiOiBcIlx1NjIxMVx1NzY4NFx1OGQyNlx1NTNmN1wiLCBcInVybFwiOiBcIi91c2VyL3VzZXIvXCIsIFwiaWNvblwiOiBcImZhIGZhLXZjYXJkXCIsIFwib3JkZXJcIjogNX1dLCBcImZpcnN0X2ljb25cIjogXCJmYSBmYS12Y2FyZFwiLCBcImZpcnN0X3VybFwiOiBcIi91c2VyL3VzZXIvXCJ9XSIsIndpemFyZF9pbmZvbWVtYmVyX2FkbWluX3dpemFyZF9mb3JtX3BsdWdpbiI6eyJzdGVwIjoiXHU1N2ZhXHU2NzJjXHU0ZmUxXHU2MDZmIiwic3RlcF9kYXRhIjp7fSwic3RlcF9maWxlcyI6e30sImV4dHJhX2RhdGEiOnt9fSwiTElTVF9RVUVSWSI6W1siaW5mbyIsIm1lbWJlciJdLCJfY29scz1uZXRpZC5uYW1lLmJpcnRoX2RhdGUuZ2VuZGVyLmdyb3VwLmZhbWlseV9hZGRyZXNzLnBob25lX251bWJlci5tYWpvcl9pbi55b3V0aF9sZWFndWVfZGF0ZSJdfQ==','2019-03-03 19:34:46.215479'),('1i4m2smghubwz21twwjzhnm3n31gc6f6','MzVjMGZhOTQzOTdhODFiOTUzOGIyYzNlMjU3YzcxOWQ0OTEyMmI4ODp7Il9hdXRoX3VzZXJfaWQiOiIxNzM0MTA4NyIsIl9hdXRoX3VzZXJfYmFja2VuZCI6ImRqYW5nby5jb250cmliLmF1dGguYmFja2VuZHMuTW9kZWxCYWNrZW5kIiwiX2F1dGhfdXNlcl9oYXNoIjoiZTM4YWQ5ZTVmMDc1MzZiYzZiZDBmNGI3MGQ4YzFiYTI1NmY3Mzc3OSIsIm5hdl9tZW51IjoiW3tcInRpdGxlXCI6IFwiXHU1MTVhXHU1NDU4XHU1M2QxXHU1YzU1XCIsIFwibWVudXNcIjogW3tcInRpdGxlXCI6IFwiXHU2MjEwXHU1NDU4XHU0ZmUxXHU2MDZmXCIsIFwidXJsXCI6IFwiL2luZm8vbWVtYmVyL1wiLCBcImljb25cIjogXCJmYSBmYS1pbmZvXCIsIFwib3JkZXJcIjogOX1dLCBcImZpcnN0X2ljb25cIjogXCJmYSBmYS11bml2ZXJzaXR5XCIsIFwiZmlyc3RfdXJsXCI6IFwiL2luZm8vc2Nob29sL1wifSwge1widGl0bGVcIjogXCJcdTUxNWFcdTU0NThcdTY1NTlcdTgwYjJcIiwgXCJtZW51c1wiOiBbe1widGl0bGVcIjogXCJcdTRmMWFcdThiYWUvXHU2ZDNiXHU1MmE4XCIsIFwidXJsXCI6IFwiL3RlYWNoaW5nL2FjdGl2aXR5L1wiLCBcImljb25cIjogXCJmYSBmYS11c2Vyc1wiLCBcIm9yZGVyXCI6IDEwfSwge1widGl0bGVcIjogXCJcdTViNjZcdTY1ZjZcdTdlZGZcdThiYTFcIiwgXCJ1cmxcIjogXCIvdGVhY2hpbmcvdGFrZXBhcnRpbi9cIiwgXCJpY29uXCI6IFwiZmEgZmEtYmFyLWNoYXJ0XCIsIFwib3JkZXJcIjogMTF9XSwgXCJmaXJzdF9pY29uXCI6IFwiZmEgZmEtdXNlcnNcIiwgXCJmaXJzdF91cmxcIjogXCIvdGVhY2hpbmcvYWN0aXZpdHkvXCJ9LCB7XCJ0aXRsZVwiOiBcIlx1NzUyOFx1NjIzN1wiLCBcIm1lbnVzXCI6IFt7XCJ0aXRsZVwiOiBcIlx1NjIxMVx1NzY4NFx1OGQyNlx1NTNmN1wiLCBcInVybFwiOiBcIi91c2VyL3VzZXIvXCIsIFwiaWNvblwiOiBcImZhIGZhLXZjYXJkXCIsIFwib3JkZXJcIjogNX1dLCBcImZpcnN0X2ljb25cIjogXCJmYSBmYS12Y2FyZFwiLCBcImZpcnN0X3VybFwiOiBcIi91c2VyL3VzZXIvXCJ9XSIsIndpemFyZF9pbmZvbWVtYmVyX2FkbWluX3dpemFyZF9mb3JtX3BsdWdpbiI6eyJzdGVwIjoiXHU1N2ZhXHU2NzJjXHU0ZmUxXHU2MDZmIiwic3RlcF9kYXRhIjp7fSwic3RlcF9maWxlcyI6e30sImV4dHJhX2RhdGEiOnt9fSwiTElTVF9RVUVSWSI6W1siaW5mbyIsIm1lbWJlciJdLCIiXX0=','2019-03-04 21:01:56.282340'),('2eo1giet5l4nn0tgpjndhterkjvcnlr1','M2M1MjlhYzc0YmU5ZTViZmFhN2Q1ZDhlNTYyN2QxOGQzOTFhYTdmNTp7Il9hdXRoX3VzZXJfaWQiOiIxNTMzNjEyMSIsIl9hdXRoX3VzZXJfYmFja2VuZCI6ImRqYW5nby5jb250cmliLmF1dGguYmFja2VuZHMuTW9kZWxCYWNrZW5kIiwiX2F1dGhfdXNlcl9oYXNoIjoiZDBkMjc3Y2E0N2FiYjlhZmYzNWU2NGJiMjQ0MWNmZGZlMmYwMmRhNSIsIm5hdl9tZW51IjoiW3tcInRpdGxlXCI6IFwiXHU1MTVhXHU1NDU4XHU1M2QxXHU1YzU1XCIsIFwibWVudXNcIjogW3tcInRpdGxlXCI6IFwiXHU2MjEwXHU1NDU4XHU0ZmUxXHU2MDZmXCIsIFwidXJsXCI6IFwiL2luZm8vbWVtYmVyL1wiLCBcImljb25cIjogXCJmYSBmYS1pbmZvXCIsIFwib3JkZXJcIjogOH1dLCBcImZpcnN0X2ljb25cIjogXCJmYSBmYS11bml2ZXJzaXR5XCIsIFwiZmlyc3RfdXJsXCI6IFwiL2luZm8vc2Nob29sL1wifSwge1widGl0bGVcIjogXCJcdTUxNWFcdTU0NThcdTY1NTlcdTgwYjJcIiwgXCJtZW51c1wiOiBbe1widGl0bGVcIjogXCJcdTRmMWFcdThiYWUvXHU2ZDNiXHU1MmE4XCIsIFwidXJsXCI6IFwiL3RlYWNoaW5nL2FjdGl2aXR5L1wiLCBcImljb25cIjogXCJmYSBmYS11c2Vyc1wiLCBcIm9yZGVyXCI6IDEwfSwge1widGl0bGVcIjogXCJcdTViNjZcdTY1ZjZcdTdlZGZcdThiYTFcIiwgXCJ1cmxcIjogXCIvdGVhY2hpbmcvdGFrZXBhcnRpbi9cIiwgXCJpY29uXCI6IFwiZmEgZmEtYmFyLWNoYXJ0XCIsIFwib3JkZXJcIjogMTF9LCB7XCJ0aXRsZVwiOiBcIlx1NWI2Nlx1NGU2MFx1NjI1M1x1NTM2MVwiLCBcInVybFwiOiBcIi90ZWFjaGluZy9zaGFyaW5nL1wiLCBcImljb25cIjogXCJmYSBmYS1ib29rXCIsIFwib3JkZXJcIjogMTJ9XSwgXCJmaXJzdF9pY29uXCI6IFwiZmEgZmEtdXNlcnNcIiwgXCJmaXJzdF91cmxcIjogXCIvdGVhY2hpbmcvYWN0aXZpdHkvXCJ9LCB7XCJ0aXRsZVwiOiBcIlx1NzUyOFx1NjIzN1wiLCBcIm1lbnVzXCI6IFt7XCJ0aXRsZVwiOiBcIlx1NjIxMVx1NzY4NFx1OGQyNlx1NTNmN1wiLCBcInVybFwiOiBcIi91c2VyL3VzZXIvXCIsIFwiaWNvblwiOiBcImZhIGZhLXZjYXJkXCIsIFwib3JkZXJcIjogNX1dLCBcImZpcnN0X2ljb25cIjogXCJmYSBmYS12Y2FyZFwiLCBcImZpcnN0X3VybFwiOiBcIi91c2VyL3VzZXIvXCJ9XSIsIkxJU1RfUVVFUlkiOltbInRlYWNoaW5nIiwidGFrZXBhcnRpbiJdLCIiXX0=','2019-03-27 21:42:55.319589'),('2ep1b3irdsa2d4omw05tshmo5l4xf32b','MDU3ZTFlNTNjMTQxZjkwOTBhZTRiMWQ0Zjc4Y2Y5NjAzZDM3MmQ5Zjp7Il9hdXRoX3VzZXJfaWQiOiIxNjMzNzA3MSIsIl9hdXRoX3VzZXJfYmFja2VuZCI6ImRqYW5nby5jb250cmliLmF1dGguYmFja2VuZHMuTW9kZWxCYWNrZW5kIiwiX2F1dGhfdXNlcl9oYXNoIjoiNDQ0MWNiZTBmNTQzMTMzNzc5NjM1ZTZiNWQ1NzA1ZWFlMTE0ZjI5MSIsIm5hdl9tZW51IjoiW3tcInRpdGxlXCI6IFwiXHU1MTVhXHU1NDU4XHU1M2QxXHU1YzU1XCIsIFwibWVudXNcIjogW3tcInRpdGxlXCI6IFwiXHU2MjEwXHU1NDU4XHU0ZmUxXHU2MDZmXCIsIFwidXJsXCI6IFwiL2luZm8vbWVtYmVyL1wiLCBcImljb25cIjogXCJmYSBmYS1pbmZvXCIsIFwib3JkZXJcIjogOH1dLCBcImZpcnN0X2ljb25cIjogXCJmYSBmYS11bml2ZXJzaXR5XCIsIFwiZmlyc3RfdXJsXCI6IFwiL2luZm8vc2Nob29sL1wifSwge1widGl0bGVcIjogXCJcdTUxNWFcdTU0NThcdTY1NTlcdTgwYjJcIiwgXCJtZW51c1wiOiBbe1widGl0bGVcIjogXCJcdTRmMWFcdThiYWUvXHU2ZDNiXHU1MmE4XCIsIFwidXJsXCI6IFwiL3RlYWNoaW5nL2FjdGl2aXR5L1wiLCBcImljb25cIjogXCJmYSBmYS11c2Vyc1wiLCBcIm9yZGVyXCI6IDEwfSwge1widGl0bGVcIjogXCJcdTViNjZcdTY1ZjZcdTdlZGZcdThiYTFcIiwgXCJ1cmxcIjogXCIvdGVhY2hpbmcvdGFrZXBhcnRpbi9cIiwgXCJpY29uXCI6IFwiZmEgZmEtYmFyLWNoYXJ0XCIsIFwib3JkZXJcIjogMTF9LCB7XCJ0aXRsZVwiOiBcIlx1NWI2Nlx1NGU2MFx1NjI1M1x1NTM2MVwiLCBcInVybFwiOiBcIi90ZWFjaGluZy9zaGFyaW5nL1wiLCBcImljb25cIjogXCJmYSBmYS1ib29rXCIsIFwib3JkZXJcIjogMTJ9XSwgXCJmaXJzdF9pY29uXCI6IFwiZmEgZmEtdXNlcnNcIiwgXCJmaXJzdF91cmxcIjogXCIvdGVhY2hpbmcvYWN0aXZpdHkvXCJ9LCB7XCJ0aXRsZVwiOiBcIlx1NzUyOFx1NjIzN1wiLCBcIm1lbnVzXCI6IFt7XCJ0aXRsZVwiOiBcIlx1NjIxMVx1NzY4NFx1OGQyNlx1NTNmN1wiLCBcInVybFwiOiBcIi91c2VyL3VzZXIvXCIsIFwiaWNvblwiOiBcImZhIGZhLXZjYXJkXCIsIFwib3JkZXJcIjogNX1dLCBcImZpcnN0X2ljb25cIjogXCJmYSBmYS12Y2FyZFwiLCBcImZpcnN0X3VybFwiOiBcIi91c2VyL3VzZXIvXCJ9XSIsIkxJU1RfUVVFUlkiOltbImluZm8iLCJtZW1iZXIiXSwiIl19','2019-03-27 21:37:15.958939'),('2sz7xiugvauy6tvmg4y46qab2b4x4yxu','YWY5NjYxOWFhZTVjNjg1ZWEwMzgxMzY0OTE2ZDNlMjQwYmI0Y2Y5ZTp7Il9hdXRoX3VzZXJfaWQiOiIxNzM0MTA5NyIsIl9hdXRoX3VzZXJfYmFja2VuZCI6ImRqYW5nby5jb250cmliLmF1dGguYmFja2VuZHMuTW9kZWxCYWNrZW5kIiwiX2F1dGhfdXNlcl9oYXNoIjoiYmQyYjUyMjJkMTllNDRhNjViNjYwZjdhZGQ3Zjg1OTRhMmU4NDNkOSIsIm5hdl9tZW51IjoiW3tcInRpdGxlXCI6IFwiXHU1MTVhXHU1NDU4XHU1M2QxXHU1YzU1XCIsIFwibWVudXNcIjogW3tcInRpdGxlXCI6IFwiXHU2MjEwXHU1NDU4XHU0ZmUxXHU2MDZmXCIsIFwidXJsXCI6IFwiL2luZm8vbWVtYmVyL1wiLCBcImljb25cIjogXCJmYSBmYS1pbmZvXCIsIFwib3JkZXJcIjogOH1dLCBcImZpcnN0X2ljb25cIjogXCJmYSBmYS11bml2ZXJzaXR5XCIsIFwiZmlyc3RfdXJsXCI6IFwiL2luZm8vc2Nob29sL1wifSwge1widGl0bGVcIjogXCJcdTUxNWFcdTU0NThcdTY1NTlcdTgwYjJcIiwgXCJtZW51c1wiOiBbe1widGl0bGVcIjogXCJcdTRmMWFcdThiYWUvXHU2ZDNiXHU1MmE4XCIsIFwidXJsXCI6IFwiL3RlYWNoaW5nL2FjdGl2aXR5L1wiLCBcImljb25cIjogXCJmYSBmYS11c2Vyc1wiLCBcIm9yZGVyXCI6IDEwfSwge1widGl0bGVcIjogXCJcdTViNjZcdTY1ZjZcdTdlZGZcdThiYTFcIiwgXCJ1cmxcIjogXCIvdGVhY2hpbmcvdGFrZXBhcnRpbi9cIiwgXCJpY29uXCI6IFwiZmEgZmEtYmFyLWNoYXJ0XCIsIFwib3JkZXJcIjogMTF9LCB7XCJ0aXRsZVwiOiBcIlx1NWI2Nlx1NGU2MFx1NjI1M1x1NTM2MVwiLCBcInVybFwiOiBcIi90ZWFjaGluZy9zaGFyaW5nL1wiLCBcImljb25cIjogbnVsbCwgXCJvcmRlclwiOiAxMn1dLCBcImZpcnN0X2ljb25cIjogXCJmYSBmYS11c2Vyc1wiLCBcImZpcnN0X3VybFwiOiBcIi90ZWFjaGluZy9hY3Rpdml0eS9cIn0sIHtcInRpdGxlXCI6IFwiXHU3NTI4XHU2MjM3XCIsIFwibWVudXNcIjogW3tcInRpdGxlXCI6IFwiXHU2MjExXHU3Njg0XHU4ZDI2XHU1M2Y3XCIsIFwidXJsXCI6IFwiL3VzZXIvdXNlci9cIiwgXCJpY29uXCI6IFwiZmEgZmEtdmNhcmRcIiwgXCJvcmRlclwiOiA1fV0sIFwiZmlyc3RfaWNvblwiOiBcImZhIGZhLXZjYXJkXCIsIFwiZmlyc3RfdXJsXCI6IFwiL3VzZXIvdXNlci9cIn1dIiwiTElTVF9RVUVSWSI6W1sidGVhY2hpbmciLCJzaGFyaW5nIl0sInA9MCJdfQ==','2019-03-18 19:33:12.047558'),('2u7yyaabraiu2kbvlx593pt7mvr0ljid','NDIxMWY1NDU0NzVkMjAwMzFhNDcwNWUzYzFjM2Y2NDc5MzdiMTRjNTp7Il9hdXRoX3VzZXJfaWQiOiIxODM0MDA3NiIsIl9hdXRoX3VzZXJfYmFja2VuZCI6ImRqYW5nby5jb250cmliLmF1dGguYmFja2VuZHMuTW9kZWxCYWNrZW5kIiwiX2F1dGhfdXNlcl9oYXNoIjoiZTg4MmNhYTQzYTJiNmFjNzMxMzE4M2RhODQyM2EyOWU1Yjk4YTA5NyIsIm5hdl9tZW51IjoiW3tcInRpdGxlXCI6IFwiXHU1MTVhXHU1NDU4XHU1M2QxXHU1YzU1XCIsIFwibWVudXNcIjogW3tcInRpdGxlXCI6IFwiXHU2MjEwXHU1NDU4XHU0ZmUxXHU2MDZmXCIsIFwidXJsXCI6IFwiL2luZm8vbWVtYmVyL1wiLCBcImljb25cIjogXCJmYSBmYS1pbmZvXCIsIFwib3JkZXJcIjogOH1dLCBcImZpcnN0X2ljb25cIjogXCJmYSBmYS11bml2ZXJzaXR5XCIsIFwiZmlyc3RfdXJsXCI6IFwiL2luZm8vc2Nob29sL1wifSwge1widGl0bGVcIjogXCJcdTUxNWFcdTU0NThcdTY1NTlcdTgwYjJcIiwgXCJtZW51c1wiOiBbe1widGl0bGVcIjogXCJcdTRmMWFcdThiYWUvXHU2ZDNiXHU1MmE4XCIsIFwidXJsXCI6IFwiL3RlYWNoaW5nL2FjdGl2aXR5L1wiLCBcImljb25cIjogXCJmYSBmYS11c2Vyc1wiLCBcIm9yZGVyXCI6IDEwfSwge1widGl0bGVcIjogXCJcdTViNjZcdTY1ZjZcdTdlZGZcdThiYTFcIiwgXCJ1cmxcIjogXCIvdGVhY2hpbmcvdGFrZXBhcnRpbi9cIiwgXCJpY29uXCI6IFwiZmEgZmEtYmFyLWNoYXJ0XCIsIFwib3JkZXJcIjogMTF9XSwgXCJmaXJzdF9pY29uXCI6IFwiZmEgZmEtdXNlcnNcIiwgXCJmaXJzdF91cmxcIjogXCIvdGVhY2hpbmcvYWN0aXZpdHkvXCJ9LCB7XCJ0aXRsZVwiOiBcIlx1NzUyOFx1NjIzN1wiLCBcIm1lbnVzXCI6IFt7XCJ0aXRsZVwiOiBcIlx1NjIxMVx1NzY4NFx1OGQyNlx1NTNmN1wiLCBcInVybFwiOiBcIi91c2VyL3VzZXIvXCIsIFwiaWNvblwiOiBcImZhIGZhLXZjYXJkXCIsIFwib3JkZXJcIjogNX1dLCBcImZpcnN0X2ljb25cIjogXCJmYSBmYS12Y2FyZFwiLCBcImZpcnN0X3VybFwiOiBcIi91c2VyL3VzZXIvXCJ9XSJ9','2019-03-11 19:18:26.581599'),('3vxecv4wpzotaongzsjwce2udimzr3sf','NDVjMjBkMTY4Mjk3OWZkNGRjNmZiNGQ5ODI0ZjQyNmYwZDdlZWVlZjp7Il9hdXRoX3VzZXJfaWQiOiIxNjMzNzEwOSIsIl9hdXRoX3VzZXJfYmFja2VuZCI6ImRqYW5nby5jb250cmliLmF1dGguYmFja2VuZHMuTW9kZWxCYWNrZW5kIiwiX2F1dGhfdXNlcl9oYXNoIjoiMmQ5ZDhhNTQxNjM5NmI4Y2VjNjM3NWZlNjUwZjViNDg0N2NkNjU2ZSIsIm5hdl9tZW51IjoiW3tcInRpdGxlXCI6IFwiXHU1MTVhXHU1NDU4XHU1M2QxXHU1YzU1XCIsIFwibWVudXNcIjogW3tcInRpdGxlXCI6IFwiXHU2MjEwXHU1NDU4XHU0ZmUxXHU2MDZmXCIsIFwidXJsXCI6IFwiL2luZm8vbWVtYmVyL1wiLCBcImljb25cIjogXCJmYSBmYS1pbmZvXCIsIFwib3JkZXJcIjogOH1dLCBcImZpcnN0X2ljb25cIjogXCJmYSBmYS11bml2ZXJzaXR5XCIsIFwiZmlyc3RfdXJsXCI6IFwiL2luZm8vc2Nob29sL1wifSwge1widGl0bGVcIjogXCJcdTUxNWFcdTU0NThcdTY1NTlcdTgwYjJcIiwgXCJtZW51c1wiOiBbe1widGl0bGVcIjogXCJcdTRmMWFcdThiYWUvXHU2ZDNiXHU1MmE4XCIsIFwidXJsXCI6IFwiL3RlYWNoaW5nL2FjdGl2aXR5L1wiLCBcImljb25cIjogXCJmYSBmYS11c2Vyc1wiLCBcIm9yZGVyXCI6IDEwfSwge1widGl0bGVcIjogXCJcdTViNjZcdTY1ZjZcdTdlZGZcdThiYTFcIiwgXCJ1cmxcIjogXCIvdGVhY2hpbmcvdGFrZXBhcnRpbi9cIiwgXCJpY29uXCI6IFwiZmEgZmEtYmFyLWNoYXJ0XCIsIFwib3JkZXJcIjogMTF9LCB7XCJ0aXRsZVwiOiBcIlx1NWI2Nlx1NGU2MFx1NWYzYVx1NTZmZFx1NjI1M1x1NTM2MVwiLCBcInVybFwiOiBcIi90ZWFjaGluZy9zaGFyaW5nL1wiLCBcImljb25cIjogbnVsbCwgXCJvcmRlclwiOiAxMn1dLCBcImZpcnN0X2ljb25cIjogXCJmYSBmYS11c2Vyc1wiLCBcImZpcnN0X3VybFwiOiBcIi90ZWFjaGluZy9hY3Rpdml0eS9cIn0sIHtcInRpdGxlXCI6IFwiXHU3NTI4XHU2MjM3XCIsIFwibWVudXNcIjogW3tcInRpdGxlXCI6IFwiXHU2MjExXHU3Njg0XHU4ZDI2XHU1M2Y3XCIsIFwidXJsXCI6IFwiL3VzZXIvdXNlci9cIiwgXCJpY29uXCI6IFwiZmEgZmEtdmNhcmRcIiwgXCJvcmRlclwiOiA1fV0sIFwiZmlyc3RfaWNvblwiOiBcImZhIGZhLXZjYXJkXCIsIFwiZmlyc3RfdXJsXCI6IFwiL3VzZXIvdXNlci9cIn1dIiwiTElTVF9RVUVSWSI6W1sidGVhY2hpbmciLCJ0YWtlcGFydGluIl0sIiJdfQ==','2019-03-15 21:32:48.866351'),('45wfsibokoq01do47y5ogtnpl30qhjj3','Njg1ZTU3MTQyOGM4NjcyYTdiMjM2ZTA0MmQ3YWU1NGFlY2E3OGEyYTp7Il9hdXRoX3VzZXJfaWQiOiIxNjMzNzA3MSIsIl9hdXRoX3VzZXJfYmFja2VuZCI6ImRqYW5nby5jb250cmliLmF1dGguYmFja2VuZHMuTW9kZWxCYWNrZW5kIiwiX2F1dGhfdXNlcl9oYXNoIjoiNDQ0MWNiZTBmNTQzMTMzNzc5NjM1ZTZiNWQ1NzA1ZWFlMTE0ZjI5MSIsIm5hdl9tZW51IjoiW3tcInRpdGxlXCI6IFwiXHU1MTVhXHU1NDU4XHU1M2QxXHU1YzU1XCIsIFwibWVudXNcIjogW3tcInRpdGxlXCI6IFwiXHU2MjEwXHU1NDU4XHU0ZmUxXHU2MDZmXCIsIFwidXJsXCI6IFwiL2luZm8vbWVtYmVyL1wiLCBcImljb25cIjogXCJmYSBmYS1pbmZvXCIsIFwib3JkZXJcIjogOH1dLCBcImZpcnN0X2ljb25cIjogXCJmYSBmYS11bml2ZXJzaXR5XCIsIFwiZmlyc3RfdXJsXCI6IFwiL2luZm8vc2Nob29sL1wifSwge1widGl0bGVcIjogXCJcdTUxNWFcdTU0NThcdTY1NTlcdTgwYjJcIiwgXCJtZW51c1wiOiBbe1widGl0bGVcIjogXCJcdTRmMWFcdThiYWUvXHU2ZDNiXHU1MmE4XCIsIFwidXJsXCI6IFwiL3RlYWNoaW5nL2FjdGl2aXR5L1wiLCBcImljb25cIjogXCJmYSBmYS11c2Vyc1wiLCBcIm9yZGVyXCI6IDEwfSwge1widGl0bGVcIjogXCJcdTViNjZcdTY1ZjZcdTdlZGZcdThiYTFcIiwgXCJ1cmxcIjogXCIvdGVhY2hpbmcvdGFrZXBhcnRpbi9cIiwgXCJpY29uXCI6IFwiZmEgZmEtYmFyLWNoYXJ0XCIsIFwib3JkZXJcIjogMTF9LCB7XCJ0aXRsZVwiOiBcIlx1NWI2Nlx1NGU2MFx1NjI1M1x1NTM2MVwiLCBcInVybFwiOiBcIi90ZWFjaGluZy9zaGFyaW5nL1wiLCBcImljb25cIjogbnVsbCwgXCJvcmRlclwiOiAxMn1dLCBcImZpcnN0X2ljb25cIjogXCJmYSBmYS11c2Vyc1wiLCBcImZpcnN0X3VybFwiOiBcIi90ZWFjaGluZy9hY3Rpdml0eS9cIn0sIHtcInRpdGxlXCI6IFwiXHU3NTI4XHU2MjM3XCIsIFwibWVudXNcIjogW3tcInRpdGxlXCI6IFwiXHU2MjExXHU3Njg0XHU4ZDI2XHU1M2Y3XCIsIFwidXJsXCI6IFwiL3VzZXIvdXNlci9cIiwgXCJpY29uXCI6IFwiZmEgZmEtdmNhcmRcIiwgXCJvcmRlclwiOiA1fV0sIFwiZmlyc3RfaWNvblwiOiBcImZhIGZhLXZjYXJkXCIsIFwiZmlyc3RfdXJsXCI6IFwiL3VzZXIvdXNlci9cIn1dIiwiTElTVF9RVUVSWSI6W1sidGVhY2hpbmciLCJhY3Rpdml0eSJdLCIiXX0=','2019-03-22 20:04:23.001434'),('4h5cge6ozuuvwczquobjbd9rpdiwsst0','YTk3N2ZkZmRlZWUwYzg1MmIxMDIzOWZlYjQ4MDM1NWQ2NGNkYmNlYzp7Il9hdXRoX3VzZXJfaWQiOiIxNzM0MTA2MSIsIl9hdXRoX3VzZXJfYmFja2VuZCI6ImRqYW5nby5jb250cmliLmF1dGguYmFja2VuZHMuTW9kZWxCYWNrZW5kIiwiX2F1dGhfdXNlcl9oYXNoIjoiZjlmM2YyMWI1MTg3MjYyNWU1ZTE4YjhiNDE2MzIzZTIzZWQ3OTQ4NiIsIm5hdl9tZW51IjoiW3tcInRpdGxlXCI6IFwiXHU1MTVhXHU1NDU4XHU1M2QxXHU1YzU1XCIsIFwibWVudXNcIjogW3tcInRpdGxlXCI6IFwiXHU2MjEwXHU1NDU4XHU0ZmUxXHU2MDZmXCIsIFwidXJsXCI6IFwiL2luZm8vbWVtYmVyL1wiLCBcImljb25cIjogXCJmYSBmYS1pbmZvXCIsIFwib3JkZXJcIjogOH1dLCBcImZpcnN0X2ljb25cIjogXCJmYSBmYS11bml2ZXJzaXR5XCIsIFwiZmlyc3RfdXJsXCI6IFwiL2luZm8vc2Nob29sL1wifSwge1widGl0bGVcIjogXCJcdTUxNWFcdTU0NThcdTY1NTlcdTgwYjJcIiwgXCJtZW51c1wiOiBbe1widGl0bGVcIjogXCJcdTRmMWFcdThiYWUvXHU2ZDNiXHU1MmE4XCIsIFwidXJsXCI6IFwiL3RlYWNoaW5nL2FjdGl2aXR5L1wiLCBcImljb25cIjogXCJmYSBmYS11c2Vyc1wiLCBcIm9yZGVyXCI6IDEwfSwge1widGl0bGVcIjogXCJcdTViNjZcdTY1ZjZcdTdlZGZcdThiYTFcIiwgXCJ1cmxcIjogXCIvdGVhY2hpbmcvdGFrZXBhcnRpbi9cIiwgXCJpY29uXCI6IFwiZmEgZmEtYmFyLWNoYXJ0XCIsIFwib3JkZXJcIjogMTF9LCB7XCJ0aXRsZVwiOiBcIlx1NWI2Nlx1NGU2MFx1NjI1M1x1NTM2MVwiLCBcInVybFwiOiBcIi90ZWFjaGluZy9zaGFyaW5nL1wiLCBcImljb25cIjogbnVsbCwgXCJvcmRlclwiOiAxMn1dLCBcImZpcnN0X2ljb25cIjogXCJmYSBmYS11c2Vyc1wiLCBcImZpcnN0X3VybFwiOiBcIi90ZWFjaGluZy9hY3Rpdml0eS9cIn0sIHtcInRpdGxlXCI6IFwiXHU3NTI4XHU2MjM3XCIsIFwibWVudXNcIjogW3tcInRpdGxlXCI6IFwiXHU2MjExXHU3Njg0XHU4ZDI2XHU1M2Y3XCIsIFwidXJsXCI6IFwiL3VzZXIvdXNlci9cIiwgXCJpY29uXCI6IFwiZmEgZmEtdmNhcmRcIiwgXCJvcmRlclwiOiA1fV0sIFwiZmlyc3RfaWNvblwiOiBcImZhIGZhLXZjYXJkXCIsIFwiZmlyc3RfdXJsXCI6IFwiL3VzZXIvdXNlci9cIn1dIiwiTElTVF9RVUVSWSI6W1sidXNlciIsInVzZXIiXSwiIl19','2019-03-22 18:22:49.188026'),('4wx5m8cpt0qf4eb1rvdtb4615p4ipq75','MWY1YTNkZDM5ZjJiODA0ZTVjZjhhZWM5Yjk2ZTZkNDgyMmIwOTVjNDp7Il9hdXRoX3VzZXJfaWQiOiIxNzM0MTA3MyIsIl9hdXRoX3VzZXJfYmFja2VuZCI6ImRqYW5nby5jb250cmliLmF1dGguYmFja2VuZHMuTW9kZWxCYWNrZW5kIiwiX2F1dGhfdXNlcl9oYXNoIjoiMjY5YjJlNGFmMDZmYmFjNGViYTc1ODZiZTA3ZDUzOTU4NzMyZTM1NSJ9','2019-03-12 09:55:38.520356'),('50ytcvkmp7vegywlogh1mkz5g9mgaqou','MzE1YzllYmVmYWNjM2E4OTk5ZjA2ODY2YmU3MzlmZTUwMmJhZjlhMTp7Il9hdXRoX3VzZXJfaWQiOiIxNjMzNzA5OCIsIl9hdXRoX3VzZXJfYmFja2VuZCI6ImRqYW5nby5jb250cmliLmF1dGguYmFja2VuZHMuTW9kZWxCYWNrZW5kIiwiX2F1dGhfdXNlcl9oYXNoIjoiMWEyNjQ2NGY3MWIzYWQxOGVkZDRmZGZhOWZjNWUxY2Y1YTYzMTQ4MyIsIm5hdl9tZW51IjoiW3tcInRpdGxlXCI6IFwiXHU1MTVhXHU1NDU4XHU1M2QxXHU1YzU1XCIsIFwibWVudXNcIjogW3tcInRpdGxlXCI6IFwiXHU2MjEwXHU1NDU4XHU0ZmUxXHU2MDZmXCIsIFwidXJsXCI6IFwiL2luZm8vbWVtYmVyL1wiLCBcImljb25cIjogXCJmYSBmYS1pbmZvXCIsIFwib3JkZXJcIjogOH1dLCBcImZpcnN0X2ljb25cIjogXCJmYSBmYS11bml2ZXJzaXR5XCIsIFwiZmlyc3RfdXJsXCI6IFwiL2luZm8vc2Nob29sL1wifSwge1widGl0bGVcIjogXCJcdTUxNWFcdTU0NThcdTY1NTlcdTgwYjJcIiwgXCJtZW51c1wiOiBbe1widGl0bGVcIjogXCJcdTRmMWFcdThiYWUvXHU2ZDNiXHU1MmE4XCIsIFwidXJsXCI6IFwiL3RlYWNoaW5nL2FjdGl2aXR5L1wiLCBcImljb25cIjogXCJmYSBmYS11c2Vyc1wiLCBcIm9yZGVyXCI6IDEwfSwge1widGl0bGVcIjogXCJcdTViNjZcdTY1ZjZcdTdlZGZcdThiYTFcIiwgXCJ1cmxcIjogXCIvdGVhY2hpbmcvdGFrZXBhcnRpbi9cIiwgXCJpY29uXCI6IFwiZmEgZmEtYmFyLWNoYXJ0XCIsIFwib3JkZXJcIjogMTF9XSwgXCJmaXJzdF9pY29uXCI6IFwiZmEgZmEtdXNlcnNcIiwgXCJmaXJzdF91cmxcIjogXCIvdGVhY2hpbmcvYWN0aXZpdHkvXCJ9LCB7XCJ0aXRsZVwiOiBcIlx1NzUyOFx1NjIzN1wiLCBcIm1lbnVzXCI6IFt7XCJ0aXRsZVwiOiBcIlx1NjIxMVx1NzY4NFx1OGQyNlx1NTNmN1wiLCBcInVybFwiOiBcIi91c2VyL3VzZXIvXCIsIFwiaWNvblwiOiBcImZhIGZhLXZjYXJkXCIsIFwib3JkZXJcIjogNX1dLCBcImZpcnN0X2ljb25cIjogXCJmYSBmYS12Y2FyZFwiLCBcImZpcnN0X3VybFwiOiBcIi91c2VyL3VzZXIvXCJ9XSIsIkxJU1RfUVVFUlkiOltbImluZm8iLCJtZW1iZXIiXSwiIl19','2019-03-15 21:34:00.566647'),('5733o9xtpu13dxutuayiz4xx5sdcpp3s','ZWNmNGFiZmQzNzljNGY3ZTNhZjhmMzAyZTUxZDg3YmUzMWIxZTIxNDp7Il9hdXRoX3VzZXJfaWQiOiIxNjMzNzExMyIsIl9hdXRoX3VzZXJfYmFja2VuZCI6ImRqYW5nby5jb250cmliLmF1dGguYmFja2VuZHMuTW9kZWxCYWNrZW5kIiwiX2F1dGhfdXNlcl9oYXNoIjoiZmY1Y2RjMGRjOTQxM2MzYmQyNzZhMDg2N2Q0YzBkMzFmNmI4ZGNkOSIsIm5hdl9tZW51IjoiW3tcInRpdGxlXCI6IFwiXHU1MTVhXHU1NDU4XHU1M2QxXHU1YzU1XCIsIFwibWVudXNcIjogW3tcInRpdGxlXCI6IFwiXHU1MTVhXHU2NTJmXHU5MGU4XCIsIFwidXJsXCI6IFwiL2luZm8vYnJhbmNoL1wiLCBcImljb25cIjogXCJmYSBmYS11c2VyXCIsIFwib3JkZXJcIjogN30sIHtcInRpdGxlXCI6IFwiXHU2MjEwXHU1NDU4XHU0ZmUxXHU2MDZmXCIsIFwidXJsXCI6IFwiL2luZm8vbWVtYmVyL1wiLCBcImljb25cIjogXCJmYSBmYS1pbmZvXCIsIFwib3JkZXJcIjogOH0sIHtcInRpdGxlXCI6IFwiXHU1M2QxXHU1YzU1XHU2ZDQxXHU3YTBiXHU0ZjlkXHU4ZDU2XCIsIFwidXJsXCI6IFwiL2luZm8vZGVwZW5kZW5jeS9cIiwgXCJpY29uXCI6IG51bGwsIFwib3JkZXJcIjogOX1dLCBcImZpcnN0X2ljb25cIjogXCJmYSBmYS11bml2ZXJzaXR5XCIsIFwiZmlyc3RfdXJsXCI6IFwiL2luZm8vc2Nob29sL1wifSwge1widGl0bGVcIjogXCJcdTUxNWFcdTU0NThcdTY1NTlcdTgwYjJcIiwgXCJtZW51c1wiOiBbe1widGl0bGVcIjogXCJcdTRmMWFcdThiYWUvXHU2ZDNiXHU1MmE4XCIsIFwidXJsXCI6IFwiL3RlYWNoaW5nL2FjdGl2aXR5L1wiLCBcImljb25cIjogXCJmYSBmYS11c2Vyc1wiLCBcIm9yZGVyXCI6IDEwfSwge1widGl0bGVcIjogXCJcdTViNjZcdTY1ZjZcdTdlZGZcdThiYTFcIiwgXCJ1cmxcIjogXCIvdGVhY2hpbmcvdGFrZXBhcnRpbi9cIiwgXCJpY29uXCI6IFwiZmEgZmEtYmFyLWNoYXJ0XCIsIFwib3JkZXJcIjogMTF9LCB7XCJ0aXRsZVwiOiBcIlx1NWI2Nlx1NGU2MFx1NWYzYVx1NTZmZFx1NjI1M1x1NTM2MVwiLCBcInVybFwiOiBcIi90ZWFjaGluZy9zaGFyaW5nL1wiLCBcImljb25cIjogbnVsbCwgXCJvcmRlclwiOiAxMn1dLCBcImZpcnN0X2ljb25cIjogXCJmYSBmYS11c2Vyc1wiLCBcImZpcnN0X3VybFwiOiBcIi90ZWFjaGluZy9hY3Rpdml0eS9cIn0sIHtcInRpdGxlXCI6IFwiXHU3NTI4XHU2MjM3XCIsIFwibWVudXNcIjogW3tcInRpdGxlXCI6IFwiXHU2MjExXHU3Njg0XHU4ZDI2XHU1M2Y3XCIsIFwidXJsXCI6IFwiL3VzZXIvdXNlci9cIiwgXCJpY29uXCI6IFwiZmEgZmEtdmNhcmRcIiwgXCJvcmRlclwiOiA1fV0sIFwiZmlyc3RfaWNvblwiOiBcImZhIGZhLXZjYXJkXCIsIFwiZmlyc3RfdXJsXCI6IFwiL3VzZXIvdXNlci9cIn1dIiwiTElTVF9RVUVSWSI6W1sidXNlciIsInVzZXIiXSwibz0tbGFzdF9sb2dpbiJdfQ==','2019-03-16 09:02:05.314744'),('5jmxcpdnwbhkllmpjqkdkj27hl2lqr09','ZDEwNGE0MGU1NDUzNGIxZTVlYWQ2NjhjZWI3NDk0NGYzYjQ5NjNjOTp7Il9hdXRoX3VzZXJfaWQiOiIxNjMzNzExMyIsIl9hdXRoX3VzZXJfYmFja2VuZCI6ImRqYW5nby5jb250cmliLmF1dGguYmFja2VuZHMuTW9kZWxCYWNrZW5kIiwiX2F1dGhfdXNlcl9oYXNoIjoiMjBkZWQ3ZjE5OWQ1ODJkNzBmMDZjMTNlNjBiNTA5OTkyOWMxYzU3NCIsIm5hdl9tZW51IjoiW3tcInRpdGxlXCI6IFwiXHU1MTVhXHU1NDU4XHU1M2QxXHU1YzU1XCIsIFwibWVudXNcIjogW3tcInRpdGxlXCI6IFwiXHU1M2QxXHU1YzU1XHU2ZDQxXHU3YTBiXHU0ZjlkXHU4ZDU2XCIsIFwidXJsXCI6IFwiL2luZm8vZGVwZW5kZW5jeS9cIiwgXCJpY29uXCI6IG51bGwsIFwib3JkZXJcIjogOH0sIHtcInRpdGxlXCI6IFwiXHU2MjEwXHU1NDU4XHU0ZmUxXHU2MDZmXCIsIFwidXJsXCI6IFwiL2luZm8vbWVtYmVyL1wiLCBcImljb25cIjogXCJmYSBmYS1pbmZvXCIsIFwib3JkZXJcIjogOX1dLCBcImZpcnN0X2ljb25cIjogXCJmYSBmYS11bml2ZXJzaXR5XCIsIFwiZmlyc3RfdXJsXCI6IFwiL2luZm8vc2Nob29sL1wifSwge1widGl0bGVcIjogXCJcdTUxNWFcdTU0NThcdTY1NTlcdTgwYjJcIiwgXCJtZW51c1wiOiBbe1widGl0bGVcIjogXCJcdTRmMWFcdThiYWUvXHU2ZDNiXHU1MmE4XCIsIFwidXJsXCI6IFwiL3RlYWNoaW5nL2FjdGl2aXR5L1wiLCBcImljb25cIjogXCJmYSBmYS11c2Vyc1wiLCBcIm9yZGVyXCI6IDEwfSwge1widGl0bGVcIjogXCJcdTViNjZcdTY1ZjZcdTdlZGZcdThiYTFcIiwgXCJ1cmxcIjogXCIvdGVhY2hpbmcvdGFrZXBhcnRpbi9cIiwgXCJpY29uXCI6IFwiZmEgZmEtYmFyLWNoYXJ0XCIsIFwib3JkZXJcIjogMTF9XSwgXCJmaXJzdF9pY29uXCI6IFwiZmEgZmEtdXNlcnNcIiwgXCJmaXJzdF91cmxcIjogXCIvdGVhY2hpbmcvYWN0aXZpdHkvXCJ9LCB7XCJ0aXRsZVwiOiBcIlx1NzUyOFx1NjIzN1wiLCBcIm1lbnVzXCI6IFt7XCJ0aXRsZVwiOiBcIlx1NjIxMVx1NzY4NFx1OGQyNlx1NTNmN1wiLCBcInVybFwiOiBcIi91c2VyL3VzZXIvXCIsIFwiaWNvblwiOiBcImZhIGZhLXZjYXJkXCIsIFwib3JkZXJcIjogNX1dLCBcImZpcnN0X2ljb25cIjogXCJmYSBmYS12Y2FyZFwiLCBcImZpcnN0X3VybFwiOiBcIi91c2VyL3VzZXIvXCJ9XSIsIkxJU1RfUVVFUlkiOltbImluZm8iLCJtZW1iZXIiXSwiIl0sIndpemFyZF9pbmZvbWVtYmVyX2FkbWluX3dpemFyZF9mb3JtX3BsdWdpbiI6eyJzdGVwIjoiXHU1N2ZhXHU2NzJjXHU0ZmUxXHU2MDZmIiwic3RlcF9kYXRhIjp7fSwic3RlcF9maWxlcyI6e30sImV4dHJhX2RhdGEiOnt9fX0=','2019-03-03 02:37:18.525444'),('6o9iwirhnlalwovbclfv9fp4o2sb1c3d','Y2I4YmUyMDIwZDVkYzRjN2YzNDZlZDAxMTJkMDM4NDE3OGU2MzZjMDp7Il9hdXRoX3VzZXJfaWQiOiIxNjMzNzExMiIsIl9hdXRoX3VzZXJfYmFja2VuZCI6ImRqYW5nby5jb250cmliLmF1dGguYmFja2VuZHMuTW9kZWxCYWNrZW5kIiwiX2F1dGhfdXNlcl9oYXNoIjoiYzJiOGU3MDQ2OWY3NjQzZDBmM2FmMjA4NzFmODJmNjI2ZjJjMjdjNiIsIm5hdl9tZW51IjoiW3tcInRpdGxlXCI6IFwiXHU1MTVhXHU1NDU4XHU1M2QxXHU1YzU1XCIsIFwibWVudXNcIjogW3tcInRpdGxlXCI6IFwiXHU2MjEwXHU1NDU4XHU0ZmUxXHU2MDZmXCIsIFwidXJsXCI6IFwiL2luZm8vbWVtYmVyL1wiLCBcImljb25cIjogXCJmYSBmYS1pbmZvXCIsIFwib3JkZXJcIjogOX1dLCBcImZpcnN0X2ljb25cIjogXCJmYSBmYS11bml2ZXJzaXR5XCIsIFwiZmlyc3RfdXJsXCI6IFwiL2luZm8vc2Nob29sL1wifSwge1widGl0bGVcIjogXCJcdTUxNWFcdTU0NThcdTY1NTlcdTgwYjJcIiwgXCJtZW51c1wiOiBbe1widGl0bGVcIjogXCJcdTRmMWFcdThiYWUvXHU2ZDNiXHU1MmE4XCIsIFwidXJsXCI6IFwiL3RlYWNoaW5nL2FjdGl2aXR5L1wiLCBcImljb25cIjogXCJmYSBmYS11c2Vyc1wiLCBcIm9yZGVyXCI6IDEwfSwge1widGl0bGVcIjogXCJcdTViNjZcdTY1ZjZcdTdlZGZcdThiYTFcIiwgXCJ1cmxcIjogXCIvdGVhY2hpbmcvdGFrZXBhcnRpbi9cIiwgXCJpY29uXCI6IFwiZmEgZmEtYmFyLWNoYXJ0XCIsIFwib3JkZXJcIjogMTF9XSwgXCJmaXJzdF9pY29uXCI6IFwiZmEgZmEtdXNlcnNcIiwgXCJmaXJzdF91cmxcIjogXCIvdGVhY2hpbmcvYWN0aXZpdHkvXCJ9LCB7XCJ0aXRsZVwiOiBcIlx1NzUyOFx1NjIzN1wiLCBcIm1lbnVzXCI6IFt7XCJ0aXRsZVwiOiBcIlx1NjIxMVx1NzY4NFx1OGQyNlx1NTNmN1wiLCBcInVybFwiOiBcIi91c2VyL3VzZXIvXCIsIFwiaWNvblwiOiBcImZhIGZhLXZjYXJkXCIsIFwib3JkZXJcIjogNX1dLCBcImZpcnN0X2ljb25cIjogXCJmYSBmYS12Y2FyZFwiLCBcImZpcnN0X3VybFwiOiBcIi91c2VyL3VzZXIvXCJ9XSIsIndpemFyZF9pbmZvbWVtYmVyX2FkbWluX3dpemFyZF9mb3JtX3BsdWdpbiI6eyJzdGVwIjoiXHU1N2ZhXHU2NzJjXHU0ZmUxXHU2MDZmIiwic3RlcF9kYXRhIjp7fSwic3RlcF9maWxlcyI6e30sImV4dHJhX2RhdGEiOnt9fSwiTElTVF9RVUVSWSI6W1siaW5mbyIsIm1lbWJlciJdLCIiXX0=','2019-03-04 22:44:11.345207'),('7bq2fhar0hfniuefazyre9teuh2pn3wo','YjI0YWNlZWNlMDIzOGZkZTBiM2E5ZmNkMjA4NGE5ODQwM2VkNjY3ODp7Il9hdXRoX3VzZXJfaWQiOiIxNjMzNzExMyIsIl9hdXRoX3VzZXJfYmFja2VuZCI6ImRqYW5nby5jb250cmliLmF1dGguYmFja2VuZHMuTW9kZWxCYWNrZW5kIiwiX2F1dGhfdXNlcl9oYXNoIjoiZmY1Y2RjMGRjOTQxM2MzYmQyNzZhMDg2N2Q0YzBkMzFmNmI4ZGNkOSJ9','2019-03-10 17:16:23.562731'),('7nr7jj948uex4w54vf5enj8ruxgssyea','OTFmM2M0MGQ5MDVkYzQ4ODdkNzZkNWE2NDRiN2JmZGUzNjk5ODNkYTp7Il9hdXRoX3VzZXJfaWQiOiIxNzM0MTEwNSIsIl9hdXRoX3VzZXJfYmFja2VuZCI6ImRqYW5nby5jb250cmliLmF1dGguYmFja2VuZHMuTW9kZWxCYWNrZW5kIiwiX2F1dGhfdXNlcl9oYXNoIjoiOTE5ZDdlZThmODhlZWRlN2IwYjY4NzU2M2Q3MTIzZTdkOGJhOGQ5YSIsIm5hdl9tZW51IjoiW3tcInRpdGxlXCI6IFwiXHU1MTVhXHU1NDU4XHU1M2QxXHU1YzU1XCIsIFwibWVudXNcIjogW3tcInRpdGxlXCI6IFwiXHU2MjEwXHU1NDU4XHU0ZmUxXHU2MDZmXCIsIFwidXJsXCI6IFwiL2luZm8vbWVtYmVyL1wiLCBcImljb25cIjogXCJmYSBmYS1pbmZvXCIsIFwib3JkZXJcIjogOX1dLCBcImZpcnN0X2ljb25cIjogXCJmYSBmYS11bml2ZXJzaXR5XCIsIFwiZmlyc3RfdXJsXCI6IFwiL2luZm8vc2Nob29sL1wifSwge1widGl0bGVcIjogXCJcdTUxNWFcdTU0NThcdTY1NTlcdTgwYjJcIiwgXCJtZW51c1wiOiBbe1widGl0bGVcIjogXCJcdTRmMWFcdThiYWUvXHU2ZDNiXHU1MmE4XCIsIFwidXJsXCI6IFwiL3RlYWNoaW5nL2FjdGl2aXR5L1wiLCBcImljb25cIjogXCJmYSBmYS11c2Vyc1wiLCBcIm9yZGVyXCI6IDEwfSwge1widGl0bGVcIjogXCJcdTViNjZcdTY1ZjZcdTdlZGZcdThiYTFcIiwgXCJ1cmxcIjogXCIvdGVhY2hpbmcvdGFrZXBhcnRpbi9cIiwgXCJpY29uXCI6IFwiZmEgZmEtYmFyLWNoYXJ0XCIsIFwib3JkZXJcIjogMTF9XSwgXCJmaXJzdF9pY29uXCI6IFwiZmEgZmEtdXNlcnNcIiwgXCJmaXJzdF91cmxcIjogXCIvdGVhY2hpbmcvYWN0aXZpdHkvXCJ9LCB7XCJ0aXRsZVwiOiBcIlx1NzUyOFx1NjIzN1wiLCBcIm1lbnVzXCI6IFt7XCJ0aXRsZVwiOiBcIlx1NjIxMVx1NzY4NFx1OGQyNlx1NTNmN1wiLCBcInVybFwiOiBcIi91c2VyL3VzZXIvXCIsIFwiaWNvblwiOiBcImZhIGZhLXZjYXJkXCIsIFwib3JkZXJcIjogNX1dLCBcImZpcnN0X2ljb25cIjogXCJmYSBmYS12Y2FyZFwiLCBcImZpcnN0X3VybFwiOiBcIi91c2VyL3VzZXIvXCJ9XSJ9','2019-03-03 16:53:36.741170'),('7vzu26njjeyg1kt56h3oxjkim69yhunf','Y2IxZTJlODViNjAzNTNiNzZmNWVlOTJiOGUxNjQyNmY5MGVmNzhkMjp7Il9hdXRoX3VzZXJfaWQiOiIxNzM0MTA3MyIsIl9hdXRoX3VzZXJfYmFja2VuZCI6ImRqYW5nby5jb250cmliLmF1dGguYmFja2VuZHMuTW9kZWxCYWNrZW5kIiwiX2F1dGhfdXNlcl9oYXNoIjoiMjY5YjJlNGFmMDZmYmFjNGViYTc1ODZiZTA3ZDUzOTU4NzMyZTM1NSIsIm5hdl9tZW51IjoiW3tcInRpdGxlXCI6IFwiXHU1MTVhXHU1NDU4XHU1M2QxXHU1YzU1XCIsIFwibWVudXNcIjogW3tcInRpdGxlXCI6IFwiXHU2MjEwXHU1NDU4XHU0ZmUxXHU2MDZmXCIsIFwidXJsXCI6IFwiL2luZm8vbWVtYmVyL1wiLCBcImljb25cIjogXCJmYSBmYS1pbmZvXCIsIFwib3JkZXJcIjogOH1dLCBcImZpcnN0X2ljb25cIjogXCJmYSBmYS11bml2ZXJzaXR5XCIsIFwiZmlyc3RfdXJsXCI6IFwiL2luZm8vc2Nob29sL1wifSwge1widGl0bGVcIjogXCJcdTUxNWFcdTU0NThcdTY1NTlcdTgwYjJcIiwgXCJtZW51c1wiOiBbe1widGl0bGVcIjogXCJcdTRmMWFcdThiYWUvXHU2ZDNiXHU1MmE4XCIsIFwidXJsXCI6IFwiL3RlYWNoaW5nL2FjdGl2aXR5L1wiLCBcImljb25cIjogXCJmYSBmYS11c2Vyc1wiLCBcIm9yZGVyXCI6IDEwfSwge1widGl0bGVcIjogXCJcdTViNjZcdTY1ZjZcdTdlZGZcdThiYTFcIiwgXCJ1cmxcIjogXCIvdGVhY2hpbmcvdGFrZXBhcnRpbi9cIiwgXCJpY29uXCI6IFwiZmEgZmEtYmFyLWNoYXJ0XCIsIFwib3JkZXJcIjogMTF9LCB7XCJ0aXRsZVwiOiBcIlx1NWI2Nlx1NGU2MFx1NjI1M1x1NTM2MVwiLCBcInVybFwiOiBcIi90ZWFjaGluZy9zaGFyaW5nL1wiLCBcImljb25cIjogXCJmYSBmYS1ib29rXCIsIFwib3JkZXJcIjogMTJ9XSwgXCJmaXJzdF9pY29uXCI6IFwiZmEgZmEtdXNlcnNcIiwgXCJmaXJzdF91cmxcIjogXCIvdGVhY2hpbmcvYWN0aXZpdHkvXCJ9LCB7XCJ0aXRsZVwiOiBcIlx1NzUyOFx1NjIzN1wiLCBcIm1lbnVzXCI6IFt7XCJ0aXRsZVwiOiBcIlx1NjIxMVx1NzY4NFx1OGQyNlx1NTNmN1wiLCBcInVybFwiOiBcIi91c2VyL3VzZXIvXCIsIFwiaWNvblwiOiBcImZhIGZhLXZjYXJkXCIsIFwib3JkZXJcIjogNX1dLCBcImZpcnN0X2ljb25cIjogXCJmYSBmYS12Y2FyZFwiLCBcImZpcnN0X3VybFwiOiBcIi91c2VyL3VzZXIvXCJ9XSIsIkxJU1RfUVVFUlkiOltbInRlYWNoaW5nIiwidGFrZXBhcnRpbiJdLCIiXX0=','2019-03-28 13:56:07.484661'),('8593ah41qxvdbum6gvsah9zok6qu0qu5','YjcwYjQwMjhhODE2NzhlZjFjOWJlMGMyZDgyYmJkYzNiYjE4NTc1ZTp7Il9hdXRoX3VzZXJfaWQiOiIxNTMzNjEwMiIsIl9hdXRoX3VzZXJfYmFja2VuZCI6ImRqYW5nby5jb250cmliLmF1dGguYmFja2VuZHMuTW9kZWxCYWNrZW5kIiwiX2F1dGhfdXNlcl9oYXNoIjoiNzczOTk3OGZjMzg2ZTIxYTIwYTE5YjVjYzE5ZTQ2ODk5ZDRmNjQyNSIsIm5hdl9tZW51IjoiW3tcInRpdGxlXCI6IFwiXHU1MTVhXHU1NDU4XHU1M2QxXHU1YzU1XCIsIFwibWVudXNcIjogW3tcInRpdGxlXCI6IFwiXHU2MjEwXHU1NDU4XHU0ZmUxXHU2MDZmXCIsIFwidXJsXCI6IFwiL2luZm8vbWVtYmVyL1wiLCBcImljb25cIjogXCJmYSBmYS1pbmZvXCIsIFwib3JkZXJcIjogOX1dLCBcImZpcnN0X2ljb25cIjogXCJmYSBmYS11bml2ZXJzaXR5XCIsIFwiZmlyc3RfdXJsXCI6IFwiL2luZm8vc2Nob29sL1wifSwge1widGl0bGVcIjogXCJcdTUxNWFcdTU0NThcdTY1NTlcdTgwYjJcIiwgXCJtZW51c1wiOiBbe1widGl0bGVcIjogXCJcdTRmMWFcdThiYWUvXHU2ZDNiXHU1MmE4XCIsIFwidXJsXCI6IFwiL3RlYWNoaW5nL2FjdGl2aXR5L1wiLCBcImljb25cIjogXCJmYSBmYS11c2Vyc1wiLCBcIm9yZGVyXCI6IDEwfSwge1widGl0bGVcIjogXCJcdTViNjZcdTY1ZjZcdTdlZGZcdThiYTFcIiwgXCJ1cmxcIjogXCIvdGVhY2hpbmcvdGFrZXBhcnRpbi9cIiwgXCJpY29uXCI6IFwiZmEgZmEtYmFyLWNoYXJ0XCIsIFwib3JkZXJcIjogMTF9XSwgXCJmaXJzdF9pY29uXCI6IFwiZmEgZmEtdXNlcnNcIiwgXCJmaXJzdF91cmxcIjogXCIvdGVhY2hpbmcvYWN0aXZpdHkvXCJ9LCB7XCJ0aXRsZVwiOiBcIlx1NzUyOFx1NjIzN1wiLCBcIm1lbnVzXCI6IFt7XCJ0aXRsZVwiOiBcIlx1NjIxMVx1NzY4NFx1OGQyNlx1NTNmN1wiLCBcInVybFwiOiBcIi91c2VyL3VzZXIvXCIsIFwiaWNvblwiOiBcImZhIGZhLXZjYXJkXCIsIFwib3JkZXJcIjogNX1dLCBcImZpcnN0X2ljb25cIjogXCJmYSBmYS12Y2FyZFwiLCBcImZpcnN0X3VybFwiOiBcIi91c2VyL3VzZXIvXCJ9XSIsIndpemFyZF9pbmZvbWVtYmVyX2FkbWluX3dpemFyZF9mb3JtX3BsdWdpbiI6eyJzdGVwIjoiXHU1N2ZhXHU2NzJjXHU0ZmUxXHU2MDZmIiwic3RlcF9kYXRhIjp7fSwic3RlcF9maWxlcyI6e30sImV4dHJhX2RhdGEiOnt9fSwiTElTVF9RVUVSWSI6W1sidXNlciIsInVzZXIiXSwiIl19','2019-03-03 16:40:49.248950'),('8nz40zu6jzwms82pth9yi1osxooswec3','MjVjOWFmZjczN2U3MjczMTc0M2M4OWE5ZTExMDIwMzUxNTA3NWE2Nzp7Il9hdXRoX3VzZXJfaWQiOiIxNjMzNzEwNiIsIl9hdXRoX3VzZXJfYmFja2VuZCI6ImRqYW5nby5jb250cmliLmF1dGguYmFja2VuZHMuTW9kZWxCYWNrZW5kIiwiX2F1dGhfdXNlcl9oYXNoIjoiODlkZTc4MGY2ZWU5YjdhMGI0OTdiNDBjZjBiNDZkNzMyYTNlOGM5YiIsIm5hdl9tZW51IjoiW3tcInRpdGxlXCI6IFwiXHU1MTVhXHU1NDU4XHU1M2QxXHU1YzU1XCIsIFwibWVudXNcIjogW3tcInRpdGxlXCI6IFwiXHU2MjEwXHU1NDU4XHU0ZmUxXHU2MDZmXCIsIFwidXJsXCI6IFwiL2luZm8vbWVtYmVyL1wiLCBcImljb25cIjogXCJmYSBmYS1pbmZvXCIsIFwib3JkZXJcIjogOH1dLCBcImZpcnN0X2ljb25cIjogXCJmYSBmYS11bml2ZXJzaXR5XCIsIFwiZmlyc3RfdXJsXCI6IFwiL2luZm8vc2Nob29sL1wifSwge1widGl0bGVcIjogXCJcdTUxNWFcdTU0NThcdTY1NTlcdTgwYjJcIiwgXCJtZW51c1wiOiBbe1widGl0bGVcIjogXCJcdTRmMWFcdThiYWUvXHU2ZDNiXHU1MmE4XCIsIFwidXJsXCI6IFwiL3RlYWNoaW5nL2FjdGl2aXR5L1wiLCBcImljb25cIjogXCJmYSBmYS11c2Vyc1wiLCBcIm9yZGVyXCI6IDEwfSwge1widGl0bGVcIjogXCJcdTViNjZcdTY1ZjZcdTdlZGZcdThiYTFcIiwgXCJ1cmxcIjogXCIvdGVhY2hpbmcvdGFrZXBhcnRpbi9cIiwgXCJpY29uXCI6IFwiZmEgZmEtYmFyLWNoYXJ0XCIsIFwib3JkZXJcIjogMTF9XSwgXCJmaXJzdF9pY29uXCI6IFwiZmEgZmEtdXNlcnNcIiwgXCJmaXJzdF91cmxcIjogXCIvdGVhY2hpbmcvYWN0aXZpdHkvXCJ9LCB7XCJ0aXRsZVwiOiBcIlx1NzUyOFx1NjIzN1wiLCBcIm1lbnVzXCI6IFt7XCJ0aXRsZVwiOiBcIlx1NjIxMVx1NzY4NFx1OGQyNlx1NTNmN1wiLCBcInVybFwiOiBcIi91c2VyL3VzZXIvXCIsIFwiaWNvblwiOiBcImZhIGZhLXZjYXJkXCIsIFwib3JkZXJcIjogNX1dLCBcImZpcnN0X2ljb25cIjogXCJmYSBmYS12Y2FyZFwiLCBcImZpcnN0X3VybFwiOiBcIi91c2VyL3VzZXIvXCJ9XSJ9','2019-03-11 22:07:28.363904'),('8xifkqlz7mgg8cogg2qrphzhgt7ocvdp','YzkxNGRjZGFjN2Q5MjIwZGY2NzA4OGU2Yjc4ZDVkMmYzMDQ4YWVmNjp7Il9hdXRoX3VzZXJfaWQiOiIxNzM0MTA5OSIsIl9hdXRoX3VzZXJfYmFja2VuZCI6ImRqYW5nby5jb250cmliLmF1dGguYmFja2VuZHMuTW9kZWxCYWNrZW5kIiwiX2F1dGhfdXNlcl9oYXNoIjoiMmE0Mjc4MGQyNjMyNDgyYzJjYzM3YTYzZjRlZTVhMDhhN2JkZDA3ZCIsIm5hdl9tZW51IjoiW3tcInRpdGxlXCI6IFwiXHU1MTVhXHU1NDU4XHU1M2QxXHU1YzU1XCIsIFwibWVudXNcIjogW3tcInRpdGxlXCI6IFwiXHU2MjEwXHU1NDU4XHU0ZmUxXHU2MDZmXCIsIFwidXJsXCI6IFwiL2luZm8vbWVtYmVyL1wiLCBcImljb25cIjogXCJmYSBmYS1pbmZvXCIsIFwib3JkZXJcIjogOH1dLCBcImZpcnN0X2ljb25cIjogXCJmYSBmYS11bml2ZXJzaXR5XCIsIFwiZmlyc3RfdXJsXCI6IFwiL2luZm8vc2Nob29sL1wifSwge1widGl0bGVcIjogXCJcdTUxNWFcdTU0NThcdTY1NTlcdTgwYjJcIiwgXCJtZW51c1wiOiBbe1widGl0bGVcIjogXCJcdTRmMWFcdThiYWUvXHU2ZDNiXHU1MmE4XCIsIFwidXJsXCI6IFwiL3RlYWNoaW5nL2FjdGl2aXR5L1wiLCBcImljb25cIjogXCJmYSBmYS11c2Vyc1wiLCBcIm9yZGVyXCI6IDEwfSwge1widGl0bGVcIjogXCJcdTViNjZcdTY1ZjZcdTdlZGZcdThiYTFcIiwgXCJ1cmxcIjogXCIvdGVhY2hpbmcvdGFrZXBhcnRpbi9cIiwgXCJpY29uXCI6IFwiZmEgZmEtYmFyLWNoYXJ0XCIsIFwib3JkZXJcIjogMTF9LCB7XCJ0aXRsZVwiOiBcIlx1NWI2Nlx1NGU2MFx1NjI1M1x1NTM2MVwiLCBcInVybFwiOiBcIi90ZWFjaGluZy9zaGFyaW5nL1wiLCBcImljb25cIjogXCJmYSBmYS1ib29rXCIsIFwib3JkZXJcIjogMTJ9XSwgXCJmaXJzdF9pY29uXCI6IFwiZmEgZmEtdXNlcnNcIiwgXCJmaXJzdF91cmxcIjogXCIvdGVhY2hpbmcvYWN0aXZpdHkvXCJ9LCB7XCJ0aXRsZVwiOiBcIlx1NzUyOFx1NjIzN1wiLCBcIm1lbnVzXCI6IFt7XCJ0aXRsZVwiOiBcIlx1NjIxMVx1NzY4NFx1OGQyNlx1NTNmN1wiLCBcInVybFwiOiBcIi91c2VyL3VzZXIvXCIsIFwiaWNvblwiOiBcImZhIGZhLXZjYXJkXCIsIFwib3JkZXJcIjogNX1dLCBcImZpcnN0X2ljb25cIjogXCJmYSBmYS12Y2FyZFwiLCBcImZpcnN0X3VybFwiOiBcIi91c2VyL3VzZXIvXCJ9XSJ9','2019-03-24 14:20:05.076196'),('9cxwaeem378oqpvyjl55g811vi2mimhq','YjM4MTM2MTZlNmUwMDRhZjQ2YTdhNTdkMDMyMWVkN2UwMWUwYjExNDp7Il9hdXRoX3VzZXJfaWQiOiIxNjMzNzEyOSIsIl9hdXRoX3VzZXJfYmFja2VuZCI6ImRqYW5nby5jb250cmliLmF1dGguYmFja2VuZHMuTW9kZWxCYWNrZW5kIiwiX2F1dGhfdXNlcl9oYXNoIjoiMWFkOWNhNjQ5ZDAwMmU2ZWQ3ZjlhMjhhYjg1ZTU3OTU0ZmU0OTgzMyIsIm5hdl9tZW51IjoiW3tcInRpdGxlXCI6IFwiXHU1MTVhXHU1NDU4XHU1M2QxXHU1YzU1XCIsIFwibWVudXNcIjogW3tcInRpdGxlXCI6IFwiXHU2MjEwXHU1NDU4XHU0ZmUxXHU2MDZmXCIsIFwidXJsXCI6IFwiL2luZm8vbWVtYmVyL1wiLCBcImljb25cIjogXCJmYSBmYS1pbmZvXCIsIFwib3JkZXJcIjogOX1dLCBcImZpcnN0X2ljb25cIjogXCJmYSBmYS11bml2ZXJzaXR5XCIsIFwiZmlyc3RfdXJsXCI6IFwiL2luZm8vc2Nob29sL1wifSwge1widGl0bGVcIjogXCJcdTUxNWFcdTU0NThcdTY1NTlcdTgwYjJcIiwgXCJtZW51c1wiOiBbe1widGl0bGVcIjogXCJcdTRmMWFcdThiYWUvXHU2ZDNiXHU1MmE4XCIsIFwidXJsXCI6IFwiL3RlYWNoaW5nL2FjdGl2aXR5L1wiLCBcImljb25cIjogXCJmYSBmYS11c2Vyc1wiLCBcIm9yZGVyXCI6IDEwfSwge1widGl0bGVcIjogXCJcdTViNjZcdTY1ZjZcdTdlZGZcdThiYTFcIiwgXCJ1cmxcIjogXCIvdGVhY2hpbmcvdGFrZXBhcnRpbi9cIiwgXCJpY29uXCI6IFwiZmEgZmEtYmFyLWNoYXJ0XCIsIFwib3JkZXJcIjogMTF9XSwgXCJmaXJzdF9pY29uXCI6IFwiZmEgZmEtdXNlcnNcIiwgXCJmaXJzdF91cmxcIjogXCIvdGVhY2hpbmcvYWN0aXZpdHkvXCJ9LCB7XCJ0aXRsZVwiOiBcIlx1NzUyOFx1NjIzN1wiLCBcIm1lbnVzXCI6IFt7XCJ0aXRsZVwiOiBcIlx1NjIxMVx1NzY4NFx1OGQyNlx1NTNmN1wiLCBcInVybFwiOiBcIi91c2VyL3VzZXIvXCIsIFwiaWNvblwiOiBcImZhIGZhLXZjYXJkXCIsIFwib3JkZXJcIjogNX1dLCBcImZpcnN0X2ljb25cIjogXCJmYSBmYS12Y2FyZFwiLCBcImZpcnN0X3VybFwiOiBcIi91c2VyL3VzZXIvXCJ9XSIsIndpemFyZF9pbmZvbWVtYmVyX2FkbWluX3dpemFyZF9mb3JtX3BsdWdpbiI6eyJzdGVwIjoiXHU1N2ZhXHU2NzJjXHU0ZmUxXHU2MDZmIiwic3RlcF9kYXRhIjp7fSwic3RlcF9maWxlcyI6e30sImV4dHJhX2RhdGEiOnt9fSwiTElTVF9RVUVSWSI6W1siaW5mbyIsIm1lbWJlciJdLCIiXX0=','2019-03-03 14:21:33.330807'),('9h4cjkut1zgnvoy1wgf4pssbbb2j0zjp','ZWExMzE4YjlkNjMzNWQwY2FiNDZhOGIwNjJkMDRkYmFhN2Q0ZmJjNzp7Il9hdXRoX3VzZXJfaWQiOiIxNzM0MTA5NiIsIl9hdXRoX3VzZXJfYmFja2VuZCI6ImRqYW5nby5jb250cmliLmF1dGguYmFja2VuZHMuTW9kZWxCYWNrZW5kIiwiX2F1dGhfdXNlcl9oYXNoIjoiNzdlNmJlZDFiMmE0YjZiMDk2YTAzYjAwMDhlZWY2Nzc4ZWFmODVmOSIsIm5hdl9tZW51IjoiW3tcInRpdGxlXCI6IFwiXHU1MTVhXHU1NDU4XHU1M2QxXHU1YzU1XCIsIFwibWVudXNcIjogW3tcInRpdGxlXCI6IFwiXHU2MjEwXHU1NDU4XHU0ZmUxXHU2MDZmXCIsIFwidXJsXCI6IFwiL2luZm8vbWVtYmVyL1wiLCBcImljb25cIjogXCJmYSBmYS1pbmZvXCIsIFwib3JkZXJcIjogOH1dLCBcImZpcnN0X2ljb25cIjogXCJmYSBmYS11bml2ZXJzaXR5XCIsIFwiZmlyc3RfdXJsXCI6IFwiL2luZm8vc2Nob29sL1wifSwge1widGl0bGVcIjogXCJcdTUxNWFcdTU0NThcdTY1NTlcdTgwYjJcIiwgXCJtZW51c1wiOiBbe1widGl0bGVcIjogXCJcdTRmMWFcdThiYWUvXHU2ZDNiXHU1MmE4XCIsIFwidXJsXCI6IFwiL3RlYWNoaW5nL2FjdGl2aXR5L1wiLCBcImljb25cIjogXCJmYSBmYS11c2Vyc1wiLCBcIm9yZGVyXCI6IDEwfSwge1widGl0bGVcIjogXCJcdTViNjZcdTY1ZjZcdTdlZGZcdThiYTFcIiwgXCJ1cmxcIjogXCIvdGVhY2hpbmcvdGFrZXBhcnRpbi9cIiwgXCJpY29uXCI6IFwiZmEgZmEtYmFyLWNoYXJ0XCIsIFwib3JkZXJcIjogMTF9LCB7XCJ0aXRsZVwiOiBcIlx1NWI2Nlx1NGU2MFx1NjI1M1x1NTM2MVwiLCBcInVybFwiOiBcIi90ZWFjaGluZy9zaGFyaW5nL1wiLCBcImljb25cIjogXCJmYSBmYS1ib29rXCIsIFwib3JkZXJcIjogMTJ9XSwgXCJmaXJzdF9pY29uXCI6IFwiZmEgZmEtdXNlcnNcIiwgXCJmaXJzdF91cmxcIjogXCIvdGVhY2hpbmcvYWN0aXZpdHkvXCJ9LCB7XCJ0aXRsZVwiOiBcIlx1NzUyOFx1NjIzN1wiLCBcIm1lbnVzXCI6IFt7XCJ0aXRsZVwiOiBcIlx1NjIxMVx1NzY4NFx1OGQyNlx1NTNmN1wiLCBcInVybFwiOiBcIi91c2VyL3VzZXIvXCIsIFwiaWNvblwiOiBcImZhIGZhLXZjYXJkXCIsIFwib3JkZXJcIjogNX1dLCBcImZpcnN0X2ljb25cIjogXCJmYSBmYS12Y2FyZFwiLCBcImZpcnN0X3VybFwiOiBcIi91c2VyL3VzZXIvXCJ9XSIsIkxJU1RfUVVFUlkiOltbInRlYWNoaW5nIiwidGFrZXBhcnRpbiJdLCIiXX0=','2019-03-27 23:51:42.281999'),('9izv4du9xr1vhibdvz2duye0jl57s35k','MDJlMzc3ODAyZjM4N2Q0NmU2MmYxZWU2NjBkYjYyMzc5MDExZDA3ODp7Il9hdXRoX3VzZXJfaWQiOiIxNzM0MTExNyIsIl9hdXRoX3VzZXJfYmFja2VuZCI6ImRqYW5nby5jb250cmliLmF1dGguYmFja2VuZHMuTW9kZWxCYWNrZW5kIiwiX2F1dGhfdXNlcl9oYXNoIjoiZDE1MWU1Y2IwYmJjYmU4ZTU3OGQwZDg2YTE1MmU2YjA3ZmQ2YjY3NCIsIm5hdl9tZW51IjoiW3tcInRpdGxlXCI6IFwiXHU1MTVhXHU1NDU4XHU1M2QxXHU1YzU1XCIsIFwibWVudXNcIjogW3tcInRpdGxlXCI6IFwiXHU2MjEwXHU1NDU4XHU0ZmUxXHU2MDZmXCIsIFwidXJsXCI6IFwiL2luZm8vbWVtYmVyL1wiLCBcImljb25cIjogXCJmYSBmYS1pbmZvXCIsIFwib3JkZXJcIjogOH1dLCBcImZpcnN0X2ljb25cIjogXCJmYSBmYS11bml2ZXJzaXR5XCIsIFwiZmlyc3RfdXJsXCI6IFwiL2luZm8vc2Nob29sL1wifSwge1widGl0bGVcIjogXCJcdTUxNWFcdTU0NThcdTY1NTlcdTgwYjJcIiwgXCJtZW51c1wiOiBbe1widGl0bGVcIjogXCJcdTRmMWFcdThiYWUvXHU2ZDNiXHU1MmE4XCIsIFwidXJsXCI6IFwiL3RlYWNoaW5nL2FjdGl2aXR5L1wiLCBcImljb25cIjogXCJmYSBmYS11c2Vyc1wiLCBcIm9yZGVyXCI6IDEwfSwge1widGl0bGVcIjogXCJcdTViNjZcdTY1ZjZcdTdlZGZcdThiYTFcIiwgXCJ1cmxcIjogXCIvdGVhY2hpbmcvdGFrZXBhcnRpbi9cIiwgXCJpY29uXCI6IFwiZmEgZmEtYmFyLWNoYXJ0XCIsIFwib3JkZXJcIjogMTF9LCB7XCJ0aXRsZVwiOiBcIlx1NWI2Nlx1NGU2MFx1NjI1M1x1NTM2MVwiLCBcInVybFwiOiBcIi90ZWFjaGluZy9zaGFyaW5nL1wiLCBcImljb25cIjogXCJmYSBmYS1ib29rXCIsIFwib3JkZXJcIjogMTJ9XSwgXCJmaXJzdF9pY29uXCI6IFwiZmEgZmEtdXNlcnNcIiwgXCJmaXJzdF91cmxcIjogXCIvdGVhY2hpbmcvYWN0aXZpdHkvXCJ9LCB7XCJ0aXRsZVwiOiBcIlx1NzUyOFx1NjIzN1wiLCBcIm1lbnVzXCI6IFt7XCJ0aXRsZVwiOiBcIlx1NjIxMVx1NzY4NFx1OGQyNlx1NTNmN1wiLCBcInVybFwiOiBcIi91c2VyL3VzZXIvXCIsIFwiaWNvblwiOiBcImZhIGZhLXZjYXJkXCIsIFwib3JkZXJcIjogNX1dLCBcImZpcnN0X2ljb25cIjogXCJmYSBmYS12Y2FyZFwiLCBcImZpcnN0X3VybFwiOiBcIi91c2VyL3VzZXIvXCJ9XSIsIkxJU1RfUVVFUlkiOltbInRlYWNoaW5nIiwidGFrZXBhcnRpbiJdLCIiXX0=','2019-03-28 08:36:52.925592'),('9k85bw05zsfh92rdh8y5om43bj3buu2t','MmZkNzdlZjdmNjM0NjM5NzU2ZTJiZmNmNTcwNjRjOGY1OGIyZjk4Mzp7Il9hdXRoX3VzZXJfaWQiOiIxNjMzNzE3MSIsIl9hdXRoX3VzZXJfYmFja2VuZCI6ImRqYW5nby5jb250cmliLmF1dGguYmFja2VuZHMuTW9kZWxCYWNrZW5kIiwiX2F1dGhfdXNlcl9oYXNoIjoiM2EyMTNlOWI4OGY5Y2Y4ZWRhM2U2MjZmYjZmNTRiNjcyZjU4YWY0MyIsIm5hdl9tZW51IjoiW3tcInRpdGxlXCI6IFwiXHU1MTVhXHU1NDU4XHU1M2QxXHU1YzU1XCIsIFwibWVudXNcIjogW3tcInRpdGxlXCI6IFwiXHU2MjEwXHU1NDU4XHU0ZmUxXHU2MDZmXCIsIFwidXJsXCI6IFwiL2luZm8vbWVtYmVyL1wiLCBcImljb25cIjogXCJmYSBmYS1pbmZvXCIsIFwib3JkZXJcIjogOX1dLCBcImZpcnN0X2ljb25cIjogXCJmYSBmYS11bml2ZXJzaXR5XCIsIFwiZmlyc3RfdXJsXCI6IFwiL2luZm8vc2Nob29sL1wifSwge1widGl0bGVcIjogXCJcdTUxNWFcdTU0NThcdTY1NTlcdTgwYjJcIiwgXCJtZW51c1wiOiBbe1widGl0bGVcIjogXCJcdTRmMWFcdThiYWUvXHU2ZDNiXHU1MmE4XCIsIFwidXJsXCI6IFwiL3RlYWNoaW5nL2FjdGl2aXR5L1wiLCBcImljb25cIjogXCJmYSBmYS11c2Vyc1wiLCBcIm9yZGVyXCI6IDEwfSwge1widGl0bGVcIjogXCJcdTViNjZcdTY1ZjZcdTdlZGZcdThiYTFcIiwgXCJ1cmxcIjogXCIvdGVhY2hpbmcvdGFrZXBhcnRpbi9cIiwgXCJpY29uXCI6IFwiZmEgZmEtYmFyLWNoYXJ0XCIsIFwib3JkZXJcIjogMTF9XSwgXCJmaXJzdF9pY29uXCI6IFwiZmEgZmEtdXNlcnNcIiwgXCJmaXJzdF91cmxcIjogXCIvdGVhY2hpbmcvYWN0aXZpdHkvXCJ9LCB7XCJ0aXRsZVwiOiBcIlx1NzUyOFx1NjIzN1wiLCBcIm1lbnVzXCI6IFt7XCJ0aXRsZVwiOiBcIlx1NjIxMVx1NzY4NFx1OGQyNlx1NTNmN1wiLCBcInVybFwiOiBcIi91c2VyL3VzZXIvXCIsIFwiaWNvblwiOiBcImZhIGZhLXZjYXJkXCIsIFwib3JkZXJcIjogNX1dLCBcImZpcnN0X2ljb25cIjogXCJmYSBmYS12Y2FyZFwiLCBcImZpcnN0X3VybFwiOiBcIi91c2VyL3VzZXIvXCJ9XSIsIkxJU1RfUVVFUlkiOltbImluZm8iLCJtZW1iZXIiXSwiIl0sIndpemFyZF9pbmZvbWVtYmVyX2FkbWluX3dpemFyZF9mb3JtX3BsdWdpbiI6eyJzdGVwIjoiXHU1N2ZhXHU2NzJjXHU0ZmUxXHU2MDZmIiwic3RlcF9kYXRhIjp7fSwic3RlcF9maWxlcyI6e30sImV4dHJhX2RhdGEiOnt9fX0=','2019-03-03 14:40:11.416102'),('9l6yrzxpr8cetz541bsdoo08ahuz3epg','ZWU4NzVhZmY0MTc1MTBiNzM2YWQ5N2M5YzRiOTY0ZmIxMjA1ZTNkNjp7Il9hdXRoX3VzZXJfaWQiOiIxODM0MDA2OSIsIl9hdXRoX3VzZXJfYmFja2VuZCI6ImRqYW5nby5jb250cmliLmF1dGguYmFja2VuZHMuTW9kZWxCYWNrZW5kIiwiX2F1dGhfdXNlcl9oYXNoIjoiYjYzMWRkMWI2NjcyNzMxMGNkYjE2YmQ5ZTM2ZmNiOGRmOTUxZmE4ZCIsIm5hdl9tZW51IjoiW3tcInRpdGxlXCI6IFwiXHU1MTVhXHU1NDU4XHU1M2QxXHU1YzU1XCIsIFwibWVudXNcIjogW3tcInRpdGxlXCI6IFwiXHU2MjEwXHU1NDU4XHU0ZmUxXHU2MDZmXCIsIFwidXJsXCI6IFwiL2luZm8vbWVtYmVyL1wiLCBcImljb25cIjogXCJmYSBmYS1pbmZvXCIsIFwib3JkZXJcIjogOH1dLCBcImZpcnN0X2ljb25cIjogXCJmYSBmYS11bml2ZXJzaXR5XCIsIFwiZmlyc3RfdXJsXCI6IFwiL2luZm8vc2Nob29sL1wifSwge1widGl0bGVcIjogXCJcdTUxNWFcdTU0NThcdTY1NTlcdTgwYjJcIiwgXCJtZW51c1wiOiBbe1widGl0bGVcIjogXCJcdTRmMWFcdThiYWUvXHU2ZDNiXHU1MmE4XCIsIFwidXJsXCI6IFwiL3RlYWNoaW5nL2FjdGl2aXR5L1wiLCBcImljb25cIjogXCJmYSBmYS11c2Vyc1wiLCBcIm9yZGVyXCI6IDEwfSwge1widGl0bGVcIjogXCJcdTViNjZcdTY1ZjZcdTdlZGZcdThiYTFcIiwgXCJ1cmxcIjogXCIvdGVhY2hpbmcvdGFrZXBhcnRpbi9cIiwgXCJpY29uXCI6IFwiZmEgZmEtYmFyLWNoYXJ0XCIsIFwib3JkZXJcIjogMTF9LCB7XCJ0aXRsZVwiOiBcIlx1NWI2Nlx1NGU2MFx1NjI1M1x1NTM2MVwiLCBcInVybFwiOiBcIi90ZWFjaGluZy9zaGFyaW5nL1wiLCBcImljb25cIjogbnVsbCwgXCJvcmRlclwiOiAxMn1dLCBcImZpcnN0X2ljb25cIjogXCJmYSBmYS11c2Vyc1wiLCBcImZpcnN0X3VybFwiOiBcIi90ZWFjaGluZy9hY3Rpdml0eS9cIn0sIHtcInRpdGxlXCI6IFwiXHU3NTI4XHU2MjM3XCIsIFwibWVudXNcIjogW3tcInRpdGxlXCI6IFwiXHU2MjExXHU3Njg0XHU4ZDI2XHU1M2Y3XCIsIFwidXJsXCI6IFwiL3VzZXIvdXNlci9cIiwgXCJpY29uXCI6IFwiZmEgZmEtdmNhcmRcIiwgXCJvcmRlclwiOiA1fV0sIFwiZmlyc3RfaWNvblwiOiBcImZhIGZhLXZjYXJkXCIsIFwiZmlyc3RfdXJsXCI6IFwiL3VzZXIvdXNlci9cIn1dIiwiTElTVF9RVUVSWSI6W1sidGVhY2hpbmciLCJ0YWtlcGFydGluIl0sIiJdfQ==','2019-03-22 17:43:34.594860'),('9mokibc1kcskt1hz5pogpyvs8hsd8tjm','NGE2OTM1ZTY0ZmMwZjBmYjc2ZTVmZDA2YmQwZGUyMDIzOGYyNDJkOTp7Il9hdXRoX3VzZXJfaWQiOiIxNzM0MTA2MSIsIl9hdXRoX3VzZXJfYmFja2VuZCI6ImRqYW5nby5jb250cmliLmF1dGguYmFja2VuZHMuTW9kZWxCYWNrZW5kIiwiX2F1dGhfdXNlcl9oYXNoIjoiYzc2NWU1ZGFhMjQ4ZmZlYmIzMGFiM2Q0ZTJhOTk4M2M5OGQwZTVjNiIsIm5hdl9tZW51IjoiW3tcInRpdGxlXCI6IFwiXHU1MTVhXHU1NDU4XHU1M2QxXHU1YzU1XCIsIFwibWVudXNcIjogW3tcInRpdGxlXCI6IFwiXHU2MjEwXHU1NDU4XHU0ZmUxXHU2MDZmXCIsIFwidXJsXCI6IFwiL2luZm8vbWVtYmVyL1wiLCBcImljb25cIjogXCJmYSBmYS1pbmZvXCIsIFwib3JkZXJcIjogOX1dLCBcImZpcnN0X2ljb25cIjogXCJmYSBmYS11bml2ZXJzaXR5XCIsIFwiZmlyc3RfdXJsXCI6IFwiL2luZm8vc2Nob29sL1wifSwge1widGl0bGVcIjogXCJcdTUxNWFcdTU0NThcdTY1NTlcdTgwYjJcIiwgXCJtZW51c1wiOiBbe1widGl0bGVcIjogXCJcdTRmMWFcdThiYWUvXHU2ZDNiXHU1MmE4XCIsIFwidXJsXCI6IFwiL3RlYWNoaW5nL2FjdGl2aXR5L1wiLCBcImljb25cIjogXCJmYSBmYS11c2Vyc1wiLCBcIm9yZGVyXCI6IDEwfSwge1widGl0bGVcIjogXCJcdTViNjZcdTY1ZjZcdTdlZGZcdThiYTFcIiwgXCJ1cmxcIjogXCIvdGVhY2hpbmcvdGFrZXBhcnRpbi9cIiwgXCJpY29uXCI6IFwiZmEgZmEtYmFyLWNoYXJ0XCIsIFwib3JkZXJcIjogMTF9XSwgXCJmaXJzdF9pY29uXCI6IFwiZmEgZmEtdXNlcnNcIiwgXCJmaXJzdF91cmxcIjogXCIvdGVhY2hpbmcvYWN0aXZpdHkvXCJ9LCB7XCJ0aXRsZVwiOiBcIlx1NzUyOFx1NjIzN1wiLCBcIm1lbnVzXCI6IFt7XCJ0aXRsZVwiOiBcIlx1NjIxMVx1NzY4NFx1OGQyNlx1NTNmN1wiLCBcInVybFwiOiBcIi91c2VyL3VzZXIvXCIsIFwiaWNvblwiOiBcImZhIGZhLXZjYXJkXCIsIFwib3JkZXJcIjogNX1dLCBcImZpcnN0X2ljb25cIjogXCJmYSBmYS12Y2FyZFwiLCBcImZpcnN0X3VybFwiOiBcIi91c2VyL3VzZXIvXCJ9XSIsIndpemFyZF9pbmZvbWVtYmVyX2FkbWluX3dpemFyZF9mb3JtX3BsdWdpbiI6eyJzdGVwIjoiXHU1N2ZhXHU2NzJjXHU0ZmUxXHU2MDZmIiwic3RlcF9kYXRhIjp7fSwic3RlcF9maWxlcyI6e30sImV4dHJhX2RhdGEiOnt9fSwiTElTVF9RVUVSWSI6W1siaW5mbyIsIm1lbWJlciJdLCIiXX0=','2019-03-03 19:19:01.713221'),('adb4fu4lm8p3dc1f2m8jk6mionv9zoqz','ZTdiNDFjY2UxZDhjMTVhMjMxZjI3NTk2OGM3MWE0ZGM0NDMzZjgwODp7Il9hdXRoX3VzZXJfaWQiOiIxNjMzNzExMyIsIl9hdXRoX3VzZXJfYmFja2VuZCI6ImRqYW5nby5jb250cmliLmF1dGguYmFja2VuZHMuTW9kZWxCYWNrZW5kIiwiX2F1dGhfdXNlcl9oYXNoIjoiZmY1Y2RjMGRjOTQxM2MzYmQyNzZhMDg2N2Q0YzBkMzFmNmI4ZGNkOSIsIm5hdl9tZW51IjoiW3tcInRpdGxlXCI6IFwiXHU1MTVhXHU1NDU4XHU1M2QxXHU1YzU1XCIsIFwibWVudXNcIjogW3tcInRpdGxlXCI6IFwiXHU1MTVhXHU2NTJmXHU5MGU4XCIsIFwidXJsXCI6IFwiL2luZm8vYnJhbmNoL1wiLCBcImljb25cIjogXCJmYSBmYS11c2VyXCIsIFwib3JkZXJcIjogN30sIHtcInRpdGxlXCI6IFwiXHU2MjEwXHU1NDU4XHU0ZmUxXHU2MDZmXCIsIFwidXJsXCI6IFwiL2luZm8vbWVtYmVyL1wiLCBcImljb25cIjogXCJmYSBmYS1pbmZvXCIsIFwib3JkZXJcIjogOH0sIHtcInRpdGxlXCI6IFwiXHU1M2QxXHU1YzU1XHU2ZDQxXHU3YTBiXHU0ZjlkXHU4ZDU2XCIsIFwidXJsXCI6IFwiL2luZm8vZGVwZW5kZW5jeS9cIiwgXCJpY29uXCI6IG51bGwsIFwib3JkZXJcIjogOX1dLCBcImZpcnN0X2ljb25cIjogXCJmYSBmYS11bml2ZXJzaXR5XCIsIFwiZmlyc3RfdXJsXCI6IFwiL2luZm8vc2Nob29sL1wifSwge1widGl0bGVcIjogXCJcdTUxNWFcdTU0NThcdTY1NTlcdTgwYjJcIiwgXCJtZW51c1wiOiBbe1widGl0bGVcIjogXCJcdTRmMWFcdThiYWUvXHU2ZDNiXHU1MmE4XCIsIFwidXJsXCI6IFwiL3RlYWNoaW5nL2FjdGl2aXR5L1wiLCBcImljb25cIjogXCJmYSBmYS11c2Vyc1wiLCBcIm9yZGVyXCI6IDEwfSwge1widGl0bGVcIjogXCJcdTViNjZcdTY1ZjZcdTdlZGZcdThiYTFcIiwgXCJ1cmxcIjogXCIvdGVhY2hpbmcvdGFrZXBhcnRpbi9cIiwgXCJpY29uXCI6IFwiZmEgZmEtYmFyLWNoYXJ0XCIsIFwib3JkZXJcIjogMTF9XSwgXCJmaXJzdF9pY29uXCI6IFwiZmEgZmEtdXNlcnNcIiwgXCJmaXJzdF91cmxcIjogXCIvdGVhY2hpbmcvYWN0aXZpdHkvXCJ9LCB7XCJ0aXRsZVwiOiBcIlx1NzUyOFx1NjIzN1wiLCBcIm1lbnVzXCI6IFt7XCJ0aXRsZVwiOiBcIlx1NjIxMVx1NzY4NFx1OGQyNlx1NTNmN1wiLCBcInVybFwiOiBcIi91c2VyL3VzZXIvXCIsIFwiaWNvblwiOiBcImZhIGZhLXZjYXJkXCIsIFwib3JkZXJcIjogNX1dLCBcImZpcnN0X2ljb25cIjogXCJmYSBmYS12Y2FyZFwiLCBcImZpcnN0X3VybFwiOiBcIi91c2VyL3VzZXIvXCJ9XSIsIkxJU1RfUVVFUlkiOltbInRlYWNoaW5nIiwiYWN0aXZpdHkiXSwiIl19','2019-03-13 10:16:27.859884'),('arsbpwmf4jnotfy2iizlmaudhfgpqrmw','NDQxNjljMzYzNWYxN2IzNzk5MzM4ZDE3ZTI5ZmNjYmE0YzE2NjViNTp7Il9hdXRoX3VzZXJfaWQiOiIxNzM0MTA3MyIsIl9hdXRoX3VzZXJfYmFja2VuZCI6ImRqYW5nby5jb250cmliLmF1dGguYmFja2VuZHMuTW9kZWxCYWNrZW5kIiwiX2F1dGhfdXNlcl9oYXNoIjoiMjY5YjJlNGFmMDZmYmFjNGViYTc1ODZiZTA3ZDUzOTU4NzMyZTM1NSIsIm5hdl9tZW51IjoiW3tcInRpdGxlXCI6IFwiXHU1MTVhXHU1NDU4XHU1M2QxXHU1YzU1XCIsIFwibWVudXNcIjogW3tcInRpdGxlXCI6IFwiXHU2MjEwXHU1NDU4XHU0ZmUxXHU2MDZmXCIsIFwidXJsXCI6IFwiL2luZm8vbWVtYmVyL1wiLCBcImljb25cIjogXCJmYSBmYS1pbmZvXCIsIFwib3JkZXJcIjogOH1dLCBcImZpcnN0X2ljb25cIjogXCJmYSBmYS11bml2ZXJzaXR5XCIsIFwiZmlyc3RfdXJsXCI6IFwiL2luZm8vc2Nob29sL1wifSwge1widGl0bGVcIjogXCJcdTUxNWFcdTU0NThcdTY1NTlcdTgwYjJcIiwgXCJtZW51c1wiOiBbe1widGl0bGVcIjogXCJcdTRmMWFcdThiYWUvXHU2ZDNiXHU1MmE4XCIsIFwidXJsXCI6IFwiL3RlYWNoaW5nL2FjdGl2aXR5L1wiLCBcImljb25cIjogXCJmYSBmYS11c2Vyc1wiLCBcIm9yZGVyXCI6IDEwfSwge1widGl0bGVcIjogXCJcdTViNjZcdTY1ZjZcdTdlZGZcdThiYTFcIiwgXCJ1cmxcIjogXCIvdGVhY2hpbmcvdGFrZXBhcnRpbi9cIiwgXCJpY29uXCI6IFwiZmEgZmEtYmFyLWNoYXJ0XCIsIFwib3JkZXJcIjogMTF9LCB7XCJ0aXRsZVwiOiBcIlx1NWI2Nlx1NGU2MFx1NWYzYVx1NTZmZFx1NjI1M1x1NTM2MVwiLCBcInVybFwiOiBcIi90ZWFjaGluZy9zaGFyaW5nL1wiLCBcImljb25cIjogbnVsbCwgXCJvcmRlclwiOiAxMn1dLCBcImZpcnN0X2ljb25cIjogXCJmYSBmYS11c2Vyc1wiLCBcImZpcnN0X3VybFwiOiBcIi90ZWFjaGluZy9hY3Rpdml0eS9cIn0sIHtcInRpdGxlXCI6IFwiXHU3NTI4XHU2MjM3XCIsIFwibWVudXNcIjogW3tcInRpdGxlXCI6IFwiXHU2MjExXHU3Njg0XHU4ZDI2XHU1M2Y3XCIsIFwidXJsXCI6IFwiL3VzZXIvdXNlci9cIiwgXCJpY29uXCI6IFwiZmEgZmEtdmNhcmRcIiwgXCJvcmRlclwiOiA1fV0sIFwiZmlyc3RfaWNvblwiOiBcImZhIGZhLXZjYXJkXCIsIFwiZmlyc3RfdXJsXCI6IFwiL3VzZXIvdXNlci9cIn1dIiwiTElTVF9RVUVSWSI6W1sidXNlciIsInVzZXIiXSwiIl19','2019-03-15 21:33:54.160578'),('axiqr4488biy2yvkkp1qd1ewoxx1u11m','NDJmMjU2NDliYzc1YWIwZWIxZmQ5YWMxMTIzZWZmMWI1MmIyODI4Mzp7Il9hdXRoX3VzZXJfaWQiOiIxNTMzNjExNyIsIl9hdXRoX3VzZXJfYmFja2VuZCI6ImRqYW5nby5jb250cmliLmF1dGguYmFja2VuZHMuTW9kZWxCYWNrZW5kIiwiX2F1dGhfdXNlcl9oYXNoIjoiYmZmN2NhNGMzMjAxYWIwNGQ2YjQ5MjE5MmNjNmMzM2NhMjJhZmM3NyIsIm5hdl9tZW51IjoiW3tcInRpdGxlXCI6IFwiXHU1MTVhXHU1NDU4XHU1M2QxXHU1YzU1XCIsIFwibWVudXNcIjogW3tcInRpdGxlXCI6IFwiXHU2MjEwXHU1NDU4XHU0ZmUxXHU2MDZmXCIsIFwidXJsXCI6IFwiL2luZm8vbWVtYmVyL1wiLCBcImljb25cIjogXCJmYSBmYS1pbmZvXCIsIFwib3JkZXJcIjogOX1dLCBcImZpcnN0X2ljb25cIjogXCJmYSBmYS11bml2ZXJzaXR5XCIsIFwiZmlyc3RfdXJsXCI6IFwiL2luZm8vc2Nob29sL1wifSwge1widGl0bGVcIjogXCJcdTUxNWFcdTU0NThcdTY1NTlcdTgwYjJcIiwgXCJtZW51c1wiOiBbe1widGl0bGVcIjogXCJcdTRmMWFcdThiYWUvXHU2ZDNiXHU1MmE4XCIsIFwidXJsXCI6IFwiL3RlYWNoaW5nL2FjdGl2aXR5L1wiLCBcImljb25cIjogXCJmYSBmYS11c2Vyc1wiLCBcIm9yZGVyXCI6IDEwfSwge1widGl0bGVcIjogXCJcdTViNjZcdTY1ZjZcdTdlZGZcdThiYTFcIiwgXCJ1cmxcIjogXCIvdGVhY2hpbmcvdGFrZXBhcnRpbi9cIiwgXCJpY29uXCI6IFwiZmEgZmEtYmFyLWNoYXJ0XCIsIFwib3JkZXJcIjogMTF9XSwgXCJmaXJzdF9pY29uXCI6IFwiZmEgZmEtdXNlcnNcIiwgXCJmaXJzdF91cmxcIjogXCIvdGVhY2hpbmcvYWN0aXZpdHkvXCJ9LCB7XCJ0aXRsZVwiOiBcIlx1NzUyOFx1NjIzN1wiLCBcIm1lbnVzXCI6IFt7XCJ0aXRsZVwiOiBcIlx1NjIxMVx1NzY4NFx1OGQyNlx1NTNmN1wiLCBcInVybFwiOiBcIi91c2VyL3VzZXIvXCIsIFwiaWNvblwiOiBcImZhIGZhLXZjYXJkXCIsIFwib3JkZXJcIjogNX1dLCBcImZpcnN0X2ljb25cIjogXCJmYSBmYS12Y2FyZFwiLCBcImZpcnN0X3VybFwiOiBcIi91c2VyL3VzZXIvXCJ9XSIsIndpemFyZF9pbmZvbWVtYmVyX2FkbWluX3dpemFyZF9mb3JtX3BsdWdpbiI6eyJzdGVwIjoiXHU1N2ZhXHU2NzJjXHU0ZmUxXHU2MDZmIiwic3RlcF9kYXRhIjp7fSwic3RlcF9maWxlcyI6e30sImV4dHJhX2RhdGEiOnt9fSwiTElTVF9RVUVSWSI6W1siaW5mbyIsIm1lbWJlciJdLCIiXX0=','2019-03-03 16:52:37.911312'),('bhvp2ppl70ju6ex8877t115cntpdzl3o','ZDFiZjM2NGZkM2I2YTE1Y2E1MDZjNmIyODk3ZTI0OWRhM2UxZGVhYTp7Il9hdXRoX3VzZXJfaWQiOiIxNzM0MTExNyIsIl9hdXRoX3VzZXJfYmFja2VuZCI6ImRqYW5nby5jb250cmliLmF1dGguYmFja2VuZHMuTW9kZWxCYWNrZW5kIiwiX2F1dGhfdXNlcl9oYXNoIjoiZDE1MWU1Y2IwYmJjYmU4ZTU3OGQwZDg2YTE1MmU2YjA3ZmQ2YjY3NCIsIm5hdl9tZW51IjoiW3tcInRpdGxlXCI6IFwiXHU1MTVhXHU1NDU4XHU1M2QxXHU1YzU1XCIsIFwibWVudXNcIjogW3tcInRpdGxlXCI6IFwiXHU2MjEwXHU1NDU4XHU0ZmUxXHU2MDZmXCIsIFwidXJsXCI6IFwiL2luZm8vbWVtYmVyL1wiLCBcImljb25cIjogXCJmYSBmYS1pbmZvXCIsIFwib3JkZXJcIjogOH1dLCBcImZpcnN0X2ljb25cIjogXCJmYSBmYS11bml2ZXJzaXR5XCIsIFwiZmlyc3RfdXJsXCI6IFwiL2luZm8vc2Nob29sL1wifSwge1widGl0bGVcIjogXCJcdTUxNWFcdTU0NThcdTY1NTlcdTgwYjJcIiwgXCJtZW51c1wiOiBbe1widGl0bGVcIjogXCJcdTRmMWFcdThiYWUvXHU2ZDNiXHU1MmE4XCIsIFwidXJsXCI6IFwiL3RlYWNoaW5nL2FjdGl2aXR5L1wiLCBcImljb25cIjogXCJmYSBmYS11c2Vyc1wiLCBcIm9yZGVyXCI6IDEwfSwge1widGl0bGVcIjogXCJcdTViNjZcdTY1ZjZcdTdlZGZcdThiYTFcIiwgXCJ1cmxcIjogXCIvdGVhY2hpbmcvdGFrZXBhcnRpbi9cIiwgXCJpY29uXCI6IFwiZmEgZmEtYmFyLWNoYXJ0XCIsIFwib3JkZXJcIjogMTF9LCB7XCJ0aXRsZVwiOiBcIlx1NWI2Nlx1NGU2MFx1NjI1M1x1NTM2MVwiLCBcInVybFwiOiBcIi90ZWFjaGluZy9zaGFyaW5nL1wiLCBcImljb25cIjogbnVsbCwgXCJvcmRlclwiOiAxMn1dLCBcImZpcnN0X2ljb25cIjogXCJmYSBmYS11c2Vyc1wiLCBcImZpcnN0X3VybFwiOiBcIi90ZWFjaGluZy9hY3Rpdml0eS9cIn0sIHtcInRpdGxlXCI6IFwiXHU3NTI4XHU2MjM3XCIsIFwibWVudXNcIjogW3tcInRpdGxlXCI6IFwiXHU2MjExXHU3Njg0XHU4ZDI2XHU1M2Y3XCIsIFwidXJsXCI6IFwiL3VzZXIvdXNlci9cIiwgXCJpY29uXCI6IFwiZmEgZmEtdmNhcmRcIiwgXCJvcmRlclwiOiA1fV0sIFwiZmlyc3RfaWNvblwiOiBcImZhIGZhLXZjYXJkXCIsIFwiZmlyc3RfdXJsXCI6IFwiL3VzZXIvdXNlci9cIn1dIiwiTElTVF9RVUVSWSI6W1sidGVhY2hpbmciLCJ0YWtlcGFydGluIl0sIiJdfQ==','2019-03-22 19:21:16.924541'),('bnstffdxfi4wo4wu2aud601yh04i5dk2','NjE5MzBlZTdiZGRjNjZhMDI3N2M1ZTgxYTZiYmVlMTk4YzZlZGIzOTp7Il9hdXRoX3VzZXJfaWQiOiIxNjMzNzE3MSIsIl9hdXRoX3VzZXJfYmFja2VuZCI6ImRqYW5nby5jb250cmliLmF1dGguYmFja2VuZHMuTW9kZWxCYWNrZW5kIiwiX2F1dGhfdXNlcl9oYXNoIjoiOTFiMjM0MGNjMTg3ZWMwZDU2MzI1N2Q4ZWYxY2U3OGU2NWVjOTIxNCIsIm5hdl9tZW51IjoiW3tcInRpdGxlXCI6IFwiXHU1MTVhXHU1NDU4XHU1M2QxXHU1YzU1XCIsIFwibWVudXNcIjogW3tcInRpdGxlXCI6IFwiXHU2MjEwXHU1NDU4XHU0ZmUxXHU2MDZmXCIsIFwidXJsXCI6IFwiL2luZm8vbWVtYmVyL1wiLCBcImljb25cIjogXCJmYSBmYS1pbmZvXCIsIFwib3JkZXJcIjogOH1dLCBcImZpcnN0X2ljb25cIjogXCJmYSBmYS11bml2ZXJzaXR5XCIsIFwiZmlyc3RfdXJsXCI6IFwiL2luZm8vc2Nob29sL1wifSwge1widGl0bGVcIjogXCJcdTUxNWFcdTU0NThcdTY1NTlcdTgwYjJcIiwgXCJtZW51c1wiOiBbe1widGl0bGVcIjogXCJcdTRmMWFcdThiYWUvXHU2ZDNiXHU1MmE4XCIsIFwidXJsXCI6IFwiL3RlYWNoaW5nL2FjdGl2aXR5L1wiLCBcImljb25cIjogXCJmYSBmYS11c2Vyc1wiLCBcIm9yZGVyXCI6IDEwfSwge1widGl0bGVcIjogXCJcdTViNjZcdTY1ZjZcdTdlZGZcdThiYTFcIiwgXCJ1cmxcIjogXCIvdGVhY2hpbmcvdGFrZXBhcnRpbi9cIiwgXCJpY29uXCI6IFwiZmEgZmEtYmFyLWNoYXJ0XCIsIFwib3JkZXJcIjogMTF9LCB7XCJ0aXRsZVwiOiBcIlx1NWI2Nlx1NGU2MFx1NWYzYVx1NTZmZFx1NjI1M1x1NTM2MVwiLCBcInVybFwiOiBcIi90ZWFjaGluZy9zaGFyaW5nL1wiLCBcImljb25cIjogbnVsbCwgXCJvcmRlclwiOiAxMn1dLCBcImZpcnN0X2ljb25cIjogXCJmYSBmYS11c2Vyc1wiLCBcImZpcnN0X3VybFwiOiBcIi90ZWFjaGluZy9hY3Rpdml0eS9cIn0sIHtcInRpdGxlXCI6IFwiXHU3NTI4XHU2MjM3XCIsIFwibWVudXNcIjogW3tcInRpdGxlXCI6IFwiXHU2MjExXHU3Njg0XHU4ZDI2XHU1M2Y3XCIsIFwidXJsXCI6IFwiL3VzZXIvdXNlci9cIiwgXCJpY29uXCI6IFwiZmEgZmEtdmNhcmRcIiwgXCJvcmRlclwiOiA1fV0sIFwiZmlyc3RfaWNvblwiOiBcImZhIGZhLXZjYXJkXCIsIFwiZmlyc3RfdXJsXCI6IFwiL3VzZXIvdXNlci9cIn1dIiwiTElTVF9RVUVSWSI6W1sidGVhY2hpbmciLCJ0YWtlcGFydGluIl0sIiJdfQ==','2019-03-15 22:20:53.161180'),('bpwsxkpx8zgv4kuanywb0md9wgf5fcd4','ZDA3OTZhN2FiNWU5ZjdmYzlkMjkyMTc5NDU2NDkxMTEwNDk5OWM4MDp7Il9hdXRoX3VzZXJfaWQiOiIxNjMzNzA3MSIsIl9hdXRoX3VzZXJfYmFja2VuZCI6ImRqYW5nby5jb250cmliLmF1dGguYmFja2VuZHMuTW9kZWxCYWNrZW5kIiwiX2F1dGhfdXNlcl9oYXNoIjoiNDQ0MWNiZTBmNTQzMTMzNzc5NjM1ZTZiNWQ1NzA1ZWFlMTE0ZjI5MSIsIm5hdl9tZW51IjoiW3tcInRpdGxlXCI6IFwiXHU1MTVhXHU1NDU4XHU1M2QxXHU1YzU1XCIsIFwibWVudXNcIjogW3tcInRpdGxlXCI6IFwiXHU2MjEwXHU1NDU4XHU0ZmUxXHU2MDZmXCIsIFwidXJsXCI6IFwiL2luZm8vbWVtYmVyL1wiLCBcImljb25cIjogXCJmYSBmYS1pbmZvXCIsIFwib3JkZXJcIjogOH1dLCBcImZpcnN0X2ljb25cIjogXCJmYSBmYS11bml2ZXJzaXR5XCIsIFwiZmlyc3RfdXJsXCI6IFwiL2luZm8vc2Nob29sL1wifSwge1widGl0bGVcIjogXCJcdTUxNWFcdTU0NThcdTY1NTlcdTgwYjJcIiwgXCJtZW51c1wiOiBbe1widGl0bGVcIjogXCJcdTRmMWFcdThiYWUvXHU2ZDNiXHU1MmE4XCIsIFwidXJsXCI6IFwiL3RlYWNoaW5nL2FjdGl2aXR5L1wiLCBcImljb25cIjogXCJmYSBmYS11c2Vyc1wiLCBcIm9yZGVyXCI6IDEwfSwge1widGl0bGVcIjogXCJcdTViNjZcdTY1ZjZcdTdlZGZcdThiYTFcIiwgXCJ1cmxcIjogXCIvdGVhY2hpbmcvdGFrZXBhcnRpbi9cIiwgXCJpY29uXCI6IFwiZmEgZmEtYmFyLWNoYXJ0XCIsIFwib3JkZXJcIjogMTF9XSwgXCJmaXJzdF9pY29uXCI6IFwiZmEgZmEtdXNlcnNcIiwgXCJmaXJzdF91cmxcIjogXCIvdGVhY2hpbmcvYWN0aXZpdHkvXCJ9LCB7XCJ0aXRsZVwiOiBcIlx1NzUyOFx1NjIzN1wiLCBcIm1lbnVzXCI6IFt7XCJ0aXRsZVwiOiBcIlx1NjIxMVx1NzY4NFx1OGQyNlx1NTNmN1wiLCBcInVybFwiOiBcIi91c2VyL3VzZXIvXCIsIFwiaWNvblwiOiBcImZhIGZhLXZjYXJkXCIsIFwib3JkZXJcIjogNX1dLCBcImZpcnN0X2ljb25cIjogXCJmYSBmYS12Y2FyZFwiLCBcImZpcnN0X3VybFwiOiBcIi91c2VyL3VzZXIvXCJ9XSJ9','2019-03-13 13:04:08.839569'),('c9tivc1k1rbr5u5f1d8o7mbfiyumoe3i','NjAyZDA4YzllZTgwOGMxMGQ4YmEwYWQ5MWI5ZTY3NTFmNzQxYTQwNjp7Il9hdXRoX3VzZXJfaWQiOiIxNTMzNjExNyIsIl9hdXRoX3VzZXJfYmFja2VuZCI6ImRqYW5nby5jb250cmliLmF1dGguYmFja2VuZHMuTW9kZWxCYWNrZW5kIiwiX2F1dGhfdXNlcl9oYXNoIjoiZDBiOTM2ODdhYTYxZTFmOGYyMjNmNTgwMmE1MzkwZTYwNTA1N2VlMCIsIm5hdl9tZW51IjoiW3tcInRpdGxlXCI6IFwiXHU1MTVhXHU1NDU4XHU1M2QxXHU1YzU1XCIsIFwibWVudXNcIjogW3tcInRpdGxlXCI6IFwiXHU2MjEwXHU1NDU4XHU0ZmUxXHU2MDZmXCIsIFwidXJsXCI6IFwiL2luZm8vbWVtYmVyL1wiLCBcImljb25cIjogXCJmYSBmYS1pbmZvXCIsIFwib3JkZXJcIjogOH1dLCBcImZpcnN0X2ljb25cIjogXCJmYSBmYS11bml2ZXJzaXR5XCIsIFwiZmlyc3RfdXJsXCI6IFwiL2luZm8vc2Nob29sL1wifSwge1widGl0bGVcIjogXCJcdTUxNWFcdTU0NThcdTY1NTlcdTgwYjJcIiwgXCJtZW51c1wiOiBbe1widGl0bGVcIjogXCJcdTRmMWFcdThiYWUvXHU2ZDNiXHU1MmE4XCIsIFwidXJsXCI6IFwiL3RlYWNoaW5nL2FjdGl2aXR5L1wiLCBcImljb25cIjogXCJmYSBmYS11c2Vyc1wiLCBcIm9yZGVyXCI6IDEwfSwge1widGl0bGVcIjogXCJcdTViNjZcdTY1ZjZcdTdlZGZcdThiYTFcIiwgXCJ1cmxcIjogXCIvdGVhY2hpbmcvdGFrZXBhcnRpbi9cIiwgXCJpY29uXCI6IFwiZmEgZmEtYmFyLWNoYXJ0XCIsIFwib3JkZXJcIjogMTF9LCB7XCJ0aXRsZVwiOiBcIlx1NWI2Nlx1NGU2MFx1NjI1M1x1NTM2MVwiLCBcInVybFwiOiBcIi90ZWFjaGluZy9zaGFyaW5nL1wiLCBcImljb25cIjogbnVsbCwgXCJvcmRlclwiOiAxMn1dLCBcImZpcnN0X2ljb25cIjogXCJmYSBmYS11c2Vyc1wiLCBcImZpcnN0X3VybFwiOiBcIi90ZWFjaGluZy9hY3Rpdml0eS9cIn0sIHtcInRpdGxlXCI6IFwiXHU3NTI4XHU2MjM3XCIsIFwibWVudXNcIjogW3tcInRpdGxlXCI6IFwiXHU2MjExXHU3Njg0XHU4ZDI2XHU1M2Y3XCIsIFwidXJsXCI6IFwiL3VzZXIvdXNlci9cIiwgXCJpY29uXCI6IFwiZmEgZmEtdmNhcmRcIiwgXCJvcmRlclwiOiA1fV0sIFwiZmlyc3RfaWNvblwiOiBcImZhIGZhLXZjYXJkXCIsIFwiZmlyc3RfdXJsXCI6IFwiL3VzZXIvdXNlci9cIn1dIiwiTElTVF9RVUVSWSI6W1siaW5mbyIsIm1lbWJlciJdLCIiXX0=','2019-03-19 11:45:55.710239'),('cj0sh2bdvt09u4e4o0z3mvfy03eyb02d','OTkyZjBlNTFkNzE0MWI5ZTllN2M5MjAyOTY1YTY0MzcwNGY5ZWZlNTp7Il9hdXRoX3VzZXJfaWQiOiIxODM0MDA3NCIsIl9hdXRoX3VzZXJfYmFja2VuZCI6ImRqYW5nby5jb250cmliLmF1dGguYmFja2VuZHMuTW9kZWxCYWNrZW5kIiwiX2F1dGhfdXNlcl9oYXNoIjoiNGFhMmMxMDI3ZjhjMjk2Y2ZlODhiM2QyM2E2ZDg5Zjk1OTFjN2ZjYiIsIm5hdl9tZW51IjoiW3tcInRpdGxlXCI6IFwiXHU1MTVhXHU1NDU4XHU1M2QxXHU1YzU1XCIsIFwibWVudXNcIjogW3tcInRpdGxlXCI6IFwiXHU2MjEwXHU1NDU4XHU0ZmUxXHU2MDZmXCIsIFwidXJsXCI6IFwiL2luZm8vbWVtYmVyL1wiLCBcImljb25cIjogXCJmYSBmYS1pbmZvXCIsIFwib3JkZXJcIjogOX1dLCBcImZpcnN0X2ljb25cIjogXCJmYSBmYS11bml2ZXJzaXR5XCIsIFwiZmlyc3RfdXJsXCI6IFwiL2luZm8vc2Nob29sL1wifSwge1widGl0bGVcIjogXCJcdTUxNWFcdTU0NThcdTY1NTlcdTgwYjJcIiwgXCJtZW51c1wiOiBbe1widGl0bGVcIjogXCJcdTRmMWFcdThiYWUvXHU2ZDNiXHU1MmE4XCIsIFwidXJsXCI6IFwiL3RlYWNoaW5nL2FjdGl2aXR5L1wiLCBcImljb25cIjogXCJmYSBmYS11c2Vyc1wiLCBcIm9yZGVyXCI6IDEwfSwge1widGl0bGVcIjogXCJcdTViNjZcdTY1ZjZcdTdlZGZcdThiYTFcIiwgXCJ1cmxcIjogXCIvdGVhY2hpbmcvdGFrZXBhcnRpbi9cIiwgXCJpY29uXCI6IFwiZmEgZmEtYmFyLWNoYXJ0XCIsIFwib3JkZXJcIjogMTF9XSwgXCJmaXJzdF9pY29uXCI6IFwiZmEgZmEtdXNlcnNcIiwgXCJmaXJzdF91cmxcIjogXCIvdGVhY2hpbmcvYWN0aXZpdHkvXCJ9LCB7XCJ0aXRsZVwiOiBcIlx1NzUyOFx1NjIzN1wiLCBcIm1lbnVzXCI6IFt7XCJ0aXRsZVwiOiBcIlx1NjIxMVx1NzY4NFx1OGQyNlx1NTNmN1wiLCBcInVybFwiOiBcIi91c2VyL3VzZXIvXCIsIFwiaWNvblwiOiBcImZhIGZhLXZjYXJkXCIsIFwib3JkZXJcIjogNX1dLCBcImZpcnN0X2ljb25cIjogXCJmYSBmYS12Y2FyZFwiLCBcImZpcnN0X3VybFwiOiBcIi91c2VyL3VzZXIvXCJ9XSIsIkxJU1RfUVVFUlkiOltbInRlYWNoaW5nIiwidGFrZXBhcnRpbiJdLCIiXSwid2l6YXJkX2luZm9tZW1iZXJfYWRtaW5fd2l6YXJkX2Zvcm1fcGx1Z2luIjp7InN0ZXAiOiJcdTU3ZmFcdTY3MmNcdTRmZTFcdTYwNmYiLCJzdGVwX2RhdGEiOnt9LCJzdGVwX2ZpbGVzIjp7fSwiZXh0cmFfZGF0YSI6e319fQ==','2019-03-03 20:25:08.803054'),('com2hx2t7c0mu0hwodzrr9m7chi818o6','MTlhNTBiZWM5MTE2OWNlOWRlMTNiN2NmNjExYTk1ZjJlYzdjZGEyNTp7Il9hdXRoX3VzZXJfaWQiOiIxNjMzNzEyOSIsIl9hdXRoX3VzZXJfYmFja2VuZCI6ImRqYW5nby5jb250cmliLmF1dGguYmFja2VuZHMuTW9kZWxCYWNrZW5kIiwiX2F1dGhfdXNlcl9oYXNoIjoiNWM5MTU3NTJiMzIzZDk1ZGJlMzM5ZTM1ODVkNDc3NjAzOGFlYzgyZSIsIm5hdl9tZW51IjoiW3tcInRpdGxlXCI6IFwiXHU1MTVhXHU1NDU4XHU1M2QxXHU1YzU1XCIsIFwibWVudXNcIjogW3tcInRpdGxlXCI6IFwiXHU2MjEwXHU1NDU4XHU0ZmUxXHU2MDZmXCIsIFwidXJsXCI6IFwiL2luZm8vbWVtYmVyL1wiLCBcImljb25cIjogXCJmYSBmYS1pbmZvXCIsIFwib3JkZXJcIjogOH1dLCBcImZpcnN0X2ljb25cIjogXCJmYSBmYS11bml2ZXJzaXR5XCIsIFwiZmlyc3RfdXJsXCI6IFwiL2luZm8vc2Nob29sL1wifSwge1widGl0bGVcIjogXCJcdTUxNWFcdTU0NThcdTY1NTlcdTgwYjJcIiwgXCJtZW51c1wiOiBbe1widGl0bGVcIjogXCJcdTRmMWFcdThiYWUvXHU2ZDNiXHU1MmE4XCIsIFwidXJsXCI6IFwiL3RlYWNoaW5nL2FjdGl2aXR5L1wiLCBcImljb25cIjogXCJmYSBmYS11c2Vyc1wiLCBcIm9yZGVyXCI6IDEwfSwge1widGl0bGVcIjogXCJcdTViNjZcdTY1ZjZcdTdlZGZcdThiYTFcIiwgXCJ1cmxcIjogXCIvdGVhY2hpbmcvdGFrZXBhcnRpbi9cIiwgXCJpY29uXCI6IFwiZmEgZmEtYmFyLWNoYXJ0XCIsIFwib3JkZXJcIjogMTF9XSwgXCJmaXJzdF9pY29uXCI6IFwiZmEgZmEtdXNlcnNcIiwgXCJmaXJzdF91cmxcIjogXCIvdGVhY2hpbmcvYWN0aXZpdHkvXCJ9LCB7XCJ0aXRsZVwiOiBcIlx1NzUyOFx1NjIzN1wiLCBcIm1lbnVzXCI6IFt7XCJ0aXRsZVwiOiBcIlx1NjIxMVx1NzY4NFx1OGQyNlx1NTNmN1wiLCBcInVybFwiOiBcIi91c2VyL3VzZXIvXCIsIFwiaWNvblwiOiBcImZhIGZhLXZjYXJkXCIsIFwib3JkZXJcIjogNX1dLCBcImZpcnN0X2ljb25cIjogXCJmYSBmYS12Y2FyZFwiLCBcImZpcnN0X3VybFwiOiBcIi91c2VyL3VzZXIvXCJ9XSJ9','2019-03-11 23:16:57.375091'),('csv2gkb1c1al9e7vscamgc03zjv18q1w','MjQ4NTBkZWRhYzJkZjM1NWJlNjNmNDAzMzllZTBmMzAwYzhiZWUwYTp7Il9hdXRoX3VzZXJfaWQiOiIxODM0MDA2MCIsIl9hdXRoX3VzZXJfYmFja2VuZCI6ImRqYW5nby5jb250cmliLmF1dGguYmFja2VuZHMuTW9kZWxCYWNrZW5kIiwiX2F1dGhfdXNlcl9oYXNoIjoiMjIwYmQ0ZWM0NjI5M2M4NTAzYTc3NWM2NDMxMDdhZWQzNDJhYzgxZCIsIm5hdl9tZW51IjoiW3tcInRpdGxlXCI6IFwiXHU1MTVhXHU1NDU4XHU1M2QxXHU1YzU1XCIsIFwibWVudXNcIjogW3tcInRpdGxlXCI6IFwiXHU2MjEwXHU1NDU4XHU0ZmUxXHU2MDZmXCIsIFwidXJsXCI6IFwiL2luZm8vbWVtYmVyL1wiLCBcImljb25cIjogXCJmYSBmYS1pbmZvXCIsIFwib3JkZXJcIjogOH1dLCBcImZpcnN0X2ljb25cIjogXCJmYSBmYS11bml2ZXJzaXR5XCIsIFwiZmlyc3RfdXJsXCI6IFwiL2luZm8vc2Nob29sL1wifSwge1widGl0bGVcIjogXCJcdTUxNWFcdTU0NThcdTY1NTlcdTgwYjJcIiwgXCJtZW51c1wiOiBbe1widGl0bGVcIjogXCJcdTRmMWFcdThiYWUvXHU2ZDNiXHU1MmE4XCIsIFwidXJsXCI6IFwiL3RlYWNoaW5nL2FjdGl2aXR5L1wiLCBcImljb25cIjogXCJmYSBmYS11c2Vyc1wiLCBcIm9yZGVyXCI6IDEwfSwge1widGl0bGVcIjogXCJcdTViNjZcdTY1ZjZcdTdlZGZcdThiYTFcIiwgXCJ1cmxcIjogXCIvdGVhY2hpbmcvdGFrZXBhcnRpbi9cIiwgXCJpY29uXCI6IFwiZmEgZmEtYmFyLWNoYXJ0XCIsIFwib3JkZXJcIjogMTF9LCB7XCJ0aXRsZVwiOiBcIlx1NWI2Nlx1NGU2MFx1NjI1M1x1NTM2MVwiLCBcInVybFwiOiBcIi90ZWFjaGluZy9zaGFyaW5nL1wiLCBcImljb25cIjogbnVsbCwgXCJvcmRlclwiOiAxMn1dLCBcImZpcnN0X2ljb25cIjogXCJmYSBmYS11c2Vyc1wiLCBcImZpcnN0X3VybFwiOiBcIi90ZWFjaGluZy9hY3Rpdml0eS9cIn0sIHtcInRpdGxlXCI6IFwiXHU3NTI4XHU2MjM3XCIsIFwibWVudXNcIjogW3tcInRpdGxlXCI6IFwiXHU2MjExXHU3Njg0XHU4ZDI2XHU1M2Y3XCIsIFwidXJsXCI6IFwiL3VzZXIvdXNlci9cIiwgXCJpY29uXCI6IFwiZmEgZmEtdmNhcmRcIiwgXCJvcmRlclwiOiA1fV0sIFwiZmlyc3RfaWNvblwiOiBcImZhIGZhLXZjYXJkXCIsIFwiZmlyc3RfdXJsXCI6IFwiL3VzZXIvdXNlci9cIn1dIiwiTElTVF9RVUVSWSI6W1sidGVhY2hpbmciLCJ0YWtlcGFydGluIl0sIiJdfQ==','2019-03-28 10:11:24.422273'),('d4fd7o80qk4lu6sfu4bmav1fothm0v0r','ZjgwYzVmZjA2ZjdmMzk3NDZmMmZhYTM2ODEyYjgxM2ViNmZlOTRhNDp7Il9hdXRoX3VzZXJfaWQiOiIxNjMzNzE3NCIsIl9hdXRoX3VzZXJfYmFja2VuZCI6ImRqYW5nby5jb250cmliLmF1dGguYmFja2VuZHMuTW9kZWxCYWNrZW5kIiwiX2F1dGhfdXNlcl9oYXNoIjoiNWM5MjAyNmEwMTcyZWJmZGMzYmI2M2E3YjRhZTk0YjJjMmE0MThiMyJ9','2019-03-12 18:55:54.189492'),('dcbm6yci64pc118a09d231gcv7j4k78n','MGUyYmQ2YWY4MGQxN2JmN2I0NWZlODcxZGM4OTU4YzdmNWQzODc2Yzp7Il9hdXRoX3VzZXJfaWQiOiIxNjMzNzA5NCIsIl9hdXRoX3VzZXJfYmFja2VuZCI6ImRqYW5nby5jb250cmliLmF1dGguYmFja2VuZHMuTW9kZWxCYWNrZW5kIiwiX2F1dGhfdXNlcl9oYXNoIjoiZTJiMzdlZDEyNGU4ZDY5M2U0ZGUxYmEyNTc2NmRmY2JkZjNlYTRmYyIsIm5hdl9tZW51IjoiW3tcInRpdGxlXCI6IFwiXHU1MTVhXHU1NDU4XHU1M2QxXHU1YzU1XCIsIFwibWVudXNcIjogW3tcInRpdGxlXCI6IFwiXHU2MjEwXHU1NDU4XHU0ZmUxXHU2MDZmXCIsIFwidXJsXCI6IFwiL2luZm8vbWVtYmVyL1wiLCBcImljb25cIjogXCJmYSBmYS1pbmZvXCIsIFwib3JkZXJcIjogOH1dLCBcImZpcnN0X2ljb25cIjogXCJmYSBmYS11bml2ZXJzaXR5XCIsIFwiZmlyc3RfdXJsXCI6IFwiL2luZm8vc2Nob29sL1wifSwge1widGl0bGVcIjogXCJcdTUxNWFcdTU0NThcdTY1NTlcdTgwYjJcIiwgXCJtZW51c1wiOiBbe1widGl0bGVcIjogXCJcdTRmMWFcdThiYWUvXHU2ZDNiXHU1MmE4XCIsIFwidXJsXCI6IFwiL3RlYWNoaW5nL2FjdGl2aXR5L1wiLCBcImljb25cIjogXCJmYSBmYS11c2Vyc1wiLCBcIm9yZGVyXCI6IDEwfSwge1widGl0bGVcIjogXCJcdTViNjZcdTY1ZjZcdTdlZGZcdThiYTFcIiwgXCJ1cmxcIjogXCIvdGVhY2hpbmcvdGFrZXBhcnRpbi9cIiwgXCJpY29uXCI6IFwiZmEgZmEtYmFyLWNoYXJ0XCIsIFwib3JkZXJcIjogMTF9LCB7XCJ0aXRsZVwiOiBcIlx1NWI2Nlx1NGU2MFx1NWYzYVx1NTZmZFx1NjI1M1x1NTM2MVwiLCBcInVybFwiOiBcIi90ZWFjaGluZy9zaGFyaW5nL1wiLCBcImljb25cIjogbnVsbCwgXCJvcmRlclwiOiAxMn1dLCBcImZpcnN0X2ljb25cIjogXCJmYSBmYS11c2Vyc1wiLCBcImZpcnN0X3VybFwiOiBcIi90ZWFjaGluZy9hY3Rpdml0eS9cIn0sIHtcInRpdGxlXCI6IFwiXHU3NTI4XHU2MjM3XCIsIFwibWVudXNcIjogW3tcInRpdGxlXCI6IFwiXHU2MjExXHU3Njg0XHU4ZDI2XHU1M2Y3XCIsIFwidXJsXCI6IFwiL3VzZXIvdXNlci9cIiwgXCJpY29uXCI6IFwiZmEgZmEtdmNhcmRcIiwgXCJvcmRlclwiOiA1fV0sIFwiZmlyc3RfaWNvblwiOiBcImZhIGZhLXZjYXJkXCIsIFwiZmlyc3RfdXJsXCI6IFwiL3VzZXIvdXNlci9cIn1dIiwiTElTVF9RVUVSWSI6W1sidGVhY2hpbmciLCJ0YWtlcGFydGluIl0sIiJdfQ==','2019-03-15 22:34:08.498303'),('dyca64momsb9d8abyjd6w0u6a4gajdtq','MmZkNzdlZjdmNjM0NjM5NzU2ZTJiZmNmNTcwNjRjOGY1OGIyZjk4Mzp7Il9hdXRoX3VzZXJfaWQiOiIxNjMzNzE3MSIsIl9hdXRoX3VzZXJfYmFja2VuZCI6ImRqYW5nby5jb250cmliLmF1dGguYmFja2VuZHMuTW9kZWxCYWNrZW5kIiwiX2F1dGhfdXNlcl9oYXNoIjoiM2EyMTNlOWI4OGY5Y2Y4ZWRhM2U2MjZmYjZmNTRiNjcyZjU4YWY0MyIsIm5hdl9tZW51IjoiW3tcInRpdGxlXCI6IFwiXHU1MTVhXHU1NDU4XHU1M2QxXHU1YzU1XCIsIFwibWVudXNcIjogW3tcInRpdGxlXCI6IFwiXHU2MjEwXHU1NDU4XHU0ZmUxXHU2MDZmXCIsIFwidXJsXCI6IFwiL2luZm8vbWVtYmVyL1wiLCBcImljb25cIjogXCJmYSBmYS1pbmZvXCIsIFwib3JkZXJcIjogOX1dLCBcImZpcnN0X2ljb25cIjogXCJmYSBmYS11bml2ZXJzaXR5XCIsIFwiZmlyc3RfdXJsXCI6IFwiL2luZm8vc2Nob29sL1wifSwge1widGl0bGVcIjogXCJcdTUxNWFcdTU0NThcdTY1NTlcdTgwYjJcIiwgXCJtZW51c1wiOiBbe1widGl0bGVcIjogXCJcdTRmMWFcdThiYWUvXHU2ZDNiXHU1MmE4XCIsIFwidXJsXCI6IFwiL3RlYWNoaW5nL2FjdGl2aXR5L1wiLCBcImljb25cIjogXCJmYSBmYS11c2Vyc1wiLCBcIm9yZGVyXCI6IDEwfSwge1widGl0bGVcIjogXCJcdTViNjZcdTY1ZjZcdTdlZGZcdThiYTFcIiwgXCJ1cmxcIjogXCIvdGVhY2hpbmcvdGFrZXBhcnRpbi9cIiwgXCJpY29uXCI6IFwiZmEgZmEtYmFyLWNoYXJ0XCIsIFwib3JkZXJcIjogMTF9XSwgXCJmaXJzdF9pY29uXCI6IFwiZmEgZmEtdXNlcnNcIiwgXCJmaXJzdF91cmxcIjogXCIvdGVhY2hpbmcvYWN0aXZpdHkvXCJ9LCB7XCJ0aXRsZVwiOiBcIlx1NzUyOFx1NjIzN1wiLCBcIm1lbnVzXCI6IFt7XCJ0aXRsZVwiOiBcIlx1NjIxMVx1NzY4NFx1OGQyNlx1NTNmN1wiLCBcInVybFwiOiBcIi91c2VyL3VzZXIvXCIsIFwiaWNvblwiOiBcImZhIGZhLXZjYXJkXCIsIFwib3JkZXJcIjogNX1dLCBcImZpcnN0X2ljb25cIjogXCJmYSBmYS12Y2FyZFwiLCBcImZpcnN0X3VybFwiOiBcIi91c2VyL3VzZXIvXCJ9XSIsIkxJU1RfUVVFUlkiOltbImluZm8iLCJtZW1iZXIiXSwiIl0sIndpemFyZF9pbmZvbWVtYmVyX2FkbWluX3dpemFyZF9mb3JtX3BsdWdpbiI6eyJzdGVwIjoiXHU1N2ZhXHU2NzJjXHU0ZmUxXHU2MDZmIiwic3RlcF9kYXRhIjp7fSwic3RlcF9maWxlcyI6e30sImV4dHJhX2RhdGEiOnt9fX0=','2019-03-03 09:36:45.718858'),('e2qfvrss4ozogm33iu17t6vb79ezesj9','ZjhlODVmMDhkNWVjZGY1MDU5YTZjM2FjM2YzY2U1MTk2NmY4ZDAwYTp7Il9hdXRoX3VzZXJfaWQiOiIxNjMzNzExMyIsIl9hdXRoX3VzZXJfYmFja2VuZCI6ImRqYW5nby5jb250cmliLmF1dGguYmFja2VuZHMuTW9kZWxCYWNrZW5kIiwiX2F1dGhfdXNlcl9oYXNoIjoiZmY1Y2RjMGRjOTQxM2MzYmQyNzZhMDg2N2Q0YzBkMzFmNmI4ZGNkOSIsIm5hdl9tZW51IjoiW3tcInRpdGxlXCI6IFwiXHU1MTVhXHU1NDU4XHU1M2QxXHU1YzU1XCIsIFwibWVudXNcIjogW3tcInRpdGxlXCI6IFwiXHU1MTVhXHU2NTJmXHU5MGU4XCIsIFwidXJsXCI6IFwiL2luZm8vYnJhbmNoL1wiLCBcImljb25cIjogXCJmYSBmYS11c2VyXCIsIFwib3JkZXJcIjogN30sIHtcInRpdGxlXCI6IFwiXHU2MjEwXHU1NDU4XHU0ZmUxXHU2MDZmXCIsIFwidXJsXCI6IFwiL2luZm8vbWVtYmVyL1wiLCBcImljb25cIjogXCJmYSBmYS1pbmZvXCIsIFwib3JkZXJcIjogOH0sIHtcInRpdGxlXCI6IFwiXHU1M2QxXHU1YzU1XHU2ZDQxXHU3YTBiXHU0ZjlkXHU4ZDU2XCIsIFwidXJsXCI6IFwiL2luZm8vZGVwZW5kZW5jeS9cIiwgXCJpY29uXCI6IG51bGwsIFwib3JkZXJcIjogOX1dLCBcImZpcnN0X2ljb25cIjogXCJmYSBmYS11bml2ZXJzaXR5XCIsIFwiZmlyc3RfdXJsXCI6IFwiL2luZm8vc2Nob29sL1wifSwge1widGl0bGVcIjogXCJcdTUxNWFcdTU0NThcdTY1NTlcdTgwYjJcIiwgXCJtZW51c1wiOiBbe1widGl0bGVcIjogXCJcdTRmMWFcdThiYWUvXHU2ZDNiXHU1MmE4XCIsIFwidXJsXCI6IFwiL3RlYWNoaW5nL2FjdGl2aXR5L1wiLCBcImljb25cIjogXCJmYSBmYS11c2Vyc1wiLCBcIm9yZGVyXCI6IDEwfSwge1widGl0bGVcIjogXCJcdTViNjZcdTY1ZjZcdTdlZGZcdThiYTFcIiwgXCJ1cmxcIjogXCIvdGVhY2hpbmcvdGFrZXBhcnRpbi9cIiwgXCJpY29uXCI6IFwiZmEgZmEtYmFyLWNoYXJ0XCIsIFwib3JkZXJcIjogMTF9LCB7XCJ0aXRsZVwiOiBcIlx1NWI2Nlx1NGU2MFx1NjI1M1x1NTM2MVwiLCBcInVybFwiOiBcIi90ZWFjaGluZy9zaGFyaW5nL1wiLCBcImljb25cIjogbnVsbCwgXCJvcmRlclwiOiAxMn1dLCBcImZpcnN0X2ljb25cIjogXCJmYSBmYS11c2Vyc1wiLCBcImZpcnN0X3VybFwiOiBcIi90ZWFjaGluZy9hY3Rpdml0eS9cIn0sIHtcInRpdGxlXCI6IFwiXHU3NTI4XHU2MjM3XCIsIFwibWVudXNcIjogW3tcInRpdGxlXCI6IFwiXHU2MjExXHU3Njg0XHU4ZDI2XHU1M2Y3XCIsIFwidXJsXCI6IFwiL3VzZXIvdXNlci9cIiwgXCJpY29uXCI6IFwiZmEgZmEtdmNhcmRcIiwgXCJvcmRlclwiOiA1fV0sIFwiZmlyc3RfaWNvblwiOiBcImZhIGZhLXZjYXJkXCIsIFwiZmlyc3RfdXJsXCI6IFwiL3VzZXIvdXNlci9cIn1dIiwiTElTVF9RVUVSWSI6W1sidGVhY2hpbmciLCJzaGFyaW5nIl0sIiJdfQ==','2019-03-18 16:38:56.215238'),('edns94766jsvlbszt7g84bcmo4slwgil','ZTgyYTYwNDcxYjZhMzJmOGZmYjQ4YmMxYzI1OTg4N2JiOTU1ODJmMDp7Il9hdXRoX3VzZXJfaWQiOiIxNTMzNjE0MSIsIl9hdXRoX3VzZXJfYmFja2VuZCI6ImRqYW5nby5jb250cmliLmF1dGguYmFja2VuZHMuTW9kZWxCYWNrZW5kIiwiX2F1dGhfdXNlcl9oYXNoIjoiMmE2MTQ2NzhhMGIzMzIxYTkzYzcxODE2ZmI4ZjA4N2NlYmM1YTM3ZiIsIm5hdl9tZW51IjoiW3tcInRpdGxlXCI6IFwiXHU1MTVhXHU1NDU4XHU1M2QxXHU1YzU1XCIsIFwibWVudXNcIjogW3tcInRpdGxlXCI6IFwiXHU2MjEwXHU1NDU4XHU0ZmUxXHU2MDZmXCIsIFwidXJsXCI6IFwiL2luZm8vbWVtYmVyL1wiLCBcImljb25cIjogXCJmYSBmYS1pbmZvXCIsIFwib3JkZXJcIjogOX1dLCBcImZpcnN0X2ljb25cIjogXCJmYSBmYS11bml2ZXJzaXR5XCIsIFwiZmlyc3RfdXJsXCI6IFwiL2luZm8vc2Nob29sL1wifSwge1widGl0bGVcIjogXCJcdTUxNWFcdTU0NThcdTY1NTlcdTgwYjJcIiwgXCJtZW51c1wiOiBbe1widGl0bGVcIjogXCJcdTRmMWFcdThiYWUvXHU2ZDNiXHU1MmE4XCIsIFwidXJsXCI6IFwiL3RlYWNoaW5nL2FjdGl2aXR5L1wiLCBcImljb25cIjogXCJmYSBmYS11c2Vyc1wiLCBcIm9yZGVyXCI6IDEwfSwge1widGl0bGVcIjogXCJcdTViNjZcdTY1ZjZcdTdlZGZcdThiYTFcIiwgXCJ1cmxcIjogXCIvdGVhY2hpbmcvdGFrZXBhcnRpbi9cIiwgXCJpY29uXCI6IFwiZmEgZmEtYmFyLWNoYXJ0XCIsIFwib3JkZXJcIjogMTF9XSwgXCJmaXJzdF9pY29uXCI6IFwiZmEgZmEtdXNlcnNcIiwgXCJmaXJzdF91cmxcIjogXCIvdGVhY2hpbmcvYWN0aXZpdHkvXCJ9LCB7XCJ0aXRsZVwiOiBcIlx1NzUyOFx1NjIzN1wiLCBcIm1lbnVzXCI6IFt7XCJ0aXRsZVwiOiBcIlx1NjIxMVx1NzY4NFx1OGQyNlx1NTNmN1wiLCBcInVybFwiOiBcIi91c2VyL3VzZXIvXCIsIFwiaWNvblwiOiBcImZhIGZhLXZjYXJkXCIsIFwib3JkZXJcIjogNX1dLCBcImZpcnN0X2ljb25cIjogXCJmYSBmYS12Y2FyZFwiLCBcImZpcnN0X3VybFwiOiBcIi91c2VyL3VzZXIvXCJ9XSIsIkxJU1RfUVVFUlkiOltbImluZm8iLCJtZW1iZXIiXSwiIl0sIndpemFyZF9pbmZvbWVtYmVyX2FkbWluX3dpemFyZF9mb3JtX3BsdWdpbiI6eyJzdGVwIjoiXHU1N2ZhXHU2NzJjXHU0ZmUxXHU2MDZmIiwic3RlcF9kYXRhIjp7fSwic3RlcF9maWxlcyI6e30sImV4dHJhX2RhdGEiOnt9fX0=','2019-03-03 16:46:49.115937'),('ekgam9pqj4xmhqo7p106cf8obzb3vbb6','MGExOWRiYzlmODVhNDFkYzM3MzczODZjZjBjZDgzZDg0ZDczODIwYTp7Il9hdXRoX3VzZXJfaWQiOiIxNzM0MTA5OSIsIl9hdXRoX3VzZXJfYmFja2VuZCI6ImRqYW5nby5jb250cmliLmF1dGguYmFja2VuZHMuTW9kZWxCYWNrZW5kIiwiX2F1dGhfdXNlcl9oYXNoIjoiZjA4ZmZjNDY1YmJjMWY1ZWZhYmQwMzk0NjRjNmEwNWNhODljYmNjZCIsIm5hdl9tZW51IjoiW3tcInRpdGxlXCI6IFwiXHU1MTVhXHU1NDU4XHU1M2QxXHU1YzU1XCIsIFwibWVudXNcIjogW3tcInRpdGxlXCI6IFwiXHU2MjEwXHU1NDU4XHU0ZmUxXHU2MDZmXCIsIFwidXJsXCI6IFwiL2luZm8vbWVtYmVyL1wiLCBcImljb25cIjogXCJmYSBmYS1pbmZvXCIsIFwib3JkZXJcIjogOX1dLCBcImZpcnN0X2ljb25cIjogXCJmYSBmYS11bml2ZXJzaXR5XCIsIFwiZmlyc3RfdXJsXCI6IFwiL2luZm8vc2Nob29sL1wifSwge1widGl0bGVcIjogXCJcdTUxNWFcdTU0NThcdTY1NTlcdTgwYjJcIiwgXCJtZW51c1wiOiBbe1widGl0bGVcIjogXCJcdTRmMWFcdThiYWUvXHU2ZDNiXHU1MmE4XCIsIFwidXJsXCI6IFwiL3RlYWNoaW5nL2FjdGl2aXR5L1wiLCBcImljb25cIjogXCJmYSBmYS11c2Vyc1wiLCBcIm9yZGVyXCI6IDEwfSwge1widGl0bGVcIjogXCJcdTViNjZcdTY1ZjZcdTdlZGZcdThiYTFcIiwgXCJ1cmxcIjogXCIvdGVhY2hpbmcvdGFrZXBhcnRpbi9cIiwgXCJpY29uXCI6IFwiZmEgZmEtYmFyLWNoYXJ0XCIsIFwib3JkZXJcIjogMTF9XSwgXCJmaXJzdF9pY29uXCI6IFwiZmEgZmEtdXNlcnNcIiwgXCJmaXJzdF91cmxcIjogXCIvdGVhY2hpbmcvYWN0aXZpdHkvXCJ9LCB7XCJ0aXRsZVwiOiBcIlx1NzUyOFx1NjIzN1wiLCBcIm1lbnVzXCI6IFt7XCJ0aXRsZVwiOiBcIlx1NjIxMVx1NzY4NFx1OGQyNlx1NTNmN1wiLCBcInVybFwiOiBcIi91c2VyL3VzZXIvXCIsIFwiaWNvblwiOiBcImZhIGZhLXZjYXJkXCIsIFwib3JkZXJcIjogNX1dLCBcImZpcnN0X2ljb25cIjogXCJmYSBmYS12Y2FyZFwiLCBcImZpcnN0X3VybFwiOiBcIi91c2VyL3VzZXIvXCJ9XSIsIndpemFyZF9pbmZvbWVtYmVyX2FkbWluX3dpemFyZF9mb3JtX3BsdWdpbiI6eyJzdGVwIjoiXHU1N2ZhXHU2NzJjXHU0ZmUxXHU2MDZmIiwic3RlcF9kYXRhIjp7fSwic3RlcF9maWxlcyI6e30sImV4dHJhX2RhdGEiOnt9fSwiTElTVF9RVUVSWSI6W1sieGFkbWluIiwidXNlcnNldHRpbmdzIl0sIl9yZWxfdXNlcl9fdXNlcm5hbWVfX2V4YWN0PTE3MzQxMDk5Il19','2019-03-03 19:49:26.291319'),('ezctv5jw3dtyak4k5b82uw5cj601oe7w','NGYxNmE2YTdkOTU1YWNkZjdkYzQyNzkxYmQ4NDhlOWEwOTYyYTY2OTp7Il9hdXRoX3VzZXJfaWQiOiIxNjMzNzE5MSIsIl9hdXRoX3VzZXJfYmFja2VuZCI6ImRqYW5nby5jb250cmliLmF1dGguYmFja2VuZHMuTW9kZWxCYWNrZW5kIiwiX2F1dGhfdXNlcl9oYXNoIjoiNjM2MDUxZjA4YTNmYTVlMDRhNDZiZWQwNjI1NGRkMWUwNjhhOTI5MCIsIm5hdl9tZW51IjoiW3tcInRpdGxlXCI6IFwiXHU1MTVhXHU1NDU4XHU1M2QxXHU1YzU1XCIsIFwibWVudXNcIjogW3tcInRpdGxlXCI6IFwiXHU2MjEwXHU1NDU4XHU0ZmUxXHU2MDZmXCIsIFwidXJsXCI6IFwiL2luZm8vbWVtYmVyL1wiLCBcImljb25cIjogXCJmYSBmYS1pbmZvXCIsIFwib3JkZXJcIjogOH1dLCBcImZpcnN0X2ljb25cIjogXCJmYSBmYS11bml2ZXJzaXR5XCIsIFwiZmlyc3RfdXJsXCI6IFwiL2luZm8vc2Nob29sL1wifSwge1widGl0bGVcIjogXCJcdTUxNWFcdTU0NThcdTY1NTlcdTgwYjJcIiwgXCJtZW51c1wiOiBbe1widGl0bGVcIjogXCJcdTRmMWFcdThiYWUvXHU2ZDNiXHU1MmE4XCIsIFwidXJsXCI6IFwiL3RlYWNoaW5nL2FjdGl2aXR5L1wiLCBcImljb25cIjogXCJmYSBmYS11c2Vyc1wiLCBcIm9yZGVyXCI6IDEwfSwge1widGl0bGVcIjogXCJcdTViNjZcdTY1ZjZcdTdlZGZcdThiYTFcIiwgXCJ1cmxcIjogXCIvdGVhY2hpbmcvdGFrZXBhcnRpbi9cIiwgXCJpY29uXCI6IFwiZmEgZmEtYmFyLWNoYXJ0XCIsIFwib3JkZXJcIjogMTF9LCB7XCJ0aXRsZVwiOiBcIlx1NWI2Nlx1NGU2MFx1NjI1M1x1NTM2MVwiLCBcInVybFwiOiBcIi90ZWFjaGluZy9zaGFyaW5nL1wiLCBcImljb25cIjogXCJmYSBmYS1ib29rXCIsIFwib3JkZXJcIjogMTJ9XSwgXCJmaXJzdF9pY29uXCI6IFwiZmEgZmEtdXNlcnNcIiwgXCJmaXJzdF91cmxcIjogXCIvdGVhY2hpbmcvYWN0aXZpdHkvXCJ9LCB7XCJ0aXRsZVwiOiBcIlx1NzUyOFx1NjIzN1wiLCBcIm1lbnVzXCI6IFt7XCJ0aXRsZVwiOiBcIlx1NjIxMVx1NzY4NFx1OGQyNlx1NTNmN1wiLCBcInVybFwiOiBcIi91c2VyL3VzZXIvXCIsIFwiaWNvblwiOiBcImZhIGZhLXZjYXJkXCIsIFwib3JkZXJcIjogNX1dLCBcImZpcnN0X2ljb25cIjogXCJmYSBmYS12Y2FyZFwiLCBcImZpcnN0X3VybFwiOiBcIi91c2VyL3VzZXIvXCJ9XSIsIkxJU1RfUVVFUlkiOltbInRlYWNoaW5nIiwidGFrZXBhcnRpbiJdLCIiXX0=','2019-03-27 21:28:47.262878'),('f9ar4i4dbc7iopmtl8kavp4pbd1oejxt','MTEwMTMyZDJkZDdiNTU1NmY2ZGEzNzlhYTBmZDI4YTc2YzFiNjRhNzp7Il9hdXRoX3VzZXJfaWQiOiIxNjMzNzExMyIsIl9hdXRoX3VzZXJfYmFja2VuZCI6ImRqYW5nby5jb250cmliLmF1dGguYmFja2VuZHMuTW9kZWxCYWNrZW5kIiwiX2F1dGhfdXNlcl9oYXNoIjoiZmY1Y2RjMGRjOTQxM2MzYmQyNzZhMDg2N2Q0YzBkMzFmNmI4ZGNkOSIsIkxJU1RfUVVFUlkiOltbInRlYWNoaW5nIiwidGFrZXBhcnRpbiJdLCIiXSwid2l6YXJkX2luZm9tZW1iZXJfYWRtaW5fd2l6YXJkX2Zvcm1fcGx1Z2luIjp7InN0ZXAiOiJcdTU3ZmFcdTY3MmNcdTRmZTFcdTYwNmYiLCJzdGVwX2RhdGEiOnt9LCJzdGVwX2ZpbGVzIjp7fSwiZXh0cmFfZGF0YSI6e319LCJuYXZfbWVudSI6Ilt7XCJ0aXRsZVwiOiBcIlx1NTE1YVx1NTQ1OFx1NTNkMVx1NWM1NVwiLCBcIm1lbnVzXCI6IFt7XCJ0aXRsZVwiOiBcIlx1NTE1YVx1NjUyZlx1OTBlOFwiLCBcInVybFwiOiBcIi9pbmZvL2JyYW5jaC9cIiwgXCJpY29uXCI6IFwiZmEgZmEtdXNlclwiLCBcIm9yZGVyXCI6IDd9LCB7XCJ0aXRsZVwiOiBcIlx1NjIxMFx1NTQ1OFx1NGZlMVx1NjA2ZlwiLCBcInVybFwiOiBcIi9pbmZvL21lbWJlci9cIiwgXCJpY29uXCI6IFwiZmEgZmEtaW5mb1wiLCBcIm9yZGVyXCI6IDh9LCB7XCJ0aXRsZVwiOiBcIlx1NTNkMVx1NWM1NVx1NmQ0MVx1N2EwYlx1NGY5ZFx1OGQ1NlwiLCBcInVybFwiOiBcIi9pbmZvL2RlcGVuZGVuY3kvXCIsIFwiaWNvblwiOiBudWxsLCBcIm9yZGVyXCI6IDl9XSwgXCJmaXJzdF9pY29uXCI6IFwiZmEgZmEtdW5pdmVyc2l0eVwiLCBcImZpcnN0X3VybFwiOiBcIi9pbmZvL3NjaG9vbC9cIn0sIHtcInRpdGxlXCI6IFwiXHU1MTVhXHU1NDU4XHU2NTU5XHU4MGIyXCIsIFwibWVudXNcIjogW3tcInRpdGxlXCI6IFwiXHU0ZjFhXHU4YmFlL1x1NmQzYlx1NTJhOFwiLCBcInVybFwiOiBcIi90ZWFjaGluZy9hY3Rpdml0eS9cIiwgXCJpY29uXCI6IFwiZmEgZmEtdXNlcnNcIiwgXCJvcmRlclwiOiAxMH0sIHtcInRpdGxlXCI6IFwiXHU1YjY2XHU2NWY2XHU3ZWRmXHU4YmExXCIsIFwidXJsXCI6IFwiL3RlYWNoaW5nL3Rha2VwYXJ0aW4vXCIsIFwiaWNvblwiOiBcImZhIGZhLWJhci1jaGFydFwiLCBcIm9yZGVyXCI6IDExfV0sIFwiZmlyc3RfaWNvblwiOiBcImZhIGZhLXVzZXJzXCIsIFwiZmlyc3RfdXJsXCI6IFwiL3RlYWNoaW5nL2FjdGl2aXR5L1wifSwge1widGl0bGVcIjogXCJcdTc1MjhcdTYyMzdcIiwgXCJtZW51c1wiOiBbe1widGl0bGVcIjogXCJcdTYyMTFcdTc2ODRcdThkMjZcdTUzZjdcIiwgXCJ1cmxcIjogXCIvdXNlci91c2VyL1wiLCBcImljb25cIjogXCJmYSBmYS12Y2FyZFwiLCBcIm9yZGVyXCI6IDV9XSwgXCJmaXJzdF9pY29uXCI6IFwiZmEgZmEtdmNhcmRcIiwgXCJmaXJzdF91cmxcIjogXCIvdXNlci91c2VyL1wifV0ifQ==','2019-03-13 13:01:04.373118'),('fb4l4fp94gcae3kqqtj8hyck70c6a4yg','MTVkMjk3MDg4NWY0MTg2MjQ5ZDk0Nzc3ZGMzODAzYWJiMzVkZDM3ZTp7Il9hdXRoX3VzZXJfaWQiOiIxNjMzNzE1NCIsIl9hdXRoX3VzZXJfYmFja2VuZCI6ImRqYW5nby5jb250cmliLmF1dGguYmFja2VuZHMuTW9kZWxCYWNrZW5kIiwiX2F1dGhfdXNlcl9oYXNoIjoiMmQ3YzhhZjIwMjcyYTZhNDM4NjdkOGRjODJhMGM1MTE0MjI4NGUxZSIsIm5hdl9tZW51IjoiW3tcInRpdGxlXCI6IFwiXHU1MTVhXHU1NDU4XHU1M2QxXHU1YzU1XCIsIFwibWVudXNcIjogW3tcInRpdGxlXCI6IFwiXHU2MjEwXHU1NDU4XHU0ZmUxXHU2MDZmXCIsIFwidXJsXCI6IFwiL2luZm8vbWVtYmVyL1wiLCBcImljb25cIjogXCJmYSBmYS1pbmZvXCIsIFwib3JkZXJcIjogOH1dLCBcImZpcnN0X2ljb25cIjogXCJmYSBmYS11bml2ZXJzaXR5XCIsIFwiZmlyc3RfdXJsXCI6IFwiL2luZm8vc2Nob29sL1wifSwge1widGl0bGVcIjogXCJcdTUxNWFcdTU0NThcdTY1NTlcdTgwYjJcIiwgXCJtZW51c1wiOiBbe1widGl0bGVcIjogXCJcdTRmMWFcdThiYWUvXHU2ZDNiXHU1MmE4XCIsIFwidXJsXCI6IFwiL3RlYWNoaW5nL2FjdGl2aXR5L1wiLCBcImljb25cIjogXCJmYSBmYS11c2Vyc1wiLCBcIm9yZGVyXCI6IDEwfSwge1widGl0bGVcIjogXCJcdTViNjZcdTY1ZjZcdTdlZGZcdThiYTFcIiwgXCJ1cmxcIjogXCIvdGVhY2hpbmcvdGFrZXBhcnRpbi9cIiwgXCJpY29uXCI6IFwiZmEgZmEtYmFyLWNoYXJ0XCIsIFwib3JkZXJcIjogMTF9XSwgXCJmaXJzdF9pY29uXCI6IFwiZmEgZmEtdXNlcnNcIiwgXCJmaXJzdF91cmxcIjogXCIvdGVhY2hpbmcvYWN0aXZpdHkvXCJ9LCB7XCJ0aXRsZVwiOiBcIlx1NzUyOFx1NjIzN1wiLCBcIm1lbnVzXCI6IFt7XCJ0aXRsZVwiOiBcIlx1NjIxMVx1NzY4NFx1OGQyNlx1NTNmN1wiLCBcInVybFwiOiBcIi91c2VyL3VzZXIvXCIsIFwiaWNvblwiOiBcImZhIGZhLXZjYXJkXCIsIFwib3JkZXJcIjogNX1dLCBcImZpcnN0X2ljb25cIjogXCJmYSBmYS12Y2FyZFwiLCBcImZpcnN0X3VybFwiOiBcIi91c2VyL3VzZXIvXCJ9XSJ9','2019-03-08 13:06:16.360919'),('fhuxnfn8cqoh70fnyx6ftvjrncm5sy7b','Yzc0YWU5ZTNhY2RlMjdjYjc2Y2Q1ZDZjNjhhNmUwYTg1MTAwMDI4Yjp7Il9hdXRoX3VzZXJfaWQiOiIxODM0MDA3NCIsIl9hdXRoX3VzZXJfYmFja2VuZCI6ImRqYW5nby5jb250cmliLmF1dGguYmFja2VuZHMuTW9kZWxCYWNrZW5kIiwiX2F1dGhfdXNlcl9oYXNoIjoiNGFhMmMxMDI3ZjhjMjk2Y2ZlODhiM2QyM2E2ZDg5Zjk1OTFjN2ZjYiIsIm5hdl9tZW51IjoiW3tcInRpdGxlXCI6IFwiXHU1MTVhXHU1NDU4XHU1M2QxXHU1YzU1XCIsIFwibWVudXNcIjogW3tcInRpdGxlXCI6IFwiXHU2MjEwXHU1NDU4XHU0ZmUxXHU2MDZmXCIsIFwidXJsXCI6IFwiL2luZm8vbWVtYmVyL1wiLCBcImljb25cIjogXCJmYSBmYS1pbmZvXCIsIFwib3JkZXJcIjogOX1dLCBcImZpcnN0X2ljb25cIjogXCJmYSBmYS11bml2ZXJzaXR5XCIsIFwiZmlyc3RfdXJsXCI6IFwiL2luZm8vc2Nob29sL1wifSwge1widGl0bGVcIjogXCJcdTUxNWFcdTU0NThcdTY1NTlcdTgwYjJcIiwgXCJtZW51c1wiOiBbe1widGl0bGVcIjogXCJcdTRmMWFcdThiYWUvXHU2ZDNiXHU1MmE4XCIsIFwidXJsXCI6IFwiL3RlYWNoaW5nL2FjdGl2aXR5L1wiLCBcImljb25cIjogXCJmYSBmYS11c2Vyc1wiLCBcIm9yZGVyXCI6IDEwfSwge1widGl0bGVcIjogXCJcdTViNjZcdTY1ZjZcdTdlZGZcdThiYTFcIiwgXCJ1cmxcIjogXCIvdGVhY2hpbmcvdGFrZXBhcnRpbi9cIiwgXCJpY29uXCI6IFwiZmEgZmEtYmFyLWNoYXJ0XCIsIFwib3JkZXJcIjogMTF9XSwgXCJmaXJzdF9pY29uXCI6IFwiZmEgZmEtdXNlcnNcIiwgXCJmaXJzdF91cmxcIjogXCIvdGVhY2hpbmcvYWN0aXZpdHkvXCJ9LCB7XCJ0aXRsZVwiOiBcIlx1NzUyOFx1NjIzN1wiLCBcIm1lbnVzXCI6IFt7XCJ0aXRsZVwiOiBcIlx1NjIxMVx1NzY4NFx1OGQyNlx1NTNmN1wiLCBcInVybFwiOiBcIi91c2VyL3VzZXIvXCIsIFwiaWNvblwiOiBcImZhIGZhLXZjYXJkXCIsIFwib3JkZXJcIjogNX1dLCBcImZpcnN0X2ljb25cIjogXCJmYSBmYS12Y2FyZFwiLCBcImZpcnN0X3VybFwiOiBcIi91c2VyL3VzZXIvXCJ9XSIsIndpemFyZF9pbmZvbWVtYmVyX2FkbWluX3dpemFyZF9mb3JtX3BsdWdpbiI6eyJzdGVwIjoiXHU1N2ZhXHU2NzJjXHU0ZmUxXHU2MDZmIiwic3RlcF9kYXRhIjp7fSwic3RlcF9maWxlcyI6e30sImV4dHJhX2RhdGEiOnt9fSwiTElTVF9RVUVSWSI6W1siaW5mbyIsIm1lbWJlciJdLCIiXX0=','2019-03-04 23:45:48.800106'),('fjmctdc99iajkworp2tfbbwwakt18y2o','ZGU4MGQxM2MxNDIyMWVkMGMzM2E1NmQxMGE1ZmY1NjNjZDk3Yjk5OTp7Il9hdXRoX3VzZXJfaWQiOiIxNzM0MTA5NyIsIl9hdXRoX3VzZXJfYmFja2VuZCI6ImRqYW5nby5jb250cmliLmF1dGguYmFja2VuZHMuTW9kZWxCYWNrZW5kIiwiX2F1dGhfdXNlcl9oYXNoIjoiNjQxY2Y2YWZmOTRkZDRhYjI5ZTEzMWYxZWRjZGJiMmU0NDhlZmJjZSIsIm5hdl9tZW51IjoiW3tcInRpdGxlXCI6IFwiXHU1MTVhXHU1NDU4XHU1M2QxXHU1YzU1XCIsIFwibWVudXNcIjogW3tcInRpdGxlXCI6IFwiXHU2MjEwXHU1NDU4XHU0ZmUxXHU2MDZmXCIsIFwidXJsXCI6IFwiL2luZm8vbWVtYmVyL1wiLCBcImljb25cIjogXCJmYSBmYS1pbmZvXCIsIFwib3JkZXJcIjogOX1dLCBcImZpcnN0X2ljb25cIjogXCJmYSBmYS11bml2ZXJzaXR5XCIsIFwiZmlyc3RfdXJsXCI6IFwiL2luZm8vc2Nob29sL1wifSwge1widGl0bGVcIjogXCJcdTUxNWFcdTU0NThcdTY1NTlcdTgwYjJcIiwgXCJtZW51c1wiOiBbe1widGl0bGVcIjogXCJcdTRmMWFcdThiYWUvXHU2ZDNiXHU1MmE4XCIsIFwidXJsXCI6IFwiL3RlYWNoaW5nL2FjdGl2aXR5L1wiLCBcImljb25cIjogXCJmYSBmYS11c2Vyc1wiLCBcIm9yZGVyXCI6IDEwfSwge1widGl0bGVcIjogXCJcdTViNjZcdTY1ZjZcdTdlZGZcdThiYTFcIiwgXCJ1cmxcIjogXCIvdGVhY2hpbmcvdGFrZXBhcnRpbi9cIiwgXCJpY29uXCI6IFwiZmEgZmEtYmFyLWNoYXJ0XCIsIFwib3JkZXJcIjogMTF9XSwgXCJmaXJzdF9pY29uXCI6IFwiZmEgZmEtdXNlcnNcIiwgXCJmaXJzdF91cmxcIjogXCIvdGVhY2hpbmcvYWN0aXZpdHkvXCJ9LCB7XCJ0aXRsZVwiOiBcIlx1NzUyOFx1NjIzN1wiLCBcIm1lbnVzXCI6IFt7XCJ0aXRsZVwiOiBcIlx1NjIxMVx1NzY4NFx1OGQyNlx1NTNmN1wiLCBcInVybFwiOiBcIi91c2VyL3VzZXIvXCIsIFwiaWNvblwiOiBcImZhIGZhLXZjYXJkXCIsIFwib3JkZXJcIjogNX1dLCBcImZpcnN0X2ljb25cIjogXCJmYSBmYS12Y2FyZFwiLCBcImZpcnN0X3VybFwiOiBcIi91c2VyL3VzZXIvXCJ9XSIsIndpemFyZF9pbmZvbWVtYmVyX2FkbWluX3dpemFyZF9mb3JtX3BsdWdpbiI6eyJzdGVwIjoiXHU1N2ZhXHU2NzJjXHU0ZmUxXHU2MDZmIiwic3RlcF9kYXRhIjp7fSwic3RlcF9maWxlcyI6e30sImV4dHJhX2RhdGEiOnt9fSwiTElTVF9RVUVSWSI6W1siaW5mbyIsIm1lbWJlciJdLCIiXX0=','2019-03-03 17:52:12.595407'),('g7hg6ww3n8f2bqb5fxmfo3kredtk56m4','YjRjOGUwNTU0ZDUwOWQxZWQ0YmE3NGMyZmQ4Mzk1MWRlZGViOWE3ZDp7Il9hdXRoX3VzZXJfaWQiOiIxNzM0MTA5NyIsIl9hdXRoX3VzZXJfYmFja2VuZCI6ImRqYW5nby5jb250cmliLmF1dGguYmFja2VuZHMuTW9kZWxCYWNrZW5kIiwiX2F1dGhfdXNlcl9oYXNoIjoiYmQyYjUyMjJkMTllNDRhNjViNjYwZjdhZGQ3Zjg1OTRhMmU4NDNkOSIsIm5hdl9tZW51IjoiW3tcInRpdGxlXCI6IFwiXHU1MTVhXHU1NDU4XHU1M2QxXHU1YzU1XCIsIFwibWVudXNcIjogW3tcInRpdGxlXCI6IFwiXHU2MjEwXHU1NDU4XHU0ZmUxXHU2MDZmXCIsIFwidXJsXCI6IFwiL2luZm8vbWVtYmVyL1wiLCBcImljb25cIjogXCJmYSBmYS1pbmZvXCIsIFwib3JkZXJcIjogOH1dLCBcImZpcnN0X2ljb25cIjogXCJmYSBmYS11bml2ZXJzaXR5XCIsIFwiZmlyc3RfdXJsXCI6IFwiL2luZm8vc2Nob29sL1wifSwge1widGl0bGVcIjogXCJcdTUxNWFcdTU0NThcdTY1NTlcdTgwYjJcIiwgXCJtZW51c1wiOiBbe1widGl0bGVcIjogXCJcdTRmMWFcdThiYWUvXHU2ZDNiXHU1MmE4XCIsIFwidXJsXCI6IFwiL3RlYWNoaW5nL2FjdGl2aXR5L1wiLCBcImljb25cIjogXCJmYSBmYS11c2Vyc1wiLCBcIm9yZGVyXCI6IDEwfSwge1widGl0bGVcIjogXCJcdTViNjZcdTY1ZjZcdTdlZGZcdThiYTFcIiwgXCJ1cmxcIjogXCIvdGVhY2hpbmcvdGFrZXBhcnRpbi9cIiwgXCJpY29uXCI6IFwiZmEgZmEtYmFyLWNoYXJ0XCIsIFwib3JkZXJcIjogMTF9LCB7XCJ0aXRsZVwiOiBcIlx1NWI2Nlx1NGU2MFx1NWYzYVx1NTZmZFx1NjI1M1x1NTM2MVwiLCBcInVybFwiOiBcIi90ZWFjaGluZy9zaGFyaW5nL1wiLCBcImljb25cIjogbnVsbCwgXCJvcmRlclwiOiAxMn1dLCBcImZpcnN0X2ljb25cIjogXCJmYSBmYS11c2Vyc1wiLCBcImZpcnN0X3VybFwiOiBcIi90ZWFjaGluZy9hY3Rpdml0eS9cIn0sIHtcInRpdGxlXCI6IFwiXHU3NTI4XHU2MjM3XCIsIFwibWVudXNcIjogW3tcInRpdGxlXCI6IFwiXHU2MjExXHU3Njg0XHU4ZDI2XHU1M2Y3XCIsIFwidXJsXCI6IFwiL3VzZXIvdXNlci9cIiwgXCJpY29uXCI6IFwiZmEgZmEtdmNhcmRcIiwgXCJvcmRlclwiOiA1fV0sIFwiZmlyc3RfaWNvblwiOiBcImZhIGZhLXZjYXJkXCIsIFwiZmlyc3RfdXJsXCI6IFwiL3VzZXIvdXNlci9cIn1dIiwiTElTVF9RVUVSWSI6W1sidGVhY2hpbmciLCJ0YWtlcGFydGluIl0sIiJdfQ==','2019-03-15 21:28:55.075549'),('gjo7f827wd9mzndb49wmbjdiqxvlno42','YzIzYTc5ZGY4NjYzOTY1ZGQwNDBkOTE5OTFmZDZhODYyZjQ5NGMwMjp7Il9hdXRoX3VzZXJfaWQiOiIxNjMzNzEwNiIsIl9hdXRoX3VzZXJfYmFja2VuZCI6ImRqYW5nby5jb250cmliLmF1dGguYmFja2VuZHMuTW9kZWxCYWNrZW5kIiwiX2F1dGhfdXNlcl9oYXNoIjoiODlkZTc4MGY2ZWU5YjdhMGI0OTdiNDBjZjBiNDZkNzMyYTNlOGM5YiIsIm5hdl9tZW51IjoiW3tcInRpdGxlXCI6IFwiXHU1MTVhXHU1NDU4XHU1M2QxXHU1YzU1XCIsIFwibWVudXNcIjogW3tcInRpdGxlXCI6IFwiXHU2MjEwXHU1NDU4XHU0ZmUxXHU2MDZmXCIsIFwidXJsXCI6IFwiL2luZm8vbWVtYmVyL1wiLCBcImljb25cIjogXCJmYSBmYS1pbmZvXCIsIFwib3JkZXJcIjogOH1dLCBcImZpcnN0X2ljb25cIjogXCJmYSBmYS11bml2ZXJzaXR5XCIsIFwiZmlyc3RfdXJsXCI6IFwiL2luZm8vc2Nob29sL1wifSwge1widGl0bGVcIjogXCJcdTUxNWFcdTU0NThcdTY1NTlcdTgwYjJcIiwgXCJtZW51c1wiOiBbe1widGl0bGVcIjogXCJcdTRmMWFcdThiYWUvXHU2ZDNiXHU1MmE4XCIsIFwidXJsXCI6IFwiL3RlYWNoaW5nL2FjdGl2aXR5L1wiLCBcImljb25cIjogXCJmYSBmYS11c2Vyc1wiLCBcIm9yZGVyXCI6IDEwfSwge1widGl0bGVcIjogXCJcdTViNjZcdTY1ZjZcdTdlZGZcdThiYTFcIiwgXCJ1cmxcIjogXCIvdGVhY2hpbmcvdGFrZXBhcnRpbi9cIiwgXCJpY29uXCI6IFwiZmEgZmEtYmFyLWNoYXJ0XCIsIFwib3JkZXJcIjogMTF9LCB7XCJ0aXRsZVwiOiBcIlx1NWI2Nlx1NGU2MFx1NjI1M1x1NTM2MVwiLCBcInVybFwiOiBcIi90ZWFjaGluZy9zaGFyaW5nL1wiLCBcImljb25cIjogbnVsbCwgXCJvcmRlclwiOiAxMn1dLCBcImZpcnN0X2ljb25cIjogXCJmYSBmYS11c2Vyc1wiLCBcImZpcnN0X3VybFwiOiBcIi90ZWFjaGluZy9hY3Rpdml0eS9cIn0sIHtcInRpdGxlXCI6IFwiXHU3NTI4XHU2MjM3XCIsIFwibWVudXNcIjogW3tcInRpdGxlXCI6IFwiXHU2MjExXHU3Njg0XHU4ZDI2XHU1M2Y3XCIsIFwidXJsXCI6IFwiL3VzZXIvdXNlci9cIiwgXCJpY29uXCI6IFwiZmEgZmEtdmNhcmRcIiwgXCJvcmRlclwiOiA1fV0sIFwiZmlyc3RfaWNvblwiOiBcImZhIGZhLXZjYXJkXCIsIFwiZmlyc3RfdXJsXCI6IFwiL3VzZXIvdXNlci9cIn1dIn0=','2019-03-18 18:51:57.166809'),('gkis6zofcrlh0g0ifkciq4r9vqajbn5m','ZDhmZmI2ZjUyNjQ0MDNlNjlmZTYyN2M1NzAyOWJkODNjZGMxZTFiMjp7Il9hdXRoX3VzZXJfaWQiOiIxODM0MDA2OSIsIl9hdXRoX3VzZXJfYmFja2VuZCI6ImRqYW5nby5jb250cmliLmF1dGguYmFja2VuZHMuTW9kZWxCYWNrZW5kIiwiX2F1dGhfdXNlcl9oYXNoIjoiYjYzMWRkMWI2NjcyNzMxMGNkYjE2YmQ5ZTM2ZmNiOGRmOTUxZmE4ZCIsIm5hdl9tZW51IjoiW3tcInRpdGxlXCI6IFwiXHU1MTVhXHU1NDU4XHU1M2QxXHU1YzU1XCIsIFwibWVudXNcIjogW3tcInRpdGxlXCI6IFwiXHU2MjEwXHU1NDU4XHU0ZmUxXHU2MDZmXCIsIFwidXJsXCI6IFwiL2luZm8vbWVtYmVyL1wiLCBcImljb25cIjogXCJmYSBmYS1pbmZvXCIsIFwib3JkZXJcIjogOH1dLCBcImZpcnN0X2ljb25cIjogXCJmYSBmYS11bml2ZXJzaXR5XCIsIFwiZmlyc3RfdXJsXCI6IFwiL2luZm8vc2Nob29sL1wifSwge1widGl0bGVcIjogXCJcdTUxNWFcdTU0NThcdTY1NTlcdTgwYjJcIiwgXCJtZW51c1wiOiBbe1widGl0bGVcIjogXCJcdTRmMWFcdThiYWUvXHU2ZDNiXHU1MmE4XCIsIFwidXJsXCI6IFwiL3RlYWNoaW5nL2FjdGl2aXR5L1wiLCBcImljb25cIjogXCJmYSBmYS11c2Vyc1wiLCBcIm9yZGVyXCI6IDEwfSwge1widGl0bGVcIjogXCJcdTViNjZcdTY1ZjZcdTdlZGZcdThiYTFcIiwgXCJ1cmxcIjogXCIvdGVhY2hpbmcvdGFrZXBhcnRpbi9cIiwgXCJpY29uXCI6IFwiZmEgZmEtYmFyLWNoYXJ0XCIsIFwib3JkZXJcIjogMTF9LCB7XCJ0aXRsZVwiOiBcIlx1NWI2Nlx1NGU2MFx1NjI1M1x1NTM2MVwiLCBcInVybFwiOiBcIi90ZWFjaGluZy9zaGFyaW5nL1wiLCBcImljb25cIjogXCJmYSBmYS1ib29rXCIsIFwib3JkZXJcIjogMTJ9XSwgXCJmaXJzdF9pY29uXCI6IFwiZmEgZmEtdXNlcnNcIiwgXCJmaXJzdF91cmxcIjogXCIvdGVhY2hpbmcvYWN0aXZpdHkvXCJ9LCB7XCJ0aXRsZVwiOiBcIlx1NzUyOFx1NjIzN1wiLCBcIm1lbnVzXCI6IFt7XCJ0aXRsZVwiOiBcIlx1NjIxMVx1NzY4NFx1OGQyNlx1NTNmN1wiLCBcInVybFwiOiBcIi91c2VyL3VzZXIvXCIsIFwiaWNvblwiOiBcImZhIGZhLXZjYXJkXCIsIFwib3JkZXJcIjogNX1dLCBcImZpcnN0X2ljb25cIjogXCJmYSBmYS12Y2FyZFwiLCBcImZpcnN0X3VybFwiOiBcIi91c2VyL3VzZXIvXCJ9XSIsIkxJU1RfUVVFUlkiOltbInRlYWNoaW5nIiwidGFrZXBhcnRpbiJdLCIiXX0=','2019-03-28 00:01:09.264941'),('gr3v1aes6ag0t2g2bc5iungwfot2708r','YTU1YmViYTQyYTczZTg4ZjQ1NDQyNjY2NDhjN2RhYzk0MmZiYmY3ZDp7Il9hdXRoX3VzZXJfaWQiOiIxNTMzNjEwMiIsIl9hdXRoX3VzZXJfYmFja2VuZCI6ImRqYW5nby5jb250cmliLmF1dGguYmFja2VuZHMuTW9kZWxCYWNrZW5kIiwiX2F1dGhfdXNlcl9oYXNoIjoiODkwMWE5ZTFhNzNhNWIyNGQ2OGJlZjg5ZTY2Njk4YWI2NzE0NjRkMyIsIm5hdl9tZW51IjoiW3tcInRpdGxlXCI6IFwiXHU1MTVhXHU1NDU4XHU1M2QxXHU1YzU1XCIsIFwibWVudXNcIjogW3tcInRpdGxlXCI6IFwiXHU2MjEwXHU1NDU4XHU0ZmUxXHU2MDZmXCIsIFwidXJsXCI6IFwiL2luZm8vbWVtYmVyL1wiLCBcImljb25cIjogXCJmYSBmYS1pbmZvXCIsIFwib3JkZXJcIjogOH1dLCBcImZpcnN0X2ljb25cIjogXCJmYSBmYS11bml2ZXJzaXR5XCIsIFwiZmlyc3RfdXJsXCI6IFwiL2luZm8vc2Nob29sL1wifSwge1widGl0bGVcIjogXCJcdTUxNWFcdTU0NThcdTY1NTlcdTgwYjJcIiwgXCJtZW51c1wiOiBbe1widGl0bGVcIjogXCJcdTRmMWFcdThiYWUvXHU2ZDNiXHU1MmE4XCIsIFwidXJsXCI6IFwiL3RlYWNoaW5nL2FjdGl2aXR5L1wiLCBcImljb25cIjogXCJmYSBmYS11c2Vyc1wiLCBcIm9yZGVyXCI6IDEwfSwge1widGl0bGVcIjogXCJcdTViNjZcdTY1ZjZcdTdlZGZcdThiYTFcIiwgXCJ1cmxcIjogXCIvdGVhY2hpbmcvdGFrZXBhcnRpbi9cIiwgXCJpY29uXCI6IFwiZmEgZmEtYmFyLWNoYXJ0XCIsIFwib3JkZXJcIjogMTF9LCB7XCJ0aXRsZVwiOiBcIlx1NWI2Nlx1NGU2MFx1NjI1M1x1NTM2MVwiLCBcInVybFwiOiBcIi90ZWFjaGluZy9zaGFyaW5nL1wiLCBcImljb25cIjogXCJmYSBmYS1ib29rXCIsIFwib3JkZXJcIjogMTJ9XSwgXCJmaXJzdF9pY29uXCI6IFwiZmEgZmEtdXNlcnNcIiwgXCJmaXJzdF91cmxcIjogXCIvdGVhY2hpbmcvYWN0aXZpdHkvXCJ9LCB7XCJ0aXRsZVwiOiBcIlx1NzUyOFx1NjIzN1wiLCBcIm1lbnVzXCI6IFt7XCJ0aXRsZVwiOiBcIlx1NjIxMVx1NzY4NFx1OGQyNlx1NTNmN1wiLCBcInVybFwiOiBcIi91c2VyL3VzZXIvXCIsIFwiaWNvblwiOiBcImZhIGZhLXZjYXJkXCIsIFwib3JkZXJcIjogNX1dLCBcImZpcnN0X2ljb25cIjogXCJmYSBmYS12Y2FyZFwiLCBcImZpcnN0X3VybFwiOiBcIi91c2VyL3VzZXIvXCJ9XSIsIkxJU1RfUVVFUlkiOltbInRlYWNoaW5nIiwidGFrZXBhcnRpbiJdLCIiXX0=','2019-03-28 12:06:20.546143'),('grvyup84enkvxfjpttc4anb2qjsf777k','MzEwYTM1ZGQzNGExODFjZmNiMDBkYzFlMDg0MTM1ODE0MDQ2ZmQ0Mzp7Il9hdXRoX3VzZXJfaWQiOiIxNTMzNjEwMiIsIl9hdXRoX3VzZXJfYmFja2VuZCI6ImRqYW5nby5jb250cmliLmF1dGguYmFja2VuZHMuTW9kZWxCYWNrZW5kIiwiX2F1dGhfdXNlcl9oYXNoIjoiNzczOTk3OGZjMzg2ZTIxYTIwYTE5YjVjYzE5ZTQ2ODk5ZDRmNjQyNSIsIm5hdl9tZW51IjoiW3tcInRpdGxlXCI6IFwiXHU1MTVhXHU1NDU4XHU1M2QxXHU1YzU1XCIsIFwibWVudXNcIjogW3tcInRpdGxlXCI6IFwiXHU2MjEwXHU1NDU4XHU0ZmUxXHU2MDZmXCIsIFwidXJsXCI6IFwiL2luZm8vbWVtYmVyL1wiLCBcImljb25cIjogXCJmYSBmYS1pbmZvXCIsIFwib3JkZXJcIjogOX1dLCBcImZpcnN0X2ljb25cIjogXCJmYSBmYS11bml2ZXJzaXR5XCIsIFwiZmlyc3RfdXJsXCI6IFwiL2luZm8vc2Nob29sL1wifSwge1widGl0bGVcIjogXCJcdTUxNWFcdTU0NThcdTY1NTlcdTgwYjJcIiwgXCJtZW51c1wiOiBbe1widGl0bGVcIjogXCJcdTRmMWFcdThiYWUvXHU2ZDNiXHU1MmE4XCIsIFwidXJsXCI6IFwiL3RlYWNoaW5nL2FjdGl2aXR5L1wiLCBcImljb25cIjogXCJmYSBmYS11c2Vyc1wiLCBcIm9yZGVyXCI6IDEwfSwge1widGl0bGVcIjogXCJcdTViNjZcdTY1ZjZcdTdlZGZcdThiYTFcIiwgXCJ1cmxcIjogXCIvdGVhY2hpbmcvdGFrZXBhcnRpbi9cIiwgXCJpY29uXCI6IFwiZmEgZmEtYmFyLWNoYXJ0XCIsIFwib3JkZXJcIjogMTF9XSwgXCJmaXJzdF9pY29uXCI6IFwiZmEgZmEtdXNlcnNcIiwgXCJmaXJzdF91cmxcIjogXCIvdGVhY2hpbmcvYWN0aXZpdHkvXCJ9LCB7XCJ0aXRsZVwiOiBcIlx1NzUyOFx1NjIzN1wiLCBcIm1lbnVzXCI6IFt7XCJ0aXRsZVwiOiBcIlx1NjIxMVx1NzY4NFx1OGQyNlx1NTNmN1wiLCBcInVybFwiOiBcIi91c2VyL3VzZXIvXCIsIFwiaWNvblwiOiBcImZhIGZhLXZjYXJkXCIsIFwib3JkZXJcIjogNX1dLCBcImZpcnN0X2ljb25cIjogXCJmYSBmYS12Y2FyZFwiLCBcImZpcnN0X3VybFwiOiBcIi91c2VyL3VzZXIvXCJ9XSIsIndpemFyZF9pbmZvbWVtYmVyX2FkbWluX3dpemFyZF9mb3JtX3BsdWdpbiI6eyJzdGVwIjoiXHU1N2ZhXHU2NzJjXHU0ZmUxXHU2MDZmIiwic3RlcF9kYXRhIjp7fSwic3RlcF9maWxlcyI6e30sImV4dHJhX2RhdGEiOnt9fSwiTElTVF9RVUVSWSI6W1siaW5mbyIsIm1lbWJlciJdLCIiXX0=','2019-03-03 16:36:23.538495'),('igooo92sv03bpvjz9czavnc38ah5or78','YzJmMzcyNDdiNjY2MDgxNmQ5MGFiYTJiODA4NGE0ZDgyNzY2Y2JiMDp7Il9hdXRoX3VzZXJfaWQiOiIxODM0MDA3NiIsIl9hdXRoX3VzZXJfYmFja2VuZCI6ImRqYW5nby5jb250cmliLmF1dGguYmFja2VuZHMuTW9kZWxCYWNrZW5kIiwiX2F1dGhfdXNlcl9oYXNoIjoiZTg4MmNhYTQzYTJiNmFjNzMxMzE4M2RhODQyM2EyOWU1Yjk4YTA5NyIsIm5hdl9tZW51IjoiW3tcInRpdGxlXCI6IFwiXHU1MTVhXHU1NDU4XHU1M2QxXHU1YzU1XCIsIFwibWVudXNcIjogW3tcInRpdGxlXCI6IFwiXHU2MjEwXHU1NDU4XHU0ZmUxXHU2MDZmXCIsIFwidXJsXCI6IFwiL2luZm8vbWVtYmVyL1wiLCBcImljb25cIjogXCJmYSBmYS1pbmZvXCIsIFwib3JkZXJcIjogOH1dLCBcImZpcnN0X2ljb25cIjogXCJmYSBmYS11bml2ZXJzaXR5XCIsIFwiZmlyc3RfdXJsXCI6IFwiL2luZm8vc2Nob29sL1wifSwge1widGl0bGVcIjogXCJcdTUxNWFcdTU0NThcdTY1NTlcdTgwYjJcIiwgXCJtZW51c1wiOiBbe1widGl0bGVcIjogXCJcdTRmMWFcdThiYWUvXHU2ZDNiXHU1MmE4XCIsIFwidXJsXCI6IFwiL3RlYWNoaW5nL2FjdGl2aXR5L1wiLCBcImljb25cIjogXCJmYSBmYS11c2Vyc1wiLCBcIm9yZGVyXCI6IDEwfSwge1widGl0bGVcIjogXCJcdTViNjZcdTY1ZjZcdTdlZGZcdThiYTFcIiwgXCJ1cmxcIjogXCIvdGVhY2hpbmcvdGFrZXBhcnRpbi9cIiwgXCJpY29uXCI6IFwiZmEgZmEtYmFyLWNoYXJ0XCIsIFwib3JkZXJcIjogMTF9LCB7XCJ0aXRsZVwiOiBcIlx1NWI2Nlx1NGU2MFx1NjI1M1x1NTM2MVwiLCBcInVybFwiOiBcIi90ZWFjaGluZy9zaGFyaW5nL1wiLCBcImljb25cIjogbnVsbCwgXCJvcmRlclwiOiAxMn1dLCBcImZpcnN0X2ljb25cIjogXCJmYSBmYS11c2Vyc1wiLCBcImZpcnN0X3VybFwiOiBcIi90ZWFjaGluZy9hY3Rpdml0eS9cIn0sIHtcInRpdGxlXCI6IFwiXHU3NTI4XHU2MjM3XCIsIFwibWVudXNcIjogW3tcInRpdGxlXCI6IFwiXHU2MjExXHU3Njg0XHU4ZDI2XHU1M2Y3XCIsIFwidXJsXCI6IFwiL3VzZXIvdXNlci9cIiwgXCJpY29uXCI6IFwiZmEgZmEtdmNhcmRcIiwgXCJvcmRlclwiOiA1fV0sIFwiZmlyc3RfaWNvblwiOiBcImZhIGZhLXZjYXJkXCIsIFwiZmlyc3RfdXJsXCI6IFwiL3VzZXIvdXNlci9cIn1dIiwiTElTVF9RVUVSWSI6W1sidGVhY2hpbmciLCJ0YWtlcGFydGluIl0sIiJdfQ==','2019-03-28 11:01:32.076992'),('ionq1lwa0f8rnkmfvf9hq1lgl4g7xj63','ZWIzZWJlM2Y1ODM0MGU2MzA3MTMwMjdjOWI3OTRhMGZhN2M5YjA5YTp7Il9hdXRoX3VzZXJfaWQiOiIxNjMzNzExMiIsIl9hdXRoX3VzZXJfYmFja2VuZCI6ImRqYW5nby5jb250cmliLmF1dGguYmFja2VuZHMuTW9kZWxCYWNrZW5kIiwiX2F1dGhfdXNlcl9oYXNoIjoiYjgzNDEwZTY4Y2RkMGZjMTE0YTNlNzBmNzlhN2QwZDU1MWFlMDQ1MiIsIm5hdl9tZW51IjoiW3tcInRpdGxlXCI6IFwiXHU1MTVhXHU1NDU4XHU1M2QxXHU1YzU1XCIsIFwibWVudXNcIjogW3tcInRpdGxlXCI6IFwiXHU2MjEwXHU1NDU4XHU0ZmUxXHU2MDZmXCIsIFwidXJsXCI6IFwiL2luZm8vbWVtYmVyL1wiLCBcImljb25cIjogXCJmYSBmYS1pbmZvXCIsIFwib3JkZXJcIjogOH1dLCBcImZpcnN0X2ljb25cIjogXCJmYSBmYS11bml2ZXJzaXR5XCIsIFwiZmlyc3RfdXJsXCI6IFwiL2luZm8vc2Nob29sL1wifSwge1widGl0bGVcIjogXCJcdTUxNWFcdTU0NThcdTY1NTlcdTgwYjJcIiwgXCJtZW51c1wiOiBbe1widGl0bGVcIjogXCJcdTRmMWFcdThiYWUvXHU2ZDNiXHU1MmE4XCIsIFwidXJsXCI6IFwiL3RlYWNoaW5nL2FjdGl2aXR5L1wiLCBcImljb25cIjogXCJmYSBmYS11c2Vyc1wiLCBcIm9yZGVyXCI6IDEwfSwge1widGl0bGVcIjogXCJcdTViNjZcdTY1ZjZcdTdlZGZcdThiYTFcIiwgXCJ1cmxcIjogXCIvdGVhY2hpbmcvdGFrZXBhcnRpbi9cIiwgXCJpY29uXCI6IFwiZmEgZmEtYmFyLWNoYXJ0XCIsIFwib3JkZXJcIjogMTF9LCB7XCJ0aXRsZVwiOiBcIlx1NWI2Nlx1NGU2MFx1NjI1M1x1NTM2MVwiLCBcInVybFwiOiBcIi90ZWFjaGluZy9zaGFyaW5nL1wiLCBcImljb25cIjogXCJmYSBmYS1ib29rXCIsIFwib3JkZXJcIjogMTJ9XSwgXCJmaXJzdF9pY29uXCI6IFwiZmEgZmEtdXNlcnNcIiwgXCJmaXJzdF91cmxcIjogXCIvdGVhY2hpbmcvYWN0aXZpdHkvXCJ9LCB7XCJ0aXRsZVwiOiBcIlx1NzUyOFx1NjIzN1wiLCBcIm1lbnVzXCI6IFt7XCJ0aXRsZVwiOiBcIlx1NjIxMVx1NzY4NFx1OGQyNlx1NTNmN1wiLCBcInVybFwiOiBcIi91c2VyL3VzZXIvXCIsIFwiaWNvblwiOiBcImZhIGZhLXZjYXJkXCIsIFwib3JkZXJcIjogNX1dLCBcImZpcnN0X2ljb25cIjogXCJmYSBmYS12Y2FyZFwiLCBcImZpcnN0X3VybFwiOiBcIi91c2VyL3VzZXIvXCJ9XSIsIkxJU1RfUVVFUlkiOltbInRlYWNoaW5nIiwidGFrZXBhcnRpbiJdLCIiXX0=','2019-03-28 10:07:02.583994'),('ix143lufxyht9s93vxmf9pjcrgoppq5a','MzQ5YzQzNWMwMDE0NDhlOTBhZDc1M2UxMmJjMzkzM2IxN2RhNDM3NDp7Il9hdXRoX3VzZXJfaWQiOiIxNTMzNjEyMSIsIl9hdXRoX3VzZXJfYmFja2VuZCI6ImRqYW5nby5jb250cmliLmF1dGguYmFja2VuZHMuTW9kZWxCYWNrZW5kIiwiX2F1dGhfdXNlcl9oYXNoIjoiZDBkMjc3Y2E0N2FiYjlhZmYzNWU2NGJiMjQ0MWNmZGZlMmYwMmRhNSIsIm5hdl9tZW51IjoiW3tcInRpdGxlXCI6IFwiXHU1MTVhXHU1NDU4XHU1M2QxXHU1YzU1XCIsIFwibWVudXNcIjogW3tcInRpdGxlXCI6IFwiXHU2MjEwXHU1NDU4XHU0ZmUxXHU2MDZmXCIsIFwidXJsXCI6IFwiL2luZm8vbWVtYmVyL1wiLCBcImljb25cIjogXCJmYSBmYS1pbmZvXCIsIFwib3JkZXJcIjogOH1dLCBcImZpcnN0X2ljb25cIjogXCJmYSBmYS11bml2ZXJzaXR5XCIsIFwiZmlyc3RfdXJsXCI6IFwiL2luZm8vc2Nob29sL1wifSwge1widGl0bGVcIjogXCJcdTUxNWFcdTU0NThcdTY1NTlcdTgwYjJcIiwgXCJtZW51c1wiOiBbe1widGl0bGVcIjogXCJcdTRmMWFcdThiYWUvXHU2ZDNiXHU1MmE4XCIsIFwidXJsXCI6IFwiL3RlYWNoaW5nL2FjdGl2aXR5L1wiLCBcImljb25cIjogXCJmYSBmYS11c2Vyc1wiLCBcIm9yZGVyXCI6IDEwfSwge1widGl0bGVcIjogXCJcdTViNjZcdTY1ZjZcdTdlZGZcdThiYTFcIiwgXCJ1cmxcIjogXCIvdGVhY2hpbmcvdGFrZXBhcnRpbi9cIiwgXCJpY29uXCI6IFwiZmEgZmEtYmFyLWNoYXJ0XCIsIFwib3JkZXJcIjogMTF9LCB7XCJ0aXRsZVwiOiBcIlx1NWI2Nlx1NGU2MFx1NWYzYVx1NTZmZFx1NjI1M1x1NTM2MVwiLCBcInVybFwiOiBcIi90ZWFjaGluZy9zaGFyaW5nL1wiLCBcImljb25cIjogbnVsbCwgXCJvcmRlclwiOiAxMn1dLCBcImZpcnN0X2ljb25cIjogXCJmYSBmYS11c2Vyc1wiLCBcImZpcnN0X3VybFwiOiBcIi90ZWFjaGluZy9hY3Rpdml0eS9cIn0sIHtcInRpdGxlXCI6IFwiXHU3NTI4XHU2MjM3XCIsIFwibWVudXNcIjogW3tcInRpdGxlXCI6IFwiXHU2MjExXHU3Njg0XHU4ZDI2XHU1M2Y3XCIsIFwidXJsXCI6IFwiL3VzZXIvdXNlci9cIiwgXCJpY29uXCI6IFwiZmEgZmEtdmNhcmRcIiwgXCJvcmRlclwiOiA1fV0sIFwiZmlyc3RfaWNvblwiOiBcImZhIGZhLXZjYXJkXCIsIFwiZmlyc3RfdXJsXCI6IFwiL3VzZXIvdXNlci9cIn1dIiwiTElTVF9RVUVSWSI6W1siaW5mbyIsIm1lbWJlciJdLCIiXX0=','2019-03-15 21:42:25.905107'),('j3mxd5q5vyl5q3ppg9yiyqgpu4jja3jf','OGU2ZjI2ZWJhMjg0ZTY4YzBkYWVmZmFiOTMyNjE5N2VkYzRiNDdlMzp7Il9hdXRoX3VzZXJfaWQiOiIwMDAwMDAiLCJfYXV0aF91c2VyX2JhY2tlbmQiOiJkamFuZ28uY29udHJpYi5hdXRoLmJhY2tlbmRzLk1vZGVsQmFja2VuZCIsIl9hdXRoX3VzZXJfaGFzaCI6IjdmMThmNzllZjc4OGQwN2Q2ZWY5MzU0NDNlYzJiYTY0NWU1NzMzZmYiLCJuYXZfbWVudSI6Ilt7XCJ0aXRsZVwiOiBcIlx1NTE1YVx1NTQ1OFx1NTNkMVx1NWM1NVwiLCBcIm1lbnVzXCI6IFt7XCJ0aXRsZVwiOiBcIlx1NWI2Nlx1OTY2MlwiLCBcInVybFwiOiBcIi9pbmZvL3NjaG9vbC9cIiwgXCJpY29uXCI6IFwiZmEgZmEtdW5pdmVyc2l0eVwiLCBcIm9yZGVyXCI6IDZ9LCB7XCJ0aXRsZVwiOiBcIlx1NTE1YVx1NjUyZlx1OTBlOFwiLCBcInVybFwiOiBcIi9pbmZvL2JyYW5jaC9cIiwgXCJpY29uXCI6IFwiZmEgZmEtdXNlclwiLCBcIm9yZGVyXCI6IDd9LCB7XCJ0aXRsZVwiOiBcIlx1NjIxMFx1NTQ1OFx1NGZlMVx1NjA2ZlwiLCBcInVybFwiOiBcIi9pbmZvL21lbWJlci9cIiwgXCJpY29uXCI6IFwiZmEgZmEtaW5mb1wiLCBcIm9yZGVyXCI6IDh9LCB7XCJ0aXRsZVwiOiBcIlx1NTNkMVx1NWM1NVx1NmQ0MVx1N2EwYlx1NGY5ZFx1OGQ1NlwiLCBcInVybFwiOiBcIi9pbmZvL2RlcGVuZGVuY3kvXCIsIFwiaWNvblwiOiBudWxsLCBcIm9yZGVyXCI6IDl9XSwgXCJmaXJzdF9pY29uXCI6IFwiZmEgZmEtdW5pdmVyc2l0eVwiLCBcImZpcnN0X3VybFwiOiBcIi9pbmZvL3NjaG9vbC9cIn0sIHtcInRpdGxlXCI6IFwiXHU1MTVhXHU1NDU4XHU2NTU5XHU4MGIyXCIsIFwibWVudXNcIjogW3tcInRpdGxlXCI6IFwiXHU0ZjFhXHU4YmFlL1x1NmQzYlx1NTJhOFwiLCBcInVybFwiOiBcIi90ZWFjaGluZy9hY3Rpdml0eS9cIiwgXCJpY29uXCI6IFwiZmEgZmEtdXNlcnNcIiwgXCJvcmRlclwiOiAxMH0sIHtcInRpdGxlXCI6IFwiXHU1YjY2XHU2NWY2XHU3ZWRmXHU4YmExXCIsIFwidXJsXCI6IFwiL3RlYWNoaW5nL3Rha2VwYXJ0aW4vXCIsIFwiaWNvblwiOiBcImZhIGZhLWJhci1jaGFydFwiLCBcIm9yZGVyXCI6IDExfSwge1widGl0bGVcIjogXCJcdTViNjZcdTRlNjBcdTYyNTNcdTUzNjFcIiwgXCJ1cmxcIjogXCIvdGVhY2hpbmcvc2hhcmluZy9cIiwgXCJpY29uXCI6IG51bGwsIFwib3JkZXJcIjogMTJ9XSwgXCJmaXJzdF9pY29uXCI6IFwiZmEgZmEtdXNlcnNcIiwgXCJmaXJzdF91cmxcIjogXCIvdGVhY2hpbmcvYWN0aXZpdHkvXCJ9LCB7XCJ0aXRsZVwiOiBcIlx1NzUyOFx1NjIzN1wiLCBcIm1lbnVzXCI6IFt7XCJ0aXRsZVwiOiBcIlx1NjIxMVx1NzY4NFx1OGQyNlx1NTNmN1wiLCBcInVybFwiOiBcIi91c2VyL3VzZXIvXCIsIFwiaWNvblwiOiBcImZhIGZhLXZjYXJkXCIsIFwib3JkZXJcIjogNX1dLCBcImZpcnN0X2ljb25cIjogXCJmYSBmYS12Y2FyZFwiLCBcImZpcnN0X3VybFwiOiBcIi91c2VyL3VzZXIvXCJ9LCB7XCJ0aXRsZVwiOiBcIlx1N2JhMVx1NzQwNlwiLCBcIm1lbnVzXCI6IFt7XCJ0aXRsZVwiOiBcIlx1NzUyOFx1NjIzN1x1OGJiZVx1N2Y2ZVwiLCBcInVybFwiOiBcIi94YWRtaW4vdXNlcnNldHRpbmdzL1wiLCBcImljb25cIjogbnVsbCwgXCJvcmRlclwiOiAxM30sIHtcInRpdGxlXCI6IFwiXHU2NWU1XHU1ZmQ3XHU4YmIwXHU1ZjU1XCIsIFwidXJsXCI6IFwiL3hhZG1pbi9sb2cvXCIsIFwiaWNvblwiOiBcImZhIGZhLWNvZ1wiLCBcIm9yZGVyXCI6IDE0fV0sIFwiZmlyc3RfdXJsXCI6IFwiL3hhZG1pbi91c2Vyc2V0dGluZ3MvXCIsIFwiZmlyc3RfaWNvblwiOiBcImZhIGZhLWNvZ1wifSwge1widGl0bGVcIjogXCJcdThiYTRcdThiYzFcdTU0OGNcdTYzODhcdTY3NDNcIiwgXCJtZW51c1wiOiBbe1widGl0bGVcIjogXCJcdTdlYzRcIiwgXCJ1cmxcIjogXCIvYXV0aC9ncm91cC9cIiwgXCJpY29uXCI6IFwiZmEgZmEtZ3JvdXBcIiwgXCJvcmRlclwiOiAyfSwge1widGl0bGVcIjogXCJcdTY3NDNcdTk2NTBcIiwgXCJ1cmxcIjogXCIvYXV0aC9wZXJtaXNzaW9uL1wiLCBcImljb25cIjogXCJmYSBmYS1sb2NrXCIsIFwib3JkZXJcIjogNH1dLCBcImZpcnN0X2ljb25cIjogXCJmYSBmYS1ncm91cFwiLCBcImZpcnN0X3VybFwiOiBcIi9hdXRoL2dyb3VwL1wifV0iLCJMSVNUX1FVRVJZIjpbWyJ0ZWFjaGluZyIsImFjdGl2aXR5Il0sIiJdfQ==','2019-03-19 21:28:53.397255'),('j8meuonoak50rfcql2kv66fz0g5ps7gp','ZDgzZTcxYzlmMDg1MjBkMjY3ZmIwOGFhZmM4NjkyYmRjY2EwMzhkNjp7Il9hdXRoX3VzZXJfaWQiOiIxNjMzNzE3MSIsIl9hdXRoX3VzZXJfYmFja2VuZCI6ImRqYW5nby5jb250cmliLmF1dGguYmFja2VuZHMuTW9kZWxCYWNrZW5kIiwiX2F1dGhfdXNlcl9oYXNoIjoiOTFiMjM0MGNjMTg3ZWMwZDU2MzI1N2Q4ZWYxY2U3OGU2NWVjOTIxNCIsIm5hdl9tZW51IjoiW3tcInRpdGxlXCI6IFwiXHU1MTVhXHU1NDU4XHU1M2QxXHU1YzU1XCIsIFwibWVudXNcIjogW3tcInRpdGxlXCI6IFwiXHU2MjEwXHU1NDU4XHU0ZmUxXHU2MDZmXCIsIFwidXJsXCI6IFwiL2luZm8vbWVtYmVyL1wiLCBcImljb25cIjogXCJmYSBmYS1pbmZvXCIsIFwib3JkZXJcIjogOH1dLCBcImZpcnN0X2ljb25cIjogXCJmYSBmYS11bml2ZXJzaXR5XCIsIFwiZmlyc3RfdXJsXCI6IFwiL2luZm8vc2Nob29sL1wifSwge1widGl0bGVcIjogXCJcdTUxNWFcdTU0NThcdTY1NTlcdTgwYjJcIiwgXCJtZW51c1wiOiBbe1widGl0bGVcIjogXCJcdTRmMWFcdThiYWUvXHU2ZDNiXHU1MmE4XCIsIFwidXJsXCI6IFwiL3RlYWNoaW5nL2FjdGl2aXR5L1wiLCBcImljb25cIjogXCJmYSBmYS11c2Vyc1wiLCBcIm9yZGVyXCI6IDEwfSwge1widGl0bGVcIjogXCJcdTViNjZcdTY1ZjZcdTdlZGZcdThiYTFcIiwgXCJ1cmxcIjogXCIvdGVhY2hpbmcvdGFrZXBhcnRpbi9cIiwgXCJpY29uXCI6IFwiZmEgZmEtYmFyLWNoYXJ0XCIsIFwib3JkZXJcIjogMTF9LCB7XCJ0aXRsZVwiOiBcIlx1NWI2Nlx1NGU2MFx1NjI1M1x1NTM2MVwiLCBcInVybFwiOiBcIi90ZWFjaGluZy9zaGFyaW5nL1wiLCBcImljb25cIjogbnVsbCwgXCJvcmRlclwiOiAxMn1dLCBcImZpcnN0X2ljb25cIjogXCJmYSBmYS11c2Vyc1wiLCBcImZpcnN0X3VybFwiOiBcIi90ZWFjaGluZy9hY3Rpdml0eS9cIn0sIHtcInRpdGxlXCI6IFwiXHU3NTI4XHU2MjM3XCIsIFwibWVudXNcIjogW3tcInRpdGxlXCI6IFwiXHU2MjExXHU3Njg0XHU4ZDI2XHU1M2Y3XCIsIFwidXJsXCI6IFwiL3VzZXIvdXNlci9cIiwgXCJpY29uXCI6IFwiZmEgZmEtdmNhcmRcIiwgXCJvcmRlclwiOiA1fV0sIFwiZmlyc3RfaWNvblwiOiBcImZhIGZhLXZjYXJkXCIsIFwiZmlyc3RfdXJsXCI6IFwiL3VzZXIvdXNlci9cIn1dIiwiTElTVF9RVUVSWSI6W1sidGVhY2hpbmciLCJhY3Rpdml0eSJdLCIiXX0=','2019-03-27 23:23:38.386276'),('jhaqjifh7cvges9bf2xedqox2ru41xcd','ZDM1ZTQ0ZTYxZTBjOGI1ZWMzOGJkMTViNDEwNmUwOGYwZTJjNjlkNTp7Il9hdXRoX3VzZXJfaWQiOiIxNjMzNzE1NCIsIl9hdXRoX3VzZXJfYmFja2VuZCI6ImRqYW5nby5jb250cmliLmF1dGguYmFja2VuZHMuTW9kZWxCYWNrZW5kIiwiX2F1dGhfdXNlcl9oYXNoIjoiMmQ3YzhhZjIwMjcyYTZhNDM4NjdkOGRjODJhMGM1MTE0MjI4NGUxZSIsIm5hdl9tZW51IjoiW3tcInRpdGxlXCI6IFwiXHU1MTVhXHU1NDU4XHU1M2QxXHU1YzU1XCIsIFwibWVudXNcIjogW3tcInRpdGxlXCI6IFwiXHU2MjEwXHU1NDU4XHU0ZmUxXHU2MDZmXCIsIFwidXJsXCI6IFwiL2luZm8vbWVtYmVyL1wiLCBcImljb25cIjogXCJmYSBmYS1pbmZvXCIsIFwib3JkZXJcIjogOH1dLCBcImZpcnN0X2ljb25cIjogXCJmYSBmYS11bml2ZXJzaXR5XCIsIFwiZmlyc3RfdXJsXCI6IFwiL2luZm8vc2Nob29sL1wifSwge1widGl0bGVcIjogXCJcdTUxNWFcdTU0NThcdTY1NTlcdTgwYjJcIiwgXCJtZW51c1wiOiBbe1widGl0bGVcIjogXCJcdTRmMWFcdThiYWUvXHU2ZDNiXHU1MmE4XCIsIFwidXJsXCI6IFwiL3RlYWNoaW5nL2FjdGl2aXR5L1wiLCBcImljb25cIjogXCJmYSBmYS11c2Vyc1wiLCBcIm9yZGVyXCI6IDEwfSwge1widGl0bGVcIjogXCJcdTViNjZcdTY1ZjZcdTdlZGZcdThiYTFcIiwgXCJ1cmxcIjogXCIvdGVhY2hpbmcvdGFrZXBhcnRpbi9cIiwgXCJpY29uXCI6IFwiZmEgZmEtYmFyLWNoYXJ0XCIsIFwib3JkZXJcIjogMTF9XSwgXCJmaXJzdF9pY29uXCI6IFwiZmEgZmEtdXNlcnNcIiwgXCJmaXJzdF91cmxcIjogXCIvdGVhY2hpbmcvYWN0aXZpdHkvXCJ9LCB7XCJ0aXRsZVwiOiBcIlx1NzUyOFx1NjIzN1wiLCBcIm1lbnVzXCI6IFt7XCJ0aXRsZVwiOiBcIlx1NjIxMVx1NzY4NFx1OGQyNlx1NTNmN1wiLCBcInVybFwiOiBcIi91c2VyL3VzZXIvXCIsIFwiaWNvblwiOiBcImZhIGZhLXZjYXJkXCIsIFwib3JkZXJcIjogNX1dLCBcImZpcnN0X2ljb25cIjogXCJmYSBmYS12Y2FyZFwiLCBcImZpcnN0X3VybFwiOiBcIi91c2VyL3VzZXIvXCJ9XSIsIkxJU1RfUVVFUlkiOltbInRlYWNoaW5nIiwidGFrZXBhcnRpbiJdLCIiXX0=','2019-03-09 09:47:25.526851'),('k9gn00maoxszldmq5buc0fa6bi0tpicb','ZTZjYzVjOGYwOGU2MzFmNzRlMTg3OTA5YWQ1ZjdiMWY5N2Y0YTYzMzp7Il9hdXRoX3VzZXJfaWQiOiIxNjMzNzExMyIsIl9hdXRoX3VzZXJfYmFja2VuZCI6ImRqYW5nby5jb250cmliLmF1dGguYmFja2VuZHMuTW9kZWxCYWNrZW5kIiwiX2F1dGhfdXNlcl9oYXNoIjoiZmY1Y2RjMGRjOTQxM2MzYmQyNzZhMDg2N2Q0YzBkMzFmNmI4ZGNkOSIsIm5hdl9tZW51IjoiW3tcInRpdGxlXCI6IFwiXHU1MTVhXHU1NDU4XHU1M2QxXHU1YzU1XCIsIFwibWVudXNcIjogW3tcInRpdGxlXCI6IFwiXHU1MTVhXHU2NTJmXHU5MGU4XCIsIFwidXJsXCI6IFwiL2luZm8vYnJhbmNoL1wiLCBcImljb25cIjogXCJmYSBmYS11c2VyXCIsIFwib3JkZXJcIjogN30sIHtcInRpdGxlXCI6IFwiXHU2MjEwXHU1NDU4XHU0ZmUxXHU2MDZmXCIsIFwidXJsXCI6IFwiL2luZm8vbWVtYmVyL1wiLCBcImljb25cIjogXCJmYSBmYS1pbmZvXCIsIFwib3JkZXJcIjogOH0sIHtcInRpdGxlXCI6IFwiXHU1M2QxXHU1YzU1XHU2ZDQxXHU3YTBiXHU0ZjlkXHU4ZDU2XCIsIFwidXJsXCI6IFwiL2luZm8vZGVwZW5kZW5jeS9cIiwgXCJpY29uXCI6IG51bGwsIFwib3JkZXJcIjogOX1dLCBcImZpcnN0X2ljb25cIjogXCJmYSBmYS11bml2ZXJzaXR5XCIsIFwiZmlyc3RfdXJsXCI6IFwiL2luZm8vc2Nob29sL1wifSwge1widGl0bGVcIjogXCJcdTUxNWFcdTU0NThcdTY1NTlcdTgwYjJcIiwgXCJtZW51c1wiOiBbe1widGl0bGVcIjogXCJcdTRmMWFcdThiYWUvXHU2ZDNiXHU1MmE4XCIsIFwidXJsXCI6IFwiL3RlYWNoaW5nL2FjdGl2aXR5L1wiLCBcImljb25cIjogXCJmYSBmYS11c2Vyc1wiLCBcIm9yZGVyXCI6IDEwfSwge1widGl0bGVcIjogXCJcdTViNjZcdTY1ZjZcdTdlZGZcdThiYTFcIiwgXCJ1cmxcIjogXCIvdGVhY2hpbmcvdGFrZXBhcnRpbi9cIiwgXCJpY29uXCI6IFwiZmEgZmEtYmFyLWNoYXJ0XCIsIFwib3JkZXJcIjogMTF9XSwgXCJmaXJzdF9pY29uXCI6IFwiZmEgZmEtdXNlcnNcIiwgXCJmaXJzdF91cmxcIjogXCIvdGVhY2hpbmcvYWN0aXZpdHkvXCJ9LCB7XCJ0aXRsZVwiOiBcIlx1NzUyOFx1NjIzN1wiLCBcIm1lbnVzXCI6IFt7XCJ0aXRsZVwiOiBcIlx1NjIxMVx1NzY4NFx1OGQyNlx1NTNmN1wiLCBcInVybFwiOiBcIi91c2VyL3VzZXIvXCIsIFwiaWNvblwiOiBcImZhIGZhLXZjYXJkXCIsIFwib3JkZXJcIjogNX1dLCBcImZpcnN0X2ljb25cIjogXCJmYSBmYS12Y2FyZFwiLCBcImZpcnN0X3VybFwiOiBcIi91c2VyL3VzZXIvXCJ9XSJ9','2019-03-12 20:36:00.435165'),('k9vg01qk933f0y4vbq5wf8rzucfwqvlz','YjYzZjY5Nzk2NzQ2ZTQ1ZjExOWI0YTRiODg5MTAxY2JmM2VhYTlmMzp7Il9hdXRoX3VzZXJfaWQiOiIxODM0MDA2OSIsIl9hdXRoX3VzZXJfYmFja2VuZCI6ImRqYW5nby5jb250cmliLmF1dGguYmFja2VuZHMuTW9kZWxCYWNrZW5kIiwiX2F1dGhfdXNlcl9oYXNoIjoiYjYzMWRkMWI2NjcyNzMxMGNkYjE2YmQ5ZTM2ZmNiOGRmOTUxZmE4ZCIsIm5hdl9tZW51IjoiW3tcInRpdGxlXCI6IFwiXHU1MTVhXHU1NDU4XHU1M2QxXHU1YzU1XCIsIFwibWVudXNcIjogW3tcInRpdGxlXCI6IFwiXHU2MjEwXHU1NDU4XHU0ZmUxXHU2MDZmXCIsIFwidXJsXCI6IFwiL2luZm8vbWVtYmVyL1wiLCBcImljb25cIjogXCJmYSBmYS1pbmZvXCIsIFwib3JkZXJcIjogOH1dLCBcImZpcnN0X2ljb25cIjogXCJmYSBmYS11bml2ZXJzaXR5XCIsIFwiZmlyc3RfdXJsXCI6IFwiL2luZm8vc2Nob29sL1wifSwge1widGl0bGVcIjogXCJcdTUxNWFcdTU0NThcdTY1NTlcdTgwYjJcIiwgXCJtZW51c1wiOiBbe1widGl0bGVcIjogXCJcdTRmMWFcdThiYWUvXHU2ZDNiXHU1MmE4XCIsIFwidXJsXCI6IFwiL3RlYWNoaW5nL2FjdGl2aXR5L1wiLCBcImljb25cIjogXCJmYSBmYS11c2Vyc1wiLCBcIm9yZGVyXCI6IDEwfSwge1widGl0bGVcIjogXCJcdTViNjZcdTY1ZjZcdTdlZGZcdThiYTFcIiwgXCJ1cmxcIjogXCIvdGVhY2hpbmcvdGFrZXBhcnRpbi9cIiwgXCJpY29uXCI6IFwiZmEgZmEtYmFyLWNoYXJ0XCIsIFwib3JkZXJcIjogMTF9XSwgXCJmaXJzdF9pY29uXCI6IFwiZmEgZmEtdXNlcnNcIiwgXCJmaXJzdF91cmxcIjogXCIvdGVhY2hpbmcvYWN0aXZpdHkvXCJ9LCB7XCJ0aXRsZVwiOiBcIlx1NzUyOFx1NjIzN1wiLCBcIm1lbnVzXCI6IFt7XCJ0aXRsZVwiOiBcIlx1NjIxMVx1NzY4NFx1OGQyNlx1NTNmN1wiLCBcInVybFwiOiBcIi91c2VyL3VzZXIvXCIsIFwiaWNvblwiOiBcImZhIGZhLXZjYXJkXCIsIFwib3JkZXJcIjogNX1dLCBcImZpcnN0X2ljb25cIjogXCJmYSBmYS12Y2FyZFwiLCBcImZpcnN0X3VybFwiOiBcIi91c2VyL3VzZXIvXCJ9XSJ9','2019-03-11 19:05:42.128875'),('ku52piz4rk1vo64uao5ejz15ktvujfya','ZTg4NDRkNzNmMzk4NzM5ZGRhNTg5ZWYzZjQwMTY3YmZiMDI3MDg1Mzp7Il9hdXRoX3VzZXJfaWQiOiIxNjMzNzExMyIsIl9hdXRoX3VzZXJfYmFja2VuZCI6ImRqYW5nby5jb250cmliLmF1dGguYmFja2VuZHMuTW9kZWxCYWNrZW5kIiwiX2F1dGhfdXNlcl9oYXNoIjoiZmY1Y2RjMGRjOTQxM2MzYmQyNzZhMDg2N2Q0YzBkMzFmNmI4ZGNkOSIsIm5hdl9tZW51IjoiW3tcInRpdGxlXCI6IFwiXHU1MTVhXHU1NDU4XHU1M2QxXHU1YzU1XCIsIFwibWVudXNcIjogW3tcInRpdGxlXCI6IFwiXHU1MTVhXHU2NTJmXHU5MGU4XCIsIFwidXJsXCI6IFwiL2luZm8vYnJhbmNoL1wiLCBcImljb25cIjogXCJmYSBmYS1mbGFnXCIsIFwib3JkZXJcIjogN30sIHtcInRpdGxlXCI6IFwiXHU2MjEwXHU1NDU4XHU0ZmUxXHU2MDZmXCIsIFwidXJsXCI6IFwiL2luZm8vbWVtYmVyL1wiLCBcImljb25cIjogXCJmYSBmYS1pbmZvXCIsIFwib3JkZXJcIjogOH0sIHtcInRpdGxlXCI6IFwiXHU1M2QxXHU1YzU1XHU2ZDQxXHU3YTBiXHU0ZjlkXHU4ZDU2XCIsIFwidXJsXCI6IFwiL2luZm8vZGVwZW5kZW5jeS9cIiwgXCJpY29uXCI6IFwiZmEgZmEtYW5nbGUtZG91YmxlLXJpZ2h0XCIsIFwib3JkZXJcIjogOX1dLCBcImZpcnN0X2ljb25cIjogXCJmYSBmYS11bml2ZXJzaXR5XCIsIFwiZmlyc3RfdXJsXCI6IFwiL2luZm8vc2Nob29sL1wifSwge1widGl0bGVcIjogXCJcdTUxNWFcdTU0NThcdTY1NTlcdTgwYjJcIiwgXCJtZW51c1wiOiBbe1widGl0bGVcIjogXCJcdTRmMWFcdThiYWUvXHU2ZDNiXHU1MmE4XCIsIFwidXJsXCI6IFwiL3RlYWNoaW5nL2FjdGl2aXR5L1wiLCBcImljb25cIjogXCJmYSBmYS11c2Vyc1wiLCBcIm9yZGVyXCI6IDEwfSwge1widGl0bGVcIjogXCJcdTViNjZcdTY1ZjZcdTdlZGZcdThiYTFcIiwgXCJ1cmxcIjogXCIvdGVhY2hpbmcvdGFrZXBhcnRpbi9cIiwgXCJpY29uXCI6IFwiZmEgZmEtYmFyLWNoYXJ0XCIsIFwib3JkZXJcIjogMTF9LCB7XCJ0aXRsZVwiOiBcIlx1NWI2Nlx1NGU2MFx1NjI1M1x1NTM2MVwiLCBcInVybFwiOiBcIi90ZWFjaGluZy9zaGFyaW5nL1wiLCBcImljb25cIjogXCJmYSBmYS1ib29rXCIsIFwib3JkZXJcIjogMTJ9XSwgXCJmaXJzdF9pY29uXCI6IFwiZmEgZmEtdXNlcnNcIiwgXCJmaXJzdF91cmxcIjogXCIvdGVhY2hpbmcvYWN0aXZpdHkvXCJ9LCB7XCJ0aXRsZVwiOiBcIlx1NzUyOFx1NjIzN1wiLCBcIm1lbnVzXCI6IFt7XCJ0aXRsZVwiOiBcIlx1NjIxMVx1NzY4NFx1OGQyNlx1NTNmN1wiLCBcInVybFwiOiBcIi91c2VyL3VzZXIvXCIsIFwiaWNvblwiOiBcImZhIGZhLXZjYXJkXCIsIFwib3JkZXJcIjogNX1dLCBcImZpcnN0X2ljb25cIjogXCJmYSBmYS12Y2FyZFwiLCBcImZpcnN0X3VybFwiOiBcIi91c2VyL3VzZXIvXCJ9XSIsIkxJU1RfUVVFUlkiOltbInRlYWNoaW5nIiwic2hhcmluZyJdLCIiXX0=','2019-03-28 14:36:01.198547'),('ladnblqatpbrkef4lo4kimcmohy6fh0l','ZWEwMDcwMzhjZWJmNGUxYjdiYTUwODUwN2IwZWJhMmEwZmMwOTQ3Yzp7Il9hdXRoX3VzZXJfaWQiOiIxNzM0MTA3NCIsIl9hdXRoX3VzZXJfYmFja2VuZCI6ImRqYW5nby5jb250cmliLmF1dGguYmFja2VuZHMuTW9kZWxCYWNrZW5kIiwiX2F1dGhfdXNlcl9oYXNoIjoiZTJjOTcyODU1OTM2NjNmOTI5NWZmZWI0NDVmZGI0ZGMzZTY5NjJkYiIsIm5hdl9tZW51IjoiW3tcInRpdGxlXCI6IFwiXHU1MTVhXHU1NDU4XHU1M2QxXHU1YzU1XCIsIFwibWVudXNcIjogW3tcInRpdGxlXCI6IFwiXHU2MjEwXHU1NDU4XHU0ZmUxXHU2MDZmXCIsIFwidXJsXCI6IFwiL2luZm8vbWVtYmVyL1wiLCBcImljb25cIjogXCJmYSBmYS1pbmZvXCIsIFwib3JkZXJcIjogOH1dLCBcImZpcnN0X2ljb25cIjogXCJmYSBmYS11bml2ZXJzaXR5XCIsIFwiZmlyc3RfdXJsXCI6IFwiL2luZm8vc2Nob29sL1wifSwge1widGl0bGVcIjogXCJcdTUxNWFcdTU0NThcdTY1NTlcdTgwYjJcIiwgXCJtZW51c1wiOiBbe1widGl0bGVcIjogXCJcdTRmMWFcdThiYWUvXHU2ZDNiXHU1MmE4XCIsIFwidXJsXCI6IFwiL3RlYWNoaW5nL2FjdGl2aXR5L1wiLCBcImljb25cIjogXCJmYSBmYS11c2Vyc1wiLCBcIm9yZGVyXCI6IDEwfSwge1widGl0bGVcIjogXCJcdTViNjZcdTY1ZjZcdTdlZGZcdThiYTFcIiwgXCJ1cmxcIjogXCIvdGVhY2hpbmcvdGFrZXBhcnRpbi9cIiwgXCJpY29uXCI6IFwiZmEgZmEtYmFyLWNoYXJ0XCIsIFwib3JkZXJcIjogMTF9LCB7XCJ0aXRsZVwiOiBcIlx1NWI2Nlx1NGU2MFx1NjI1M1x1NTM2MVwiLCBcInVybFwiOiBcIi90ZWFjaGluZy9zaGFyaW5nL1wiLCBcImljb25cIjogXCJmYSBmYS1ib29rXCIsIFwib3JkZXJcIjogMTJ9XSwgXCJmaXJzdF9pY29uXCI6IFwiZmEgZmEtdXNlcnNcIiwgXCJmaXJzdF91cmxcIjogXCIvdGVhY2hpbmcvYWN0aXZpdHkvXCJ9LCB7XCJ0aXRsZVwiOiBcIlx1NzUyOFx1NjIzN1wiLCBcIm1lbnVzXCI6IFt7XCJ0aXRsZVwiOiBcIlx1NjIxMVx1NzY4NFx1OGQyNlx1NTNmN1wiLCBcInVybFwiOiBcIi91c2VyL3VzZXIvXCIsIFwiaWNvblwiOiBcImZhIGZhLXZjYXJkXCIsIFwib3JkZXJcIjogNX1dLCBcImZpcnN0X2ljb25cIjogXCJmYSBmYS12Y2FyZFwiLCBcImZpcnN0X3VybFwiOiBcIi91c2VyL3VzZXIvXCJ9XSIsIkxJU1RfUVVFUlkiOltbInRlYWNoaW5nIiwidGFrZXBhcnRpbiJdLCIiXX0=','2019-03-27 21:26:04.754457'),('lmvk3bdbgfldfi42snn2kqkfa78dr7u6','ZDkwNDE5YzAyYjI4YmVmZTRkNjI0ZWU1MzEyOWE3Y2FlMWMwZWNiMDp7Il9hdXRoX3VzZXJfaWQiOiIxNjMzNzExMiIsIl9hdXRoX3VzZXJfYmFja2VuZCI6ImRqYW5nby5jb250cmliLmF1dGguYmFja2VuZHMuTW9kZWxCYWNrZW5kIiwiX2F1dGhfdXNlcl9oYXNoIjoiYjgzNDEwZTY4Y2RkMGZjMTE0YTNlNzBmNzlhN2QwZDU1MWFlMDQ1MiIsIm5hdl9tZW51IjoiW3tcInRpdGxlXCI6IFwiXHU1MTVhXHU1NDU4XHU1M2QxXHU1YzU1XCIsIFwibWVudXNcIjogW3tcInRpdGxlXCI6IFwiXHU2MjEwXHU1NDU4XHU0ZmUxXHU2MDZmXCIsIFwidXJsXCI6IFwiL2luZm8vbWVtYmVyL1wiLCBcImljb25cIjogXCJmYSBmYS1pbmZvXCIsIFwib3JkZXJcIjogOH1dLCBcImZpcnN0X2ljb25cIjogXCJmYSBmYS11bml2ZXJzaXR5XCIsIFwiZmlyc3RfdXJsXCI6IFwiL2luZm8vc2Nob29sL1wifSwge1widGl0bGVcIjogXCJcdTUxNWFcdTU0NThcdTY1NTlcdTgwYjJcIiwgXCJtZW51c1wiOiBbe1widGl0bGVcIjogXCJcdTRmMWFcdThiYWUvXHU2ZDNiXHU1MmE4XCIsIFwidXJsXCI6IFwiL3RlYWNoaW5nL2FjdGl2aXR5L1wiLCBcImljb25cIjogXCJmYSBmYS11c2Vyc1wiLCBcIm9yZGVyXCI6IDEwfSwge1widGl0bGVcIjogXCJcdTViNjZcdTY1ZjZcdTdlZGZcdThiYTFcIiwgXCJ1cmxcIjogXCIvdGVhY2hpbmcvdGFrZXBhcnRpbi9cIiwgXCJpY29uXCI6IFwiZmEgZmEtYmFyLWNoYXJ0XCIsIFwib3JkZXJcIjogMTF9LCB7XCJ0aXRsZVwiOiBcIlx1NWI2Nlx1NGU2MFx1NWYzYVx1NTZmZFx1NjI1M1x1NTM2MVwiLCBcInVybFwiOiBcIi90ZWFjaGluZy9zaGFyaW5nL1wiLCBcImljb25cIjogbnVsbCwgXCJvcmRlclwiOiAxMn1dLCBcImZpcnN0X2ljb25cIjogXCJmYSBmYS11c2Vyc1wiLCBcImZpcnN0X3VybFwiOiBcIi90ZWFjaGluZy9hY3Rpdml0eS9cIn0sIHtcInRpdGxlXCI6IFwiXHU3NTI4XHU2MjM3XCIsIFwibWVudXNcIjogW3tcInRpdGxlXCI6IFwiXHU2MjExXHU3Njg0XHU4ZDI2XHU1M2Y3XCIsIFwidXJsXCI6IFwiL3VzZXIvdXNlci9cIiwgXCJpY29uXCI6IFwiZmEgZmEtdmNhcmRcIiwgXCJvcmRlclwiOiA1fV0sIFwiZmlyc3RfaWNvblwiOiBcImZhIGZhLXZjYXJkXCIsIFwiZmlyc3RfdXJsXCI6IFwiL3VzZXIvdXNlci9cIn1dIiwiTElTVF9RVUVSWSI6W1sidGVhY2hpbmciLCJ0YWtlcGFydGluIl0sIiJdfQ==','2019-03-15 22:39:40.655240'),('lukvjt4uj9eshf9isfew1xfnus5xfagw','OTkyOThiMmM1ZTBhMmUyOGM2MTdmYjI3ZDBjNmI3MzYzYWY2MzI3MTp7Il9hdXRoX3VzZXJfaWQiOiIxNjMzNzExMyIsIl9hdXRoX3VzZXJfYmFja2VuZCI6ImRqYW5nby5jb250cmliLmF1dGguYmFja2VuZHMuTW9kZWxCYWNrZW5kIiwiX2F1dGhfdXNlcl9oYXNoIjoiZmY1Y2RjMGRjOTQxM2MzYmQyNzZhMDg2N2Q0YzBkMzFmNmI4ZGNkOSIsIm5hdl9tZW51IjoiW3tcInRpdGxlXCI6IFwiXHU1MTVhXHU1NDU4XHU1M2QxXHU1YzU1XCIsIFwibWVudXNcIjogW3tcInRpdGxlXCI6IFwiXHU1MTVhXHU2NTJmXHU5MGU4XCIsIFwidXJsXCI6IFwiL2luZm8vYnJhbmNoL1wiLCBcImljb25cIjogXCJmYSBmYS11c2VyXCIsIFwib3JkZXJcIjogN30sIHtcInRpdGxlXCI6IFwiXHU2MjEwXHU1NDU4XHU0ZmUxXHU2MDZmXCIsIFwidXJsXCI6IFwiL2luZm8vbWVtYmVyL1wiLCBcImljb25cIjogXCJmYSBmYS1pbmZvXCIsIFwib3JkZXJcIjogOH0sIHtcInRpdGxlXCI6IFwiXHU1M2QxXHU1YzU1XHU2ZDQxXHU3YTBiXHU0ZjlkXHU4ZDU2XCIsIFwidXJsXCI6IFwiL2luZm8vZGVwZW5kZW5jeS9cIiwgXCJpY29uXCI6IG51bGwsIFwib3JkZXJcIjogOX1dLCBcImZpcnN0X2ljb25cIjogXCJmYSBmYS11bml2ZXJzaXR5XCIsIFwiZmlyc3RfdXJsXCI6IFwiL2luZm8vc2Nob29sL1wifSwge1widGl0bGVcIjogXCJcdTUxNWFcdTU0NThcdTY1NTlcdTgwYjJcIiwgXCJtZW51c1wiOiBbe1widGl0bGVcIjogXCJcdTRmMWFcdThiYWUvXHU2ZDNiXHU1MmE4XCIsIFwidXJsXCI6IFwiL3RlYWNoaW5nL2FjdGl2aXR5L1wiLCBcImljb25cIjogXCJmYSBmYS11c2Vyc1wiLCBcIm9yZGVyXCI6IDEwfSwge1widGl0bGVcIjogXCJcdTViNjZcdTY1ZjZcdTdlZGZcdThiYTFcIiwgXCJ1cmxcIjogXCIvdGVhY2hpbmcvdGFrZXBhcnRpbi9cIiwgXCJpY29uXCI6IFwiZmEgZmEtYmFyLWNoYXJ0XCIsIFwib3JkZXJcIjogMTF9LCB7XCJ0aXRsZVwiOiBcIlx1NWI2Nlx1NGU2MFx1NjI1M1x1NTM2MVwiLCBcInVybFwiOiBcIi90ZWFjaGluZy9zaGFyaW5nL1wiLCBcImljb25cIjogbnVsbCwgXCJvcmRlclwiOiAxMn1dLCBcImZpcnN0X2ljb25cIjogXCJmYSBmYS11c2Vyc1wiLCBcImZpcnN0X3VybFwiOiBcIi90ZWFjaGluZy9hY3Rpdml0eS9cIn0sIHtcInRpdGxlXCI6IFwiXHU3NTI4XHU2MjM3XCIsIFwibWVudXNcIjogW3tcInRpdGxlXCI6IFwiXHU2MjExXHU3Njg0XHU4ZDI2XHU1M2Y3XCIsIFwidXJsXCI6IFwiL3VzZXIvdXNlci9cIiwgXCJpY29uXCI6IFwiZmEgZmEtdmNhcmRcIiwgXCJvcmRlclwiOiA1fV0sIFwiZmlyc3RfaWNvblwiOiBcImZhIGZhLXZjYXJkXCIsIFwiZmlyc3RfdXJsXCI6IFwiL3VzZXIvdXNlci9cIn1dIiwiTElTVF9RVUVSWSI6W1siaW5mbyIsIm1lbWJlciJdLCIiXX0=','2019-03-25 08:36:39.033730'),('lv87oea7v61zhv76wv5cfd9caajjxhk0','ZDEwNGE0MGU1NDUzNGIxZTVlYWQ2NjhjZWI3NDk0NGYzYjQ5NjNjOTp7Il9hdXRoX3VzZXJfaWQiOiIxNjMzNzExMyIsIl9hdXRoX3VzZXJfYmFja2VuZCI6ImRqYW5nby5jb250cmliLmF1dGguYmFja2VuZHMuTW9kZWxCYWNrZW5kIiwiX2F1dGhfdXNlcl9oYXNoIjoiMjBkZWQ3ZjE5OWQ1ODJkNzBmMDZjMTNlNjBiNTA5OTkyOWMxYzU3NCIsIm5hdl9tZW51IjoiW3tcInRpdGxlXCI6IFwiXHU1MTVhXHU1NDU4XHU1M2QxXHU1YzU1XCIsIFwibWVudXNcIjogW3tcInRpdGxlXCI6IFwiXHU1M2QxXHU1YzU1XHU2ZDQxXHU3YTBiXHU0ZjlkXHU4ZDU2XCIsIFwidXJsXCI6IFwiL2luZm8vZGVwZW5kZW5jeS9cIiwgXCJpY29uXCI6IG51bGwsIFwib3JkZXJcIjogOH0sIHtcInRpdGxlXCI6IFwiXHU2MjEwXHU1NDU4XHU0ZmUxXHU2MDZmXCIsIFwidXJsXCI6IFwiL2luZm8vbWVtYmVyL1wiLCBcImljb25cIjogXCJmYSBmYS1pbmZvXCIsIFwib3JkZXJcIjogOX1dLCBcImZpcnN0X2ljb25cIjogXCJmYSBmYS11bml2ZXJzaXR5XCIsIFwiZmlyc3RfdXJsXCI6IFwiL2luZm8vc2Nob29sL1wifSwge1widGl0bGVcIjogXCJcdTUxNWFcdTU0NThcdTY1NTlcdTgwYjJcIiwgXCJtZW51c1wiOiBbe1widGl0bGVcIjogXCJcdTRmMWFcdThiYWUvXHU2ZDNiXHU1MmE4XCIsIFwidXJsXCI6IFwiL3RlYWNoaW5nL2FjdGl2aXR5L1wiLCBcImljb25cIjogXCJmYSBmYS11c2Vyc1wiLCBcIm9yZGVyXCI6IDEwfSwge1widGl0bGVcIjogXCJcdTViNjZcdTY1ZjZcdTdlZGZcdThiYTFcIiwgXCJ1cmxcIjogXCIvdGVhY2hpbmcvdGFrZXBhcnRpbi9cIiwgXCJpY29uXCI6IFwiZmEgZmEtYmFyLWNoYXJ0XCIsIFwib3JkZXJcIjogMTF9XSwgXCJmaXJzdF9pY29uXCI6IFwiZmEgZmEtdXNlcnNcIiwgXCJmaXJzdF91cmxcIjogXCIvdGVhY2hpbmcvYWN0aXZpdHkvXCJ9LCB7XCJ0aXRsZVwiOiBcIlx1NzUyOFx1NjIzN1wiLCBcIm1lbnVzXCI6IFt7XCJ0aXRsZVwiOiBcIlx1NjIxMVx1NzY4NFx1OGQyNlx1NTNmN1wiLCBcInVybFwiOiBcIi91c2VyL3VzZXIvXCIsIFwiaWNvblwiOiBcImZhIGZhLXZjYXJkXCIsIFwib3JkZXJcIjogNX1dLCBcImZpcnN0X2ljb25cIjogXCJmYSBmYS12Y2FyZFwiLCBcImZpcnN0X3VybFwiOiBcIi91c2VyL3VzZXIvXCJ9XSIsIkxJU1RfUVVFUlkiOltbImluZm8iLCJtZW1iZXIiXSwiIl0sIndpemFyZF9pbmZvbWVtYmVyX2FkbWluX3dpemFyZF9mb3JtX3BsdWdpbiI6eyJzdGVwIjoiXHU1N2ZhXHU2NzJjXHU0ZmUxXHU2MDZmIiwic3RlcF9kYXRhIjp7fSwic3RlcF9maWxlcyI6e30sImV4dHJhX2RhdGEiOnt9fX0=','2019-03-03 00:52:56.545200'),('m2mfpcy8rxs1x0o2tguyiyuvnqzo823z','MDgyMDAwNTcxNTRkZDllMWY3YTg4Zjc3OTczY2Q4N2Y1NzE5NzBiMzp7Il9hdXRoX3VzZXJfaWQiOiIxNzM0MTExNyIsIl9hdXRoX3VzZXJfYmFja2VuZCI6ImRqYW5nby5jb250cmliLmF1dGguYmFja2VuZHMuTW9kZWxCYWNrZW5kIiwiX2F1dGhfdXNlcl9oYXNoIjoiZDE1MWU1Y2IwYmJjYmU4ZTU3OGQwZDg2YTE1MmU2YjA3ZmQ2YjY3NCIsIm5hdl9tZW51IjoiW3tcInRpdGxlXCI6IFwiXHU1MTVhXHU1NDU4XHU1M2QxXHU1YzU1XCIsIFwibWVudXNcIjogW3tcInRpdGxlXCI6IFwiXHU2MjEwXHU1NDU4XHU0ZmUxXHU2MDZmXCIsIFwidXJsXCI6IFwiL2luZm8vbWVtYmVyL1wiLCBcImljb25cIjogXCJmYSBmYS1pbmZvXCIsIFwib3JkZXJcIjogOH1dLCBcImZpcnN0X2ljb25cIjogXCJmYSBmYS11bml2ZXJzaXR5XCIsIFwiZmlyc3RfdXJsXCI6IFwiL2luZm8vc2Nob29sL1wifSwge1widGl0bGVcIjogXCJcdTUxNWFcdTU0NThcdTY1NTlcdTgwYjJcIiwgXCJtZW51c1wiOiBbe1widGl0bGVcIjogXCJcdTRmMWFcdThiYWUvXHU2ZDNiXHU1MmE4XCIsIFwidXJsXCI6IFwiL3RlYWNoaW5nL2FjdGl2aXR5L1wiLCBcImljb25cIjogXCJmYSBmYS11c2Vyc1wiLCBcIm9yZGVyXCI6IDEwfSwge1widGl0bGVcIjogXCJcdTViNjZcdTY1ZjZcdTdlZGZcdThiYTFcIiwgXCJ1cmxcIjogXCIvdGVhY2hpbmcvdGFrZXBhcnRpbi9cIiwgXCJpY29uXCI6IFwiZmEgZmEtYmFyLWNoYXJ0XCIsIFwib3JkZXJcIjogMTF9LCB7XCJ0aXRsZVwiOiBcIlx1NWI2Nlx1NGU2MFx1NWYzYVx1NTZmZFx1NjI1M1x1NTM2MVwiLCBcInVybFwiOiBcIi90ZWFjaGluZy9zaGFyaW5nL1wiLCBcImljb25cIjogbnVsbCwgXCJvcmRlclwiOiAxMn1dLCBcImZpcnN0X2ljb25cIjogXCJmYSBmYS11c2Vyc1wiLCBcImZpcnN0X3VybFwiOiBcIi90ZWFjaGluZy9hY3Rpdml0eS9cIn0sIHtcInRpdGxlXCI6IFwiXHU3NTI4XHU2MjM3XCIsIFwibWVudXNcIjogW3tcInRpdGxlXCI6IFwiXHU2MjExXHU3Njg0XHU4ZDI2XHU1M2Y3XCIsIFwidXJsXCI6IFwiL3VzZXIvdXNlci9cIiwgXCJpY29uXCI6IFwiZmEgZmEtdmNhcmRcIiwgXCJvcmRlclwiOiA1fV0sIFwiZmlyc3RfaWNvblwiOiBcImZhIGZhLXZjYXJkXCIsIFwiZmlyc3RfdXJsXCI6IFwiL3VzZXIvdXNlci9cIn1dIiwiTElTVF9RVUVSWSI6W1sidGVhY2hpbmciLCJ0YWtlcGFydGluIl0sIiJdfQ==','2019-03-16 08:51:49.978214'),('mli8h9qspbpk2bz3mrbg14wdrhoeb0c4','ZjhlODVmMDhkNWVjZGY1MDU5YTZjM2FjM2YzY2U1MTk2NmY4ZDAwYTp7Il9hdXRoX3VzZXJfaWQiOiIxNjMzNzExMyIsIl9hdXRoX3VzZXJfYmFja2VuZCI6ImRqYW5nby5jb250cmliLmF1dGguYmFja2VuZHMuTW9kZWxCYWNrZW5kIiwiX2F1dGhfdXNlcl9oYXNoIjoiZmY1Y2RjMGRjOTQxM2MzYmQyNzZhMDg2N2Q0YzBkMzFmNmI4ZGNkOSIsIm5hdl9tZW51IjoiW3tcInRpdGxlXCI6IFwiXHU1MTVhXHU1NDU4XHU1M2QxXHU1YzU1XCIsIFwibWVudXNcIjogW3tcInRpdGxlXCI6IFwiXHU1MTVhXHU2NTJmXHU5MGU4XCIsIFwidXJsXCI6IFwiL2luZm8vYnJhbmNoL1wiLCBcImljb25cIjogXCJmYSBmYS11c2VyXCIsIFwib3JkZXJcIjogN30sIHtcInRpdGxlXCI6IFwiXHU2MjEwXHU1NDU4XHU0ZmUxXHU2MDZmXCIsIFwidXJsXCI6IFwiL2luZm8vbWVtYmVyL1wiLCBcImljb25cIjogXCJmYSBmYS1pbmZvXCIsIFwib3JkZXJcIjogOH0sIHtcInRpdGxlXCI6IFwiXHU1M2QxXHU1YzU1XHU2ZDQxXHU3YTBiXHU0ZjlkXHU4ZDU2XCIsIFwidXJsXCI6IFwiL2luZm8vZGVwZW5kZW5jeS9cIiwgXCJpY29uXCI6IG51bGwsIFwib3JkZXJcIjogOX1dLCBcImZpcnN0X2ljb25cIjogXCJmYSBmYS11bml2ZXJzaXR5XCIsIFwiZmlyc3RfdXJsXCI6IFwiL2luZm8vc2Nob29sL1wifSwge1widGl0bGVcIjogXCJcdTUxNWFcdTU0NThcdTY1NTlcdTgwYjJcIiwgXCJtZW51c1wiOiBbe1widGl0bGVcIjogXCJcdTRmMWFcdThiYWUvXHU2ZDNiXHU1MmE4XCIsIFwidXJsXCI6IFwiL3RlYWNoaW5nL2FjdGl2aXR5L1wiLCBcImljb25cIjogXCJmYSBmYS11c2Vyc1wiLCBcIm9yZGVyXCI6IDEwfSwge1widGl0bGVcIjogXCJcdTViNjZcdTY1ZjZcdTdlZGZcdThiYTFcIiwgXCJ1cmxcIjogXCIvdGVhY2hpbmcvdGFrZXBhcnRpbi9cIiwgXCJpY29uXCI6IFwiZmEgZmEtYmFyLWNoYXJ0XCIsIFwib3JkZXJcIjogMTF9LCB7XCJ0aXRsZVwiOiBcIlx1NWI2Nlx1NGU2MFx1NjI1M1x1NTM2MVwiLCBcInVybFwiOiBcIi90ZWFjaGluZy9zaGFyaW5nL1wiLCBcImljb25cIjogbnVsbCwgXCJvcmRlclwiOiAxMn1dLCBcImZpcnN0X2ljb25cIjogXCJmYSBmYS11c2Vyc1wiLCBcImZpcnN0X3VybFwiOiBcIi90ZWFjaGluZy9hY3Rpdml0eS9cIn0sIHtcInRpdGxlXCI6IFwiXHU3NTI4XHU2MjM3XCIsIFwibWVudXNcIjogW3tcInRpdGxlXCI6IFwiXHU2MjExXHU3Njg0XHU4ZDI2XHU1M2Y3XCIsIFwidXJsXCI6IFwiL3VzZXIvdXNlci9cIiwgXCJpY29uXCI6IFwiZmEgZmEtdmNhcmRcIiwgXCJvcmRlclwiOiA1fV0sIFwiZmlyc3RfaWNvblwiOiBcImZhIGZhLXZjYXJkXCIsIFwiZmlyc3RfdXJsXCI6IFwiL3VzZXIvdXNlci9cIn1dIiwiTElTVF9RVUVSWSI6W1sidGVhY2hpbmciLCJzaGFyaW5nIl0sIiJdfQ==','2019-03-18 19:31:21.585804'),('mu4okqtoe3kjoicjr10sp97worr0ihbw','YWZlODI5NTBiZDYyYjFkNWQ3MThhZmMyYzA5YjlhMWE0Mjg3OTg2MDp7Il9hdXRoX3VzZXJfaWQiOiIxNTMzMTMzMSIsIl9hdXRoX3VzZXJfYmFja2VuZCI6ImRqYW5nby5jb250cmliLmF1dGguYmFja2VuZHMuTW9kZWxCYWNrZW5kIiwiX2F1dGhfdXNlcl9oYXNoIjoiMjVmNTI3NTFmNjA2ZWM1ZjU5ZDkyNDAzM2FhYmRlZGZkNTM3NzE0MCIsIm5hdl9tZW51IjoiW3tcInRpdGxlXCI6IFwiXHU1MTVhXHU1NDU4XHU1M2QxXHU1YzU1XCIsIFwibWVudXNcIjogW3tcInRpdGxlXCI6IFwiXHU2MjEwXHU1NDU4XHU0ZmUxXHU2MDZmXCIsIFwidXJsXCI6IFwiL2luZm8vbWVtYmVyL1wiLCBcImljb25cIjogXCJmYSBmYS1pbmZvXCIsIFwib3JkZXJcIjogOH1dLCBcImZpcnN0X2ljb25cIjogXCJmYSBmYS11bml2ZXJzaXR5XCIsIFwiZmlyc3RfdXJsXCI6IFwiL2luZm8vc2Nob29sL1wifSwge1widGl0bGVcIjogXCJcdTUxNWFcdTU0NThcdTY1NTlcdTgwYjJcIiwgXCJtZW51c1wiOiBbe1widGl0bGVcIjogXCJcdTRmMWFcdThiYWUvXHU2ZDNiXHU1MmE4XCIsIFwidXJsXCI6IFwiL3RlYWNoaW5nL2FjdGl2aXR5L1wiLCBcImljb25cIjogXCJmYSBmYS11c2Vyc1wiLCBcIm9yZGVyXCI6IDEwfSwge1widGl0bGVcIjogXCJcdTViNjZcdTY1ZjZcdTdlZGZcdThiYTFcIiwgXCJ1cmxcIjogXCIvdGVhY2hpbmcvdGFrZXBhcnRpbi9cIiwgXCJpY29uXCI6IFwiZmEgZmEtYmFyLWNoYXJ0XCIsIFwib3JkZXJcIjogMTF9XSwgXCJmaXJzdF9pY29uXCI6IFwiZmEgZmEtdXNlcnNcIiwgXCJmaXJzdF91cmxcIjogXCIvdGVhY2hpbmcvYWN0aXZpdHkvXCJ9LCB7XCJ0aXRsZVwiOiBcIlx1NzUyOFx1NjIzN1wiLCBcIm1lbnVzXCI6IFt7XCJ0aXRsZVwiOiBcIlx1NjIxMVx1NzY4NFx1OGQyNlx1NTNmN1wiLCBcInVybFwiOiBcIi91c2VyL3VzZXIvXCIsIFwiaWNvblwiOiBcImZhIGZhLXZjYXJkXCIsIFwib3JkZXJcIjogNX1dLCBcImZpcnN0X2ljb25cIjogXCJmYSBmYS12Y2FyZFwiLCBcImZpcnN0X3VybFwiOiBcIi91c2VyL3VzZXIvXCJ9XSIsIkxJU1RfUVVFUlkiOltbImluZm8iLCJtZW1iZXIiXSwiIl0sIndpemFyZF9pbmZvbWVtYmVyX2FkbWluX3dpemFyZF9mb3JtX3BsdWdpbiI6eyJzdGVwIjoiXHU1N2ZhXHU2NzJjXHU0ZmUxXHU2MDZmIiwic3RlcF9kYXRhIjp7fSwic3RlcF9maWxlcyI6e30sImV4dHJhX2RhdGEiOnt9fX0=','2019-03-10 16:46:14.495837'),('n5uckgip6rd5lr7ezfxms1duri652nxf','MDMxNDMyNmI5MDdhMzRlMzk1MDBkYmRhYjhlYmJjNmFmM2U1Y2UwYzp7Il9hdXRoX3VzZXJfaWQiOiIxNzM0MTA4NyIsIl9hdXRoX3VzZXJfYmFja2VuZCI6ImRqYW5nby5jb250cmliLmF1dGguYmFja2VuZHMuTW9kZWxCYWNrZW5kIiwiX2F1dGhfdXNlcl9oYXNoIjoiZDBiMjdhOGQzZDg0NmY3NjE2ZjFlMGQ1NjI5NWY3NmFkOTk2ZmFlZSIsIm5hdl9tZW51IjoiW3tcInRpdGxlXCI6IFwiXHU1MTVhXHU1NDU4XHU1M2QxXHU1YzU1XCIsIFwibWVudXNcIjogW3tcInRpdGxlXCI6IFwiXHU2MjEwXHU1NDU4XHU0ZmUxXHU2MDZmXCIsIFwidXJsXCI6IFwiL2luZm8vbWVtYmVyL1wiLCBcImljb25cIjogXCJmYSBmYS1pbmZvXCIsIFwib3JkZXJcIjogOH1dLCBcImZpcnN0X2ljb25cIjogXCJmYSBmYS11bml2ZXJzaXR5XCIsIFwiZmlyc3RfdXJsXCI6IFwiL2luZm8vc2Nob29sL1wifSwge1widGl0bGVcIjogXCJcdTUxNWFcdTU0NThcdTY1NTlcdTgwYjJcIiwgXCJtZW51c1wiOiBbe1widGl0bGVcIjogXCJcdTRmMWFcdThiYWUvXHU2ZDNiXHU1MmE4XCIsIFwidXJsXCI6IFwiL3RlYWNoaW5nL2FjdGl2aXR5L1wiLCBcImljb25cIjogXCJmYSBmYS11c2Vyc1wiLCBcIm9yZGVyXCI6IDEwfSwge1widGl0bGVcIjogXCJcdTViNjZcdTY1ZjZcdTdlZGZcdThiYTFcIiwgXCJ1cmxcIjogXCIvdGVhY2hpbmcvdGFrZXBhcnRpbi9cIiwgXCJpY29uXCI6IFwiZmEgZmEtYmFyLWNoYXJ0XCIsIFwib3JkZXJcIjogMTF9XSwgXCJmaXJzdF9pY29uXCI6IFwiZmEgZmEtdXNlcnNcIiwgXCJmaXJzdF91cmxcIjogXCIvdGVhY2hpbmcvYWN0aXZpdHkvXCJ9LCB7XCJ0aXRsZVwiOiBcIlx1NzUyOFx1NjIzN1wiLCBcIm1lbnVzXCI6IFt7XCJ0aXRsZVwiOiBcIlx1NjIxMVx1NzY4NFx1OGQyNlx1NTNmN1wiLCBcInVybFwiOiBcIi91c2VyL3VzZXIvXCIsIFwiaWNvblwiOiBcImZhIGZhLXZjYXJkXCIsIFwib3JkZXJcIjogNX1dLCBcImZpcnN0X2ljb25cIjogXCJmYSBmYS12Y2FyZFwiLCBcImZpcnN0X3VybFwiOiBcIi91c2VyL3VzZXIvXCJ9XSIsIkxJU1RfUVVFUlkiOltbImluZm8iLCJtZW1iZXIiXSwiIl19','2019-03-09 09:48:11.368508'),('n95mnnle1fapk17caqlf0zyksqjgq4ry','NmIyYmU4ODYzYmIwOWZkY2ViMGYyZDc3MTZhNWI3ODFmY2I1NDk3YTp7Il9hdXRoX3VzZXJfaWQiOiIxNjMzNzA5OSIsIl9hdXRoX3VzZXJfYmFja2VuZCI6ImRqYW5nby5jb250cmliLmF1dGguYmFja2VuZHMuTW9kZWxCYWNrZW5kIiwiX2F1dGhfdXNlcl9oYXNoIjoiZGU5ZTljZmJiZTNkYzZjN2JhMzM4ZTI5YTRjMGMzZmY4MDVkMDExMCIsIm5hdl9tZW51IjoiW3tcInRpdGxlXCI6IFwiXHU1MTVhXHU1NDU4XHU1M2QxXHU1YzU1XCIsIFwibWVudXNcIjogW3tcInRpdGxlXCI6IFwiXHU2MjEwXHU1NDU4XHU0ZmUxXHU2MDZmXCIsIFwidXJsXCI6IFwiL2luZm8vbWVtYmVyL1wiLCBcImljb25cIjogXCJmYSBmYS1pbmZvXCIsIFwib3JkZXJcIjogOH1dLCBcImZpcnN0X2ljb25cIjogXCJmYSBmYS11bml2ZXJzaXR5XCIsIFwiZmlyc3RfdXJsXCI6IFwiL2luZm8vc2Nob29sL1wifSwge1widGl0bGVcIjogXCJcdTUxNWFcdTU0NThcdTY1NTlcdTgwYjJcIiwgXCJtZW51c1wiOiBbe1widGl0bGVcIjogXCJcdTRmMWFcdThiYWUvXHU2ZDNiXHU1MmE4XCIsIFwidXJsXCI6IFwiL3RlYWNoaW5nL2FjdGl2aXR5L1wiLCBcImljb25cIjogXCJmYSBmYS11c2Vyc1wiLCBcIm9yZGVyXCI6IDEwfSwge1widGl0bGVcIjogXCJcdTViNjZcdTY1ZjZcdTdlZGZcdThiYTFcIiwgXCJ1cmxcIjogXCIvdGVhY2hpbmcvdGFrZXBhcnRpbi9cIiwgXCJpY29uXCI6IFwiZmEgZmEtYmFyLWNoYXJ0XCIsIFwib3JkZXJcIjogMTF9LCB7XCJ0aXRsZVwiOiBcIlx1NWI2Nlx1NGU2MFx1NWYzYVx1NTZmZFx1NjI1M1x1NTM2MVwiLCBcInVybFwiOiBcIi90ZWFjaGluZy9zaGFyaW5nL1wiLCBcImljb25cIjogbnVsbCwgXCJvcmRlclwiOiAxMn1dLCBcImZpcnN0X2ljb25cIjogXCJmYSBmYS11c2Vyc1wiLCBcImZpcnN0X3VybFwiOiBcIi90ZWFjaGluZy9hY3Rpdml0eS9cIn0sIHtcInRpdGxlXCI6IFwiXHU3NTI4XHU2MjM3XCIsIFwibWVudXNcIjogW3tcInRpdGxlXCI6IFwiXHU2MjExXHU3Njg0XHU4ZDI2XHU1M2Y3XCIsIFwidXJsXCI6IFwiL3VzZXIvdXNlci9cIiwgXCJpY29uXCI6IFwiZmEgZmEtdmNhcmRcIiwgXCJvcmRlclwiOiA1fV0sIFwiZmlyc3RfaWNvblwiOiBcImZhIGZhLXZjYXJkXCIsIFwiZmlyc3RfdXJsXCI6IFwiL3VzZXIvdXNlci9cIn1dIiwiTElTVF9RVUVSWSI6W1sidGVhY2hpbmciLCJ0YWtlcGFydGluIl0sIiJdfQ==','2019-03-15 21:34:49.131972'),('nvwal3ha6wd0w4e2ydb1a5ejc6j1e13r','YTFlZWE3YjgyYWFmZTAzMzUyNzY1YjQyNzdjMDM2MDBkN2QzZGFiNTp7Il9hdXRoX3VzZXJfaWQiOiIxODM0MDA3NSIsIl9hdXRoX3VzZXJfYmFja2VuZCI6ImRqYW5nby5jb250cmliLmF1dGguYmFja2VuZHMuTW9kZWxCYWNrZW5kIiwiX2F1dGhfdXNlcl9oYXNoIjoiNzc2OGUxZGIyMTA2YzljNDA0NmRlNTBhZDdkNDMyMzE5YmUzYTVlNCIsIm5hdl9tZW51IjoiW3tcInRpdGxlXCI6IFwiXHU1MTVhXHU1NDU4XHU1M2QxXHU1YzU1XCIsIFwibWVudXNcIjogW3tcInRpdGxlXCI6IFwiXHU2MjEwXHU1NDU4XHU0ZmUxXHU2MDZmXCIsIFwidXJsXCI6IFwiL2luZm8vbWVtYmVyL1wiLCBcImljb25cIjogXCJmYSBmYS1pbmZvXCIsIFwib3JkZXJcIjogOH1dLCBcImZpcnN0X2ljb25cIjogXCJmYSBmYS11bml2ZXJzaXR5XCIsIFwiZmlyc3RfdXJsXCI6IFwiL2luZm8vc2Nob29sL1wifSwge1widGl0bGVcIjogXCJcdTUxNWFcdTU0NThcdTY1NTlcdTgwYjJcIiwgXCJtZW51c1wiOiBbe1widGl0bGVcIjogXCJcdTRmMWFcdThiYWUvXHU2ZDNiXHU1MmE4XCIsIFwidXJsXCI6IFwiL3RlYWNoaW5nL2FjdGl2aXR5L1wiLCBcImljb25cIjogXCJmYSBmYS11c2Vyc1wiLCBcIm9yZGVyXCI6IDEwfSwge1widGl0bGVcIjogXCJcdTViNjZcdTY1ZjZcdTdlZGZcdThiYTFcIiwgXCJ1cmxcIjogXCIvdGVhY2hpbmcvdGFrZXBhcnRpbi9cIiwgXCJpY29uXCI6IFwiZmEgZmEtYmFyLWNoYXJ0XCIsIFwib3JkZXJcIjogMTF9XSwgXCJmaXJzdF9pY29uXCI6IFwiZmEgZmEtdXNlcnNcIiwgXCJmaXJzdF91cmxcIjogXCIvdGVhY2hpbmcvYWN0aXZpdHkvXCJ9LCB7XCJ0aXRsZVwiOiBcIlx1NzUyOFx1NjIzN1wiLCBcIm1lbnVzXCI6IFt7XCJ0aXRsZVwiOiBcIlx1NjIxMVx1NzY4NFx1OGQyNlx1NTNmN1wiLCBcInVybFwiOiBcIi91c2VyL3VzZXIvXCIsIFwiaWNvblwiOiBcImZhIGZhLXZjYXJkXCIsIFwib3JkZXJcIjogNX1dLCBcImZpcnN0X2ljb25cIjogXCJmYSBmYS12Y2FyZFwiLCBcImZpcnN0X3VybFwiOiBcIi91c2VyL3VzZXIvXCJ9XSJ9','2019-03-11 19:39:58.314951'),('odnohzewro02stx1i73tntvgqwlx6gkz','OTIwY2VlNjExMThiYzc2OGZmOGE2NTY1MDM5NmZhNGFlNGIwODUxZDp7Il9hdXRoX3VzZXJfaWQiOiIxNjMzNzE3NCIsIl9hdXRoX3VzZXJfYmFja2VuZCI6ImRqYW5nby5jb250cmliLmF1dGguYmFja2VuZHMuTW9kZWxCYWNrZW5kIiwiX2F1dGhfdXNlcl9oYXNoIjoiNWM5MjAyNmEwMTcyZWJmZGMzYmI2M2E3YjRhZTk0YjJjMmE0MThiMyIsIm5hdl9tZW51IjoiW3tcInRpdGxlXCI6IFwiXHU1MTVhXHU1NDU4XHU1M2QxXHU1YzU1XCIsIFwibWVudXNcIjogW3tcInRpdGxlXCI6IFwiXHU2MjEwXHU1NDU4XHU0ZmUxXHU2MDZmXCIsIFwidXJsXCI6IFwiL2luZm8vbWVtYmVyL1wiLCBcImljb25cIjogXCJmYSBmYS1pbmZvXCIsIFwib3JkZXJcIjogOH1dLCBcImZpcnN0X2ljb25cIjogXCJmYSBmYS11bml2ZXJzaXR5XCIsIFwiZmlyc3RfdXJsXCI6IFwiL2luZm8vc2Nob29sL1wifSwge1widGl0bGVcIjogXCJcdTUxNWFcdTU0NThcdTY1NTlcdTgwYjJcIiwgXCJtZW51c1wiOiBbe1widGl0bGVcIjogXCJcdTRmMWFcdThiYWUvXHU2ZDNiXHU1MmE4XCIsIFwidXJsXCI6IFwiL3RlYWNoaW5nL2FjdGl2aXR5L1wiLCBcImljb25cIjogXCJmYSBmYS11c2Vyc1wiLCBcIm9yZGVyXCI6IDEwfSwge1widGl0bGVcIjogXCJcdTViNjZcdTY1ZjZcdTdlZGZcdThiYTFcIiwgXCJ1cmxcIjogXCIvdGVhY2hpbmcvdGFrZXBhcnRpbi9cIiwgXCJpY29uXCI6IFwiZmEgZmEtYmFyLWNoYXJ0XCIsIFwib3JkZXJcIjogMTF9LCB7XCJ0aXRsZVwiOiBcIlx1NWI2Nlx1NGU2MFx1NjI1M1x1NTM2MVwiLCBcInVybFwiOiBcIi90ZWFjaGluZy9zaGFyaW5nL1wiLCBcImljb25cIjogXCJmYSBmYS1ib29rXCIsIFwib3JkZXJcIjogMTJ9XSwgXCJmaXJzdF9pY29uXCI6IFwiZmEgZmEtdXNlcnNcIiwgXCJmaXJzdF91cmxcIjogXCIvdGVhY2hpbmcvYWN0aXZpdHkvXCJ9LCB7XCJ0aXRsZVwiOiBcIlx1NzUyOFx1NjIzN1wiLCBcIm1lbnVzXCI6IFt7XCJ0aXRsZVwiOiBcIlx1NjIxMVx1NzY4NFx1OGQyNlx1NTNmN1wiLCBcInVybFwiOiBcIi91c2VyL3VzZXIvXCIsIFwiaWNvblwiOiBcImZhIGZhLXZjYXJkXCIsIFwib3JkZXJcIjogNX1dLCBcImZpcnN0X2ljb25cIjogXCJmYSBmYS12Y2FyZFwiLCBcImZpcnN0X3VybFwiOiBcIi91c2VyL3VzZXIvXCJ9XSIsIkxJU1RfUVVFUlkiOltbInRlYWNoaW5nIiwidGFrZXBhcnRpbiJdLCIiXX0=','2019-03-27 10:05:04.982108'),('oriw3bhxrfvqkc17zxj8jdu05z8iwew4','MzYxZTJkM2Q3Y2E3MDc4NDU2MTMxN2JlOGJkMjljZGRiMzcxNTAzNDp7Il9hdXRoX3VzZXJfaWQiOiIxODM0MDA3NSIsIl9hdXRoX3VzZXJfYmFja2VuZCI6ImRqYW5nby5jb250cmliLmF1dGguYmFja2VuZHMuTW9kZWxCYWNrZW5kIiwiX2F1dGhfdXNlcl9oYXNoIjoiNzc2OGUxZGIyMTA2YzljNDA0NmRlNTBhZDdkNDMyMzE5YmUzYTVlNCIsIm5hdl9tZW51IjoiW3tcInRpdGxlXCI6IFwiXHU1MTVhXHU1NDU4XHU1M2QxXHU1YzU1XCIsIFwibWVudXNcIjogW3tcInRpdGxlXCI6IFwiXHU2MjEwXHU1NDU4XHU0ZmUxXHU2MDZmXCIsIFwidXJsXCI6IFwiL2luZm8vbWVtYmVyL1wiLCBcImljb25cIjogXCJmYSBmYS1pbmZvXCIsIFwib3JkZXJcIjogOH1dLCBcImZpcnN0X2ljb25cIjogXCJmYSBmYS11bml2ZXJzaXR5XCIsIFwiZmlyc3RfdXJsXCI6IFwiL2luZm8vc2Nob29sL1wifSwge1widGl0bGVcIjogXCJcdTUxNWFcdTU0NThcdTY1NTlcdTgwYjJcIiwgXCJtZW51c1wiOiBbe1widGl0bGVcIjogXCJcdTRmMWFcdThiYWUvXHU2ZDNiXHU1MmE4XCIsIFwidXJsXCI6IFwiL3RlYWNoaW5nL2FjdGl2aXR5L1wiLCBcImljb25cIjogXCJmYSBmYS11c2Vyc1wiLCBcIm9yZGVyXCI6IDEwfSwge1widGl0bGVcIjogXCJcdTViNjZcdTY1ZjZcdTdlZGZcdThiYTFcIiwgXCJ1cmxcIjogXCIvdGVhY2hpbmcvdGFrZXBhcnRpbi9cIiwgXCJpY29uXCI6IFwiZmEgZmEtYmFyLWNoYXJ0XCIsIFwib3JkZXJcIjogMTF9LCB7XCJ0aXRsZVwiOiBcIlx1NWI2Nlx1NGU2MFx1NjI1M1x1NTM2MVwiLCBcInVybFwiOiBcIi90ZWFjaGluZy9zaGFyaW5nL1wiLCBcImljb25cIjogbnVsbCwgXCJvcmRlclwiOiAxMn1dLCBcImZpcnN0X2ljb25cIjogXCJmYSBmYS11c2Vyc1wiLCBcImZpcnN0X3VybFwiOiBcIi90ZWFjaGluZy9hY3Rpdml0eS9cIn0sIHtcInRpdGxlXCI6IFwiXHU3NTI4XHU2MjM3XCIsIFwibWVudXNcIjogW3tcInRpdGxlXCI6IFwiXHU2MjExXHU3Njg0XHU4ZDI2XHU1M2Y3XCIsIFwidXJsXCI6IFwiL3VzZXIvdXNlci9cIiwgXCJpY29uXCI6IFwiZmEgZmEtdmNhcmRcIiwgXCJvcmRlclwiOiA1fV0sIFwiZmlyc3RfaWNvblwiOiBcImZhIGZhLXZjYXJkXCIsIFwiZmlyc3RfdXJsXCI6IFwiL3VzZXIvdXNlci9cIn1dIiwiTElTVF9RVUVSWSI6W1sidGVhY2hpbmciLCJ0YWtlcGFydGluIl0sIiJdfQ==','2019-03-27 22:45:28.993998'),('q1b6h6d6a58mqnc7kuoilds908h9gt2p','MDAwN2E5NGQwMmRiZjI2ZmNjODM0MGI4NTliM2IzZTE3YjI2M2ViZDp7Il9hdXRoX3VzZXJfaWQiOiIxODM0MDA2MCIsIl9hdXRoX3VzZXJfYmFja2VuZCI6ImRqYW5nby5jb250cmliLmF1dGguYmFja2VuZHMuTW9kZWxCYWNrZW5kIiwiX2F1dGhfdXNlcl9oYXNoIjoiMGFlZDEzMTZlZTY3ZmVjNjI4MTU2YzcxZTc4NTY3MjFmNTE4NTJhOSIsIm5hdl9tZW51IjoiW3tcInRpdGxlXCI6IFwiXHU1MTVhXHU1NDU4XHU1M2QxXHU1YzU1XCIsIFwibWVudXNcIjogW3tcInRpdGxlXCI6IFwiXHU2MjEwXHU1NDU4XHU0ZmUxXHU2MDZmXCIsIFwidXJsXCI6IFwiL2luZm8vbWVtYmVyL1wiLCBcImljb25cIjogXCJmYSBmYS1pbmZvXCIsIFwib3JkZXJcIjogOX1dLCBcImZpcnN0X2ljb25cIjogXCJmYSBmYS11bml2ZXJzaXR5XCIsIFwiZmlyc3RfdXJsXCI6IFwiL2luZm8vc2Nob29sL1wifSwge1widGl0bGVcIjogXCJcdTUxNWFcdTU0NThcdTY1NTlcdTgwYjJcIiwgXCJtZW51c1wiOiBbe1widGl0bGVcIjogXCJcdTRmMWFcdThiYWUvXHU2ZDNiXHU1MmE4XCIsIFwidXJsXCI6IFwiL3RlYWNoaW5nL2FjdGl2aXR5L1wiLCBcImljb25cIjogXCJmYSBmYS11c2Vyc1wiLCBcIm9yZGVyXCI6IDEwfSwge1widGl0bGVcIjogXCJcdTViNjZcdTY1ZjZcdTdlZGZcdThiYTFcIiwgXCJ1cmxcIjogXCIvdGVhY2hpbmcvdGFrZXBhcnRpbi9cIiwgXCJpY29uXCI6IFwiZmEgZmEtYmFyLWNoYXJ0XCIsIFwib3JkZXJcIjogMTF9XSwgXCJmaXJzdF9pY29uXCI6IFwiZmEgZmEtdXNlcnNcIiwgXCJmaXJzdF91cmxcIjogXCIvdGVhY2hpbmcvYWN0aXZpdHkvXCJ9LCB7XCJ0aXRsZVwiOiBcIlx1NzUyOFx1NjIzN1wiLCBcIm1lbnVzXCI6IFt7XCJ0aXRsZVwiOiBcIlx1NjIxMVx1NzY4NFx1OGQyNlx1NTNmN1wiLCBcInVybFwiOiBcIi91c2VyL3VzZXIvXCIsIFwiaWNvblwiOiBcImZhIGZhLXZjYXJkXCIsIFwib3JkZXJcIjogNX1dLCBcImZpcnN0X2ljb25cIjogXCJmYSBmYS12Y2FyZFwiLCBcImZpcnN0X3VybFwiOiBcIi91c2VyL3VzZXIvXCJ9XSIsIndpemFyZF9pbmZvbWVtYmVyX2FkbWluX3dpemFyZF9mb3JtX3BsdWdpbiI6eyJzdGVwIjoiXHU1N2ZhXHU2NzJjXHU0ZmUxXHU2MDZmIiwic3RlcF9kYXRhIjp7fSwic3RlcF9maWxlcyI6e30sImV4dHJhX2RhdGEiOnt9fSwiTElTVF9RVUVSWSI6W1siaW5mbyIsIm1lbWJlciJdLCIiXX0=','2019-03-03 16:34:31.411322'),('q89oenms41y1i0qa23q4h3h3y6a13924','ZTg3NGZkMjMzMWNiYmM3NWIyZDU3NzA0MzY4YmZkOTNhMDA0NzgxYzp7Il9hdXRoX3VzZXJfaWQiOiIxNzM0MTA5NyIsIl9hdXRoX3VzZXJfYmFja2VuZCI6ImRqYW5nby5jb250cmliLmF1dGguYmFja2VuZHMuTW9kZWxCYWNrZW5kIiwiX2F1dGhfdXNlcl9oYXNoIjoiYmQyYjUyMjJkMTllNDRhNjViNjYwZjdhZGQ3Zjg1OTRhMmU4NDNkOSIsIm5hdl9tZW51IjoiW3tcInRpdGxlXCI6IFwiXHU1MTVhXHU1NDU4XHU1M2QxXHU1YzU1XCIsIFwibWVudXNcIjogW3tcInRpdGxlXCI6IFwiXHU2MjEwXHU1NDU4XHU0ZmUxXHU2MDZmXCIsIFwidXJsXCI6IFwiL2luZm8vbWVtYmVyL1wiLCBcImljb25cIjogXCJmYSBmYS1pbmZvXCIsIFwib3JkZXJcIjogOH1dLCBcImZpcnN0X2ljb25cIjogXCJmYSBmYS11bml2ZXJzaXR5XCIsIFwiZmlyc3RfdXJsXCI6IFwiL2luZm8vc2Nob29sL1wifSwge1widGl0bGVcIjogXCJcdTUxNWFcdTU0NThcdTY1NTlcdTgwYjJcIiwgXCJtZW51c1wiOiBbe1widGl0bGVcIjogXCJcdTRmMWFcdThiYWUvXHU2ZDNiXHU1MmE4XCIsIFwidXJsXCI6IFwiL3RlYWNoaW5nL2FjdGl2aXR5L1wiLCBcImljb25cIjogXCJmYSBmYS11c2Vyc1wiLCBcIm9yZGVyXCI6IDEwfSwge1widGl0bGVcIjogXCJcdTViNjZcdTY1ZjZcdTdlZGZcdThiYTFcIiwgXCJ1cmxcIjogXCIvdGVhY2hpbmcvdGFrZXBhcnRpbi9cIiwgXCJpY29uXCI6IFwiZmEgZmEtYmFyLWNoYXJ0XCIsIFwib3JkZXJcIjogMTF9LCB7XCJ0aXRsZVwiOiBcIlx1NWI2Nlx1NGU2MFx1NjI1M1x1NTM2MVwiLCBcInVybFwiOiBcIi90ZWFjaGluZy9zaGFyaW5nL1wiLCBcImljb25cIjogXCJmYSBmYS1ib29rXCIsIFwib3JkZXJcIjogMTJ9XSwgXCJmaXJzdF9pY29uXCI6IFwiZmEgZmEtdXNlcnNcIiwgXCJmaXJzdF91cmxcIjogXCIvdGVhY2hpbmcvYWN0aXZpdHkvXCJ9LCB7XCJ0aXRsZVwiOiBcIlx1NzUyOFx1NjIzN1wiLCBcIm1lbnVzXCI6IFt7XCJ0aXRsZVwiOiBcIlx1NjIxMVx1NzY4NFx1OGQyNlx1NTNmN1wiLCBcInVybFwiOiBcIi91c2VyL3VzZXIvXCIsIFwiaWNvblwiOiBcImZhIGZhLXZjYXJkXCIsIFwib3JkZXJcIjogNX1dLCBcImZpcnN0X2ljb25cIjogXCJmYSBmYS12Y2FyZFwiLCBcImZpcnN0X3VybFwiOiBcIi91c2VyL3VzZXIvXCJ9XSIsIkxJU1RfUVVFUlkiOltbImluZm8iLCJtZW1iZXIiXSwiIl19','2019-03-27 21:30:48.235835'),('qeyy3rte1l4ixiuq5ml4ypf9fxw2zan3','NDY2NzY5YzJmYzY4NzlmMDUyNThhNzFhZTRkYzQ5NDg3ODUwZmY5MTp7Il9hdXRoX3VzZXJfaWQiOiIxNjMzNzE1NCIsIl9hdXRoX3VzZXJfYmFja2VuZCI6ImRqYW5nby5jb250cmliLmF1dGguYmFja2VuZHMuTW9kZWxCYWNrZW5kIiwiX2F1dGhfdXNlcl9oYXNoIjoiMmQ3YzhhZjIwMjcyYTZhNDM4NjdkOGRjODJhMGM1MTE0MjI4NGUxZSIsIm5hdl9tZW51IjoiW3tcInRpdGxlXCI6IFwiXHU1MTVhXHU1NDU4XHU1M2QxXHU1YzU1XCIsIFwibWVudXNcIjogW3tcInRpdGxlXCI6IFwiXHU2MjEwXHU1NDU4XHU0ZmUxXHU2MDZmXCIsIFwidXJsXCI6IFwiL2luZm8vbWVtYmVyL1wiLCBcImljb25cIjogXCJmYSBmYS1pbmZvXCIsIFwib3JkZXJcIjogOH1dLCBcImZpcnN0X2ljb25cIjogXCJmYSBmYS11bml2ZXJzaXR5XCIsIFwiZmlyc3RfdXJsXCI6IFwiL2luZm8vc2Nob29sL1wifSwge1widGl0bGVcIjogXCJcdTUxNWFcdTU0NThcdTY1NTlcdTgwYjJcIiwgXCJtZW51c1wiOiBbe1widGl0bGVcIjogXCJcdTRmMWFcdThiYWUvXHU2ZDNiXHU1MmE4XCIsIFwidXJsXCI6IFwiL3RlYWNoaW5nL2FjdGl2aXR5L1wiLCBcImljb25cIjogXCJmYSBmYS11c2Vyc1wiLCBcIm9yZGVyXCI6IDEwfSwge1widGl0bGVcIjogXCJcdTViNjZcdTY1ZjZcdTdlZGZcdThiYTFcIiwgXCJ1cmxcIjogXCIvdGVhY2hpbmcvdGFrZXBhcnRpbi9cIiwgXCJpY29uXCI6IFwiZmEgZmEtYmFyLWNoYXJ0XCIsIFwib3JkZXJcIjogMTF9XSwgXCJmaXJzdF9pY29uXCI6IFwiZmEgZmEtdXNlcnNcIiwgXCJmaXJzdF91cmxcIjogXCIvdGVhY2hpbmcvYWN0aXZpdHkvXCJ9LCB7XCJ0aXRsZVwiOiBcIlx1NzUyOFx1NjIzN1wiLCBcIm1lbnVzXCI6IFt7XCJ0aXRsZVwiOiBcIlx1NjIxMVx1NzY4NFx1OGQyNlx1NTNmN1wiLCBcInVybFwiOiBcIi91c2VyL3VzZXIvXCIsIFwiaWNvblwiOiBcImZhIGZhLXZjYXJkXCIsIFwib3JkZXJcIjogNX1dLCBcImZpcnN0X2ljb25cIjogXCJmYSBmYS12Y2FyZFwiLCBcImZpcnN0X3VybFwiOiBcIi91c2VyL3VzZXIvXCJ9XSIsIkxJU1RfUVVFUlkiOltbImluZm8iLCJtZW1iZXIiXSwiIl19','2019-03-08 13:08:30.373749'),('rlpvv3w4mrecc47z8amte6nlrdn9re9h','ODQ1OGQ5YTY4MmI4ZjZmMzViYmQzYTllN2YyNGE5Y2ZkMmZlYzYzYjp7Il9hdXRoX3VzZXJfaWQiOiIxNjMzNzE5MSIsIl9hdXRoX3VzZXJfYmFja2VuZCI6ImRqYW5nby5jb250cmliLmF1dGguYmFja2VuZHMuTW9kZWxCYWNrZW5kIiwiX2F1dGhfdXNlcl9oYXNoIjoiNjM2MDUxZjA4YTNmYTVlMDRhNDZiZWQwNjI1NGRkMWUwNjhhOTI5MCIsIm5hdl9tZW51IjoiW3tcInRpdGxlXCI6IFwiXHU1MTVhXHU1NDU4XHU1M2QxXHU1YzU1XCIsIFwibWVudXNcIjogW3tcInRpdGxlXCI6IFwiXHU2MjEwXHU1NDU4XHU0ZmUxXHU2MDZmXCIsIFwidXJsXCI6IFwiL2luZm8vbWVtYmVyL1wiLCBcImljb25cIjogXCJmYSBmYS1pbmZvXCIsIFwib3JkZXJcIjogOH1dLCBcImZpcnN0X2ljb25cIjogXCJmYSBmYS11bml2ZXJzaXR5XCIsIFwiZmlyc3RfdXJsXCI6IFwiL2luZm8vc2Nob29sL1wifSwge1widGl0bGVcIjogXCJcdTUxNWFcdTU0NThcdTY1NTlcdTgwYjJcIiwgXCJtZW51c1wiOiBbe1widGl0bGVcIjogXCJcdTRmMWFcdThiYWUvXHU2ZDNiXHU1MmE4XCIsIFwidXJsXCI6IFwiL3RlYWNoaW5nL2FjdGl2aXR5L1wiLCBcImljb25cIjogXCJmYSBmYS11c2Vyc1wiLCBcIm9yZGVyXCI6IDEwfSwge1widGl0bGVcIjogXCJcdTViNjZcdTY1ZjZcdTdlZGZcdThiYTFcIiwgXCJ1cmxcIjogXCIvdGVhY2hpbmcvdGFrZXBhcnRpbi9cIiwgXCJpY29uXCI6IFwiZmEgZmEtYmFyLWNoYXJ0XCIsIFwib3JkZXJcIjogMTF9LCB7XCJ0aXRsZVwiOiBcIlx1NWI2Nlx1NGU2MFx1NjI1M1x1NTM2MVwiLCBcInVybFwiOiBcIi90ZWFjaGluZy9zaGFyaW5nL1wiLCBcImljb25cIjogbnVsbCwgXCJvcmRlclwiOiAxMn1dLCBcImZpcnN0X2ljb25cIjogXCJmYSBmYS11c2Vyc1wiLCBcImZpcnN0X3VybFwiOiBcIi90ZWFjaGluZy9hY3Rpdml0eS9cIn0sIHtcInRpdGxlXCI6IFwiXHU3NTI4XHU2MjM3XCIsIFwibWVudXNcIjogW3tcInRpdGxlXCI6IFwiXHU2MjExXHU3Njg0XHU4ZDI2XHU1M2Y3XCIsIFwidXJsXCI6IFwiL3VzZXIvdXNlci9cIiwgXCJpY29uXCI6IFwiZmEgZmEtdmNhcmRcIiwgXCJvcmRlclwiOiA1fV0sIFwiZmlyc3RfaWNvblwiOiBcImZhIGZhLXZjYXJkXCIsIFwiZmlyc3RfdXJsXCI6IFwiL3VzZXIvdXNlci9cIn1dIn0=','2019-03-23 17:29:06.628069'),('t7tcgc2pgra38uj8rrnmuygpcrwgnrog','MzI4OGIyNWQxYTcxOTVkZGQ3ZDgyNzQ2ZDhjYzI1OTc3OTQwYmVhYzp7Il9hdXRoX3VzZXJfaWQiOiIxNjMzNzExMyIsIl9hdXRoX3VzZXJfYmFja2VuZCI6ImRqYW5nby5jb250cmliLmF1dGguYmFja2VuZHMuTW9kZWxCYWNrZW5kIiwiX2F1dGhfdXNlcl9oYXNoIjoiZmY1Y2RjMGRjOTQxM2MzYmQyNzZhMDg2N2Q0YzBkMzFmNmI4ZGNkOSIsIkxJU1RfUVVFUlkiOltbInRlYWNoaW5nIiwidGFrZXBhcnRpbiJdLCIiXSwid2l6YXJkX2luZm9tZW1iZXJfYWRtaW5fd2l6YXJkX2Zvcm1fcGx1Z2luIjp7InN0ZXAiOm51bGwsInN0ZXBfZGF0YSI6e30sInN0ZXBfZmlsZXMiOnt9LCJleHRyYV9kYXRhIjp7fX19','2019-03-12 19:11:00.154922'),('tbaytnm8mcfskyjs7ugqg0grh4m9u3jj','ZTFhNjgwYmQwZTFlM2E0YjczZDJmY2Y0YjdiNzEzOWJlZGJkOTRkZTp7Il9hdXRoX3VzZXJfaWQiOiIxNzM0MTA3NCIsIl9hdXRoX3VzZXJfYmFja2VuZCI6ImRqYW5nby5jb250cmliLmF1dGguYmFja2VuZHMuTW9kZWxCYWNrZW5kIiwiX2F1dGhfdXNlcl9oYXNoIjoiZTJjOTcyODU1OTM2NjNmOTI5NWZmZWI0NDVmZGI0ZGMzZTY5NjJkYiIsIm5hdl9tZW51IjoiW3tcInRpdGxlXCI6IFwiXHU1MTVhXHU1NDU4XHU1M2QxXHU1YzU1XCIsIFwibWVudXNcIjogW3tcInRpdGxlXCI6IFwiXHU2MjEwXHU1NDU4XHU0ZmUxXHU2MDZmXCIsIFwidXJsXCI6IFwiL2luZm8vbWVtYmVyL1wiLCBcImljb25cIjogXCJmYSBmYS1pbmZvXCIsIFwib3JkZXJcIjogOH1dLCBcImZpcnN0X2ljb25cIjogXCJmYSBmYS11bml2ZXJzaXR5XCIsIFwiZmlyc3RfdXJsXCI6IFwiL2luZm8vc2Nob29sL1wifSwge1widGl0bGVcIjogXCJcdTUxNWFcdTU0NThcdTY1NTlcdTgwYjJcIiwgXCJtZW51c1wiOiBbe1widGl0bGVcIjogXCJcdTRmMWFcdThiYWUvXHU2ZDNiXHU1MmE4XCIsIFwidXJsXCI6IFwiL3RlYWNoaW5nL2FjdGl2aXR5L1wiLCBcImljb25cIjogXCJmYSBmYS11c2Vyc1wiLCBcIm9yZGVyXCI6IDEwfSwge1widGl0bGVcIjogXCJcdTViNjZcdTY1ZjZcdTdlZGZcdThiYTFcIiwgXCJ1cmxcIjogXCIvdGVhY2hpbmcvdGFrZXBhcnRpbi9cIiwgXCJpY29uXCI6IFwiZmEgZmEtYmFyLWNoYXJ0XCIsIFwib3JkZXJcIjogMTF9XSwgXCJmaXJzdF9pY29uXCI6IFwiZmEgZmEtdXNlcnNcIiwgXCJmaXJzdF91cmxcIjogXCIvdGVhY2hpbmcvYWN0aXZpdHkvXCJ9LCB7XCJ0aXRsZVwiOiBcIlx1NzUyOFx1NjIzN1wiLCBcIm1lbnVzXCI6IFt7XCJ0aXRsZVwiOiBcIlx1NjIxMVx1NzY4NFx1OGQyNlx1NTNmN1wiLCBcInVybFwiOiBcIi91c2VyL3VzZXIvXCIsIFwiaWNvblwiOiBcImZhIGZhLXZjYXJkXCIsIFwib3JkZXJcIjogNX1dLCBcImZpcnN0X2ljb25cIjogXCJmYSBmYS12Y2FyZFwiLCBcImZpcnN0X3VybFwiOiBcIi91c2VyL3VzZXIvXCJ9XSIsIkxJU1RfUVVFUlkiOltbInRlYWNoaW5nIiwidGFrZXBhcnRpbiJdLCJvPS1hY3Rpdml0eS5tZW1iZXIiXX0=','2019-03-15 21:29:33.579140'),('u2c1mtjr0icrzyee8rh6rqlby9pj3guy','YmQxOGYxNjIyMmVlNDdkZTJjYjEzZDBkMzIzNTAzYjZmN2NlZDU0NDp7Il9hdXRoX3VzZXJfaWQiOiIxNjMzNzEwNiIsIl9hdXRoX3VzZXJfYmFja2VuZCI6ImRqYW5nby5jb250cmliLmF1dGguYmFja2VuZHMuTW9kZWxCYWNrZW5kIiwiX2F1dGhfdXNlcl9oYXNoIjoiODlkZTc4MGY2ZWU5YjdhMGI0OTdiNDBjZjBiNDZkNzMyYTNlOGM5YiIsIm5hdl9tZW51IjoiW3tcInRpdGxlXCI6IFwiXHU1MTVhXHU1NDU4XHU1M2QxXHU1YzU1XCIsIFwibWVudXNcIjogW3tcInRpdGxlXCI6IFwiXHU2MjEwXHU1NDU4XHU0ZmUxXHU2MDZmXCIsIFwidXJsXCI6IFwiL2luZm8vbWVtYmVyL1wiLCBcImljb25cIjogXCJmYSBmYS1pbmZvXCIsIFwib3JkZXJcIjogOH1dLCBcImZpcnN0X2ljb25cIjogXCJmYSBmYS11bml2ZXJzaXR5XCIsIFwiZmlyc3RfdXJsXCI6IFwiL2luZm8vc2Nob29sL1wifSwge1widGl0bGVcIjogXCJcdTUxNWFcdTU0NThcdTY1NTlcdTgwYjJcIiwgXCJtZW51c1wiOiBbe1widGl0bGVcIjogXCJcdTRmMWFcdThiYWUvXHU2ZDNiXHU1MmE4XCIsIFwidXJsXCI6IFwiL3RlYWNoaW5nL2FjdGl2aXR5L1wiLCBcImljb25cIjogXCJmYSBmYS11c2Vyc1wiLCBcIm9yZGVyXCI6IDEwfSwge1widGl0bGVcIjogXCJcdTViNjZcdTY1ZjZcdTdlZGZcdThiYTFcIiwgXCJ1cmxcIjogXCIvdGVhY2hpbmcvdGFrZXBhcnRpbi9cIiwgXCJpY29uXCI6IFwiZmEgZmEtYmFyLWNoYXJ0XCIsIFwib3JkZXJcIjogMTF9LCB7XCJ0aXRsZVwiOiBcIlx1NWI2Nlx1NGU2MFx1NWYzYVx1NTZmZFx1NjI1M1x1NTM2MVwiLCBcInVybFwiOiBcIi90ZWFjaGluZy9zaGFyaW5nL1wiLCBcImljb25cIjogbnVsbCwgXCJvcmRlclwiOiAxMn1dLCBcImZpcnN0X2ljb25cIjogXCJmYSBmYS11c2Vyc1wiLCBcImZpcnN0X3VybFwiOiBcIi90ZWFjaGluZy9hY3Rpdml0eS9cIn0sIHtcInRpdGxlXCI6IFwiXHU3NTI4XHU2MjM3XCIsIFwibWVudXNcIjogW3tcInRpdGxlXCI6IFwiXHU2MjExXHU3Njg0XHU4ZDI2XHU1M2Y3XCIsIFwidXJsXCI6IFwiL3VzZXIvdXNlci9cIiwgXCJpY29uXCI6IFwiZmEgZmEtdmNhcmRcIiwgXCJvcmRlclwiOiA1fV0sIFwiZmlyc3RfaWNvblwiOiBcImZhIGZhLXZjYXJkXCIsIFwiZmlyc3RfdXJsXCI6IFwiL3VzZXIvdXNlci9cIn1dIiwiTElTVF9RVUVSWSI6W1sidGVhY2hpbmciLCJ0YWtlcGFydGluIl0sIiJdfQ==','2019-03-15 21:41:13.465300'),('uoa2l0nni6xjmuyxjyxdbejqsz02atpu','YzQ2OTNmZmQ3MzY1MTdmYTFiZDA2ZjM5Y2M2NWQ4ZDE0NzlmY2I2NTp7Il9hdXRoX3VzZXJfaWQiOiIxNjMzNzEyOSIsIl9hdXRoX3VzZXJfYmFja2VuZCI6ImRqYW5nby5jb250cmliLmF1dGguYmFja2VuZHMuTW9kZWxCYWNrZW5kIiwiX2F1dGhfdXNlcl9oYXNoIjoiNWM5MTU3NTJiMzIzZDk1ZGJlMzM5ZTM1ODVkNDc3NjAzOGFlYzgyZSIsIm5hdl9tZW51IjoiW3tcInRpdGxlXCI6IFwiXHU1MTVhXHU1NDU4XHU1M2QxXHU1YzU1XCIsIFwibWVudXNcIjogW3tcInRpdGxlXCI6IFwiXHU2MjEwXHU1NDU4XHU0ZmUxXHU2MDZmXCIsIFwidXJsXCI6IFwiL2luZm8vbWVtYmVyL1wiLCBcImljb25cIjogXCJmYSBmYS1pbmZvXCIsIFwib3JkZXJcIjogOH1dLCBcImZpcnN0X2ljb25cIjogXCJmYSBmYS11bml2ZXJzaXR5XCIsIFwiZmlyc3RfdXJsXCI6IFwiL2luZm8vc2Nob29sL1wifSwge1widGl0bGVcIjogXCJcdTUxNWFcdTU0NThcdTY1NTlcdTgwYjJcIiwgXCJtZW51c1wiOiBbe1widGl0bGVcIjogXCJcdTRmMWFcdThiYWUvXHU2ZDNiXHU1MmE4XCIsIFwidXJsXCI6IFwiL3RlYWNoaW5nL2FjdGl2aXR5L1wiLCBcImljb25cIjogXCJmYSBmYS11c2Vyc1wiLCBcIm9yZGVyXCI6IDEwfSwge1widGl0bGVcIjogXCJcdTViNjZcdTY1ZjZcdTdlZGZcdThiYTFcIiwgXCJ1cmxcIjogXCIvdGVhY2hpbmcvdGFrZXBhcnRpbi9cIiwgXCJpY29uXCI6IFwiZmEgZmEtYmFyLWNoYXJ0XCIsIFwib3JkZXJcIjogMTF9LCB7XCJ0aXRsZVwiOiBcIlx1NWI2Nlx1NGU2MFx1NjI1M1x1NTM2MVwiLCBcInVybFwiOiBcIi90ZWFjaGluZy9zaGFyaW5nL1wiLCBcImljb25cIjogXCJmYSBmYS1ib29rXCIsIFwib3JkZXJcIjogMTJ9XSwgXCJmaXJzdF9pY29uXCI6IFwiZmEgZmEtdXNlcnNcIiwgXCJmaXJzdF91cmxcIjogXCIvdGVhY2hpbmcvYWN0aXZpdHkvXCJ9LCB7XCJ0aXRsZVwiOiBcIlx1NzUyOFx1NjIzN1wiLCBcIm1lbnVzXCI6IFt7XCJ0aXRsZVwiOiBcIlx1NjIxMVx1NzY4NFx1OGQyNlx1NTNmN1wiLCBcInVybFwiOiBcIi91c2VyL3VzZXIvXCIsIFwiaWNvblwiOiBcImZhIGZhLXZjYXJkXCIsIFwib3JkZXJcIjogNX1dLCBcImZpcnN0X2ljb25cIjogXCJmYSBmYS12Y2FyZFwiLCBcImZpcnN0X3VybFwiOiBcIi91c2VyL3VzZXIvXCJ9XSIsIkxJU1RfUVVFUlkiOltbInRlYWNoaW5nIiwic2hhcmluZyJdLCIiXX0=','2019-03-27 22:13:35.829100'),('uqsc88ukxspbqq3uz5nt9lyj6gqg6bg6','ZTY3MDNlZTczNTk4ZWMxODRkY2IxNTdmMDYzYjU4YzE2NGY2NWE0Zjp7Il9hdXRoX3VzZXJfaWQiOiIxNjMzNzEwOCIsIl9hdXRoX3VzZXJfYmFja2VuZCI6ImRqYW5nby5jb250cmliLmF1dGguYmFja2VuZHMuTW9kZWxCYWNrZW5kIiwiX2F1dGhfdXNlcl9oYXNoIjoiMDA4ZjNlMjMzY2YzYTk2ZDI1NjU4ZGUzYzUxNjFhY2I5MjFjYjcyYSIsIm5hdl9tZW51IjoiW3tcInRpdGxlXCI6IFwiXHU1MTVhXHU1NDU4XHU1M2QxXHU1YzU1XCIsIFwibWVudXNcIjogW3tcInRpdGxlXCI6IFwiXHU2MjEwXHU1NDU4XHU0ZmUxXHU2MDZmXCIsIFwidXJsXCI6IFwiL2luZm8vbWVtYmVyL1wiLCBcImljb25cIjogXCJmYSBmYS1pbmZvXCIsIFwib3JkZXJcIjogOH1dLCBcImZpcnN0X2ljb25cIjogXCJmYSBmYS11bml2ZXJzaXR5XCIsIFwiZmlyc3RfdXJsXCI6IFwiL2luZm8vc2Nob29sL1wifSwge1widGl0bGVcIjogXCJcdTUxNWFcdTU0NThcdTY1NTlcdTgwYjJcIiwgXCJtZW51c1wiOiBbe1widGl0bGVcIjogXCJcdTRmMWFcdThiYWUvXHU2ZDNiXHU1MmE4XCIsIFwidXJsXCI6IFwiL3RlYWNoaW5nL2FjdGl2aXR5L1wiLCBcImljb25cIjogXCJmYSBmYS11c2Vyc1wiLCBcIm9yZGVyXCI6IDEwfSwge1widGl0bGVcIjogXCJcdTViNjZcdTY1ZjZcdTdlZGZcdThiYTFcIiwgXCJ1cmxcIjogXCIvdGVhY2hpbmcvdGFrZXBhcnRpbi9cIiwgXCJpY29uXCI6IFwiZmEgZmEtYmFyLWNoYXJ0XCIsIFwib3JkZXJcIjogMTF9LCB7XCJ0aXRsZVwiOiBcIlx1NWI2Nlx1NGU2MFx1NjI1M1x1NTM2MVwiLCBcInVybFwiOiBcIi90ZWFjaGluZy9zaGFyaW5nL1wiLCBcImljb25cIjogXCJmYSBmYS1ib29rXCIsIFwib3JkZXJcIjogMTJ9XSwgXCJmaXJzdF9pY29uXCI6IFwiZmEgZmEtdXNlcnNcIiwgXCJmaXJzdF91cmxcIjogXCIvdGVhY2hpbmcvYWN0aXZpdHkvXCJ9LCB7XCJ0aXRsZVwiOiBcIlx1NzUyOFx1NjIzN1wiLCBcIm1lbnVzXCI6IFt7XCJ0aXRsZVwiOiBcIlx1NjIxMVx1NzY4NFx1OGQyNlx1NTNmN1wiLCBcInVybFwiOiBcIi91c2VyL3VzZXIvXCIsIFwiaWNvblwiOiBcImZhIGZhLXZjYXJkXCIsIFwib3JkZXJcIjogNX1dLCBcImZpcnN0X2ljb25cIjogXCJmYSBmYS12Y2FyZFwiLCBcImZpcnN0X3VybFwiOiBcIi91c2VyL3VzZXIvXCJ9XSIsIkxJU1RfUVVFUlkiOltbInRlYWNoaW5nIiwidGFrZXBhcnRpbiJdLCIiXX0=','2019-03-28 11:21:07.564877'),('uxvbwahhnumcis8y8a8kvsnpaodnceki','MDg5ZmFkMTQzM2RjNDA1OTVkYjZlZGU3ODM0MjZlNWQ0ZTI3Y2E3Yzp7Il9hdXRoX3VzZXJfaWQiOiIxNjMzNzEwOCIsIl9hdXRoX3VzZXJfYmFja2VuZCI6ImRqYW5nby5jb250cmliLmF1dGguYmFja2VuZHMuTW9kZWxCYWNrZW5kIiwiX2F1dGhfdXNlcl9oYXNoIjoiMDA4ZjNlMjMzY2YzYTk2ZDI1NjU4ZGUzYzUxNjFhY2I5MjFjYjcyYSIsIm5hdl9tZW51IjoiW3tcInRpdGxlXCI6IFwiXHU1MTVhXHU1NDU4XHU1M2QxXHU1YzU1XCIsIFwibWVudXNcIjogW3tcInRpdGxlXCI6IFwiXHU2MjEwXHU1NDU4XHU0ZmUxXHU2MDZmXCIsIFwidXJsXCI6IFwiL2luZm8vbWVtYmVyL1wiLCBcImljb25cIjogXCJmYSBmYS1pbmZvXCIsIFwib3JkZXJcIjogOH1dLCBcImZpcnN0X2ljb25cIjogXCJmYSBmYS11bml2ZXJzaXR5XCIsIFwiZmlyc3RfdXJsXCI6IFwiL2luZm8vc2Nob29sL1wifSwge1widGl0bGVcIjogXCJcdTUxNWFcdTU0NThcdTY1NTlcdTgwYjJcIiwgXCJtZW51c1wiOiBbe1widGl0bGVcIjogXCJcdTRmMWFcdThiYWUvXHU2ZDNiXHU1MmE4XCIsIFwidXJsXCI6IFwiL3RlYWNoaW5nL2FjdGl2aXR5L1wiLCBcImljb25cIjogXCJmYSBmYS11c2Vyc1wiLCBcIm9yZGVyXCI6IDEwfSwge1widGl0bGVcIjogXCJcdTViNjZcdTY1ZjZcdTdlZGZcdThiYTFcIiwgXCJ1cmxcIjogXCIvdGVhY2hpbmcvdGFrZXBhcnRpbi9cIiwgXCJpY29uXCI6IFwiZmEgZmEtYmFyLWNoYXJ0XCIsIFwib3JkZXJcIjogMTF9LCB7XCJ0aXRsZVwiOiBcIlx1NWI2Nlx1NGU2MFx1NjI1M1x1NTM2MVwiLCBcInVybFwiOiBcIi90ZWFjaGluZy9zaGFyaW5nL1wiLCBcImljb25cIjogbnVsbCwgXCJvcmRlclwiOiAxMn1dLCBcImZpcnN0X2ljb25cIjogXCJmYSBmYS11c2Vyc1wiLCBcImZpcnN0X3VybFwiOiBcIi90ZWFjaGluZy9hY3Rpdml0eS9cIn0sIHtcInRpdGxlXCI6IFwiXHU3NTI4XHU2MjM3XCIsIFwibWVudXNcIjogW3tcInRpdGxlXCI6IFwiXHU2MjExXHU3Njg0XHU4ZDI2XHU1M2Y3XCIsIFwidXJsXCI6IFwiL3VzZXIvdXNlci9cIiwgXCJpY29uXCI6IFwiZmEgZmEtdmNhcmRcIiwgXCJvcmRlclwiOiA1fV0sIFwiZmlyc3RfaWNvblwiOiBcImZhIGZhLXZjYXJkXCIsIFwiZmlyc3RfdXJsXCI6IFwiL3VzZXIvdXNlci9cIn1dIn0=','2019-03-18 12:27:13.286980'),('uy1rr9zoq4ucjsrq8l70isl08drc8rpv','NTk5M2U2YzM3MjZmZGY0MTQxZjZiNzkxMGM3ODUzN2IwNjQzMzRmYzp7Il9hdXRoX3VzZXJfaWQiOiIxNjMzNzEwOCIsIl9hdXRoX3VzZXJfYmFja2VuZCI6ImRqYW5nby5jb250cmliLmF1dGguYmFja2VuZHMuTW9kZWxCYWNrZW5kIiwiX2F1dGhfdXNlcl9oYXNoIjoiN2YzNWNiM2FkNDZlMGI0MDAxYWEzNzFjODM5MTk1YWRkNmZkZGFiNSIsIm5hdl9tZW51IjoiW3tcInRpdGxlXCI6IFwiXHU1MTVhXHU1NDU4XHU1M2QxXHU1YzU1XCIsIFwibWVudXNcIjogW3tcInRpdGxlXCI6IFwiXHU2MjEwXHU1NDU4XHU0ZmUxXHU2MDZmXCIsIFwidXJsXCI6IFwiL2luZm8vbWVtYmVyL1wiLCBcImljb25cIjogXCJmYSBmYS1pbmZvXCIsIFwib3JkZXJcIjogOX1dLCBcImZpcnN0X2ljb25cIjogXCJmYSBmYS11bml2ZXJzaXR5XCIsIFwiZmlyc3RfdXJsXCI6IFwiL2luZm8vc2Nob29sL1wifSwge1widGl0bGVcIjogXCJcdTUxNWFcdTU0NThcdTY1NTlcdTgwYjJcIiwgXCJtZW51c1wiOiBbe1widGl0bGVcIjogXCJcdTRmMWFcdThiYWUvXHU2ZDNiXHU1MmE4XCIsIFwidXJsXCI6IFwiL3RlYWNoaW5nL2FjdGl2aXR5L1wiLCBcImljb25cIjogXCJmYSBmYS11c2Vyc1wiLCBcIm9yZGVyXCI6IDEwfSwge1widGl0bGVcIjogXCJcdTViNjZcdTY1ZjZcdTdlZGZcdThiYTFcIiwgXCJ1cmxcIjogXCIvdGVhY2hpbmcvdGFrZXBhcnRpbi9cIiwgXCJpY29uXCI6IFwiZmEgZmEtYmFyLWNoYXJ0XCIsIFwib3JkZXJcIjogMTF9XSwgXCJmaXJzdF9pY29uXCI6IFwiZmEgZmEtdXNlcnNcIiwgXCJmaXJzdF91cmxcIjogXCIvdGVhY2hpbmcvYWN0aXZpdHkvXCJ9LCB7XCJ0aXRsZVwiOiBcIlx1NzUyOFx1NjIzN1wiLCBcIm1lbnVzXCI6IFt7XCJ0aXRsZVwiOiBcIlx1NjIxMVx1NzY4NFx1OGQyNlx1NTNmN1wiLCBcInVybFwiOiBcIi91c2VyL3VzZXIvXCIsIFwiaWNvblwiOiBcImZhIGZhLXZjYXJkXCIsIFwib3JkZXJcIjogNX1dLCBcImZpcnN0X2ljb25cIjogXCJmYSBmYS12Y2FyZFwiLCBcImZpcnN0X3VybFwiOiBcIi91c2VyL3VzZXIvXCJ9XSIsIndpemFyZF9pbmZvbWVtYmVyX2FkbWluX3dpemFyZF9mb3JtX3BsdWdpbiI6eyJzdGVwIjoiXHU1N2ZhXHU2NzJjXHU0ZmUxXHU2MDZmIiwic3RlcF9kYXRhIjp7fSwic3RlcF9maWxlcyI6e30sImV4dHJhX2RhdGEiOnt9fSwiTElTVF9RVUVSWSI6W1siaW5mbyIsIm1lbWJlciJdLCIiXX0=','2019-03-03 17:16:28.009759'),('vqupkufs2n63yyec2unrejtrhmdqq2z9','ODRjODBiYmZlZmRmMjE0NmY4YjM1YjIwNGNmMjI4NjBjMTkwNjk4YTp7Il9hdXRoX3VzZXJfaWQiOiIxNzM0MTA3MyIsIl9hdXRoX3VzZXJfYmFja2VuZCI6ImRqYW5nby5jb250cmliLmF1dGguYmFja2VuZHMuTW9kZWxCYWNrZW5kIiwiX2F1dGhfdXNlcl9oYXNoIjoiMjY5YjJlNGFmMDZmYmFjNGViYTc1ODZiZTA3ZDUzOTU4NzMyZTM1NSIsIm5hdl9tZW51IjoiW3tcInRpdGxlXCI6IFwiXHU1MTVhXHU1NDU4XHU1M2QxXHU1YzU1XCIsIFwibWVudXNcIjogW3tcInRpdGxlXCI6IFwiXHU2MjEwXHU1NDU4XHU0ZmUxXHU2MDZmXCIsIFwidXJsXCI6IFwiL2luZm8vbWVtYmVyL1wiLCBcImljb25cIjogXCJmYSBmYS1pbmZvXCIsIFwib3JkZXJcIjogOH1dLCBcImZpcnN0X2ljb25cIjogXCJmYSBmYS11bml2ZXJzaXR5XCIsIFwiZmlyc3RfdXJsXCI6IFwiL2luZm8vc2Nob29sL1wifSwge1widGl0bGVcIjogXCJcdTUxNWFcdTU0NThcdTY1NTlcdTgwYjJcIiwgXCJtZW51c1wiOiBbe1widGl0bGVcIjogXCJcdTRmMWFcdThiYWUvXHU2ZDNiXHU1MmE4XCIsIFwidXJsXCI6IFwiL3RlYWNoaW5nL2FjdGl2aXR5L1wiLCBcImljb25cIjogXCJmYSBmYS11c2Vyc1wiLCBcIm9yZGVyXCI6IDEwfSwge1widGl0bGVcIjogXCJcdTViNjZcdTY1ZjZcdTdlZGZcdThiYTFcIiwgXCJ1cmxcIjogXCIvdGVhY2hpbmcvdGFrZXBhcnRpbi9cIiwgXCJpY29uXCI6IFwiZmEgZmEtYmFyLWNoYXJ0XCIsIFwib3JkZXJcIjogMTF9LCB7XCJ0aXRsZVwiOiBcIlx1NWI2Nlx1NGU2MFx1NWYzYVx1NTZmZFx1NjI1M1x1NTM2MVwiLCBcInVybFwiOiBcIi90ZWFjaGluZy9zaGFyaW5nL1wiLCBcImljb25cIjogbnVsbCwgXCJvcmRlclwiOiAxMn1dLCBcImZpcnN0X2ljb25cIjogXCJmYSBmYS11c2Vyc1wiLCBcImZpcnN0X3VybFwiOiBcIi90ZWFjaGluZy9hY3Rpdml0eS9cIn0sIHtcInRpdGxlXCI6IFwiXHU3NTI4XHU2MjM3XCIsIFwibWVudXNcIjogW3tcInRpdGxlXCI6IFwiXHU2MjExXHU3Njg0XHU4ZDI2XHU1M2Y3XCIsIFwidXJsXCI6IFwiL3VzZXIvdXNlci9cIiwgXCJpY29uXCI6IFwiZmEgZmEtdmNhcmRcIiwgXCJvcmRlclwiOiA1fV0sIFwiZmlyc3RfaWNvblwiOiBcImZhIGZhLXZjYXJkXCIsIFwiZmlyc3RfdXJsXCI6IFwiL3VzZXIvdXNlci9cIn1dIiwiTElTVF9RVUVSWSI6W1sidGVhY2hpbmciLCJ0YWtlcGFydGluIl0sIiJdfQ==','2019-03-15 21:31:42.265389'),('vtlpoaw6dh9p1dr0n5oygrdesn5p5se8','Y2NiY2Y4Yzc4YjAwZDkwMDRjODVjZmYxMzdhMjY1NzZmOTY1MzA2Mjp7Il9hdXRoX3VzZXJfaWQiOiIxNzM0MTEwNSIsIl9hdXRoX3VzZXJfYmFja2VuZCI6ImRqYW5nby5jb250cmliLmF1dGguYmFja2VuZHMuTW9kZWxCYWNrZW5kIiwiX2F1dGhfdXNlcl9oYXNoIjoiOTE5ZDdlZThmODhlZWRlN2IwYjY4NzU2M2Q3MTIzZTdkOGJhOGQ5YSIsIm5hdl9tZW51IjoiW3tcInRpdGxlXCI6IFwiXHU1MTVhXHU1NDU4XHU1M2QxXHU1YzU1XCIsIFwibWVudXNcIjogW3tcInRpdGxlXCI6IFwiXHU2MjEwXHU1NDU4XHU0ZmUxXHU2MDZmXCIsIFwidXJsXCI6IFwiL2luZm8vbWVtYmVyL1wiLCBcImljb25cIjogXCJmYSBmYS1pbmZvXCIsIFwib3JkZXJcIjogOX1dLCBcImZpcnN0X2ljb25cIjogXCJmYSBmYS11bml2ZXJzaXR5XCIsIFwiZmlyc3RfdXJsXCI6IFwiL2luZm8vc2Nob29sL1wifSwge1widGl0bGVcIjogXCJcdTUxNWFcdTU0NThcdTY1NTlcdTgwYjJcIiwgXCJtZW51c1wiOiBbe1widGl0bGVcIjogXCJcdTRmMWFcdThiYWUvXHU2ZDNiXHU1MmE4XCIsIFwidXJsXCI6IFwiL3RlYWNoaW5nL2FjdGl2aXR5L1wiLCBcImljb25cIjogXCJmYSBmYS11c2Vyc1wiLCBcIm9yZGVyXCI6IDEwfSwge1widGl0bGVcIjogXCJcdTViNjZcdTY1ZjZcdTdlZGZcdThiYTFcIiwgXCJ1cmxcIjogXCIvdGVhY2hpbmcvdGFrZXBhcnRpbi9cIiwgXCJpY29uXCI6IFwiZmEgZmEtYmFyLWNoYXJ0XCIsIFwib3JkZXJcIjogMTF9XSwgXCJmaXJzdF9pY29uXCI6IFwiZmEgZmEtdXNlcnNcIiwgXCJmaXJzdF91cmxcIjogXCIvdGVhY2hpbmcvYWN0aXZpdHkvXCJ9LCB7XCJ0aXRsZVwiOiBcIlx1NzUyOFx1NjIzN1wiLCBcIm1lbnVzXCI6IFt7XCJ0aXRsZVwiOiBcIlx1NjIxMVx1NzY4NFx1OGQyNlx1NTNmN1wiLCBcInVybFwiOiBcIi91c2VyL3VzZXIvXCIsIFwiaWNvblwiOiBcImZhIGZhLXZjYXJkXCIsIFwib3JkZXJcIjogNX1dLCBcImZpcnN0X2ljb25cIjogXCJmYSBmYS12Y2FyZFwiLCBcImZpcnN0X3VybFwiOiBcIi91c2VyL3VzZXIvXCJ9XSIsIndpemFyZF9pbmZvbWVtYmVyX2FkbWluX3dpemFyZF9mb3JtX3BsdWdpbiI6eyJzdGVwIjoiXHU1N2ZhXHU2NzJjXHU0ZmUxXHU2MDZmIiwic3RlcF9kYXRhIjp7fSwic3RlcF9maWxlcyI6e30sImV4dHJhX2RhdGEiOnt9fSwiTElTVF9RVUVSWSI6W1siaW5mbyIsIm1lbWJlciJdLCIiXX0=','2019-03-03 16:56:37.561706'),('vx431lvv1sp73o5q7cpppqyisokahv00','YmFmMzcxMzRjMDdlODAzMWRlNjkxNmNlZTcwZjdlNTVhMWVjYjhhYjp7Il9hdXRoX3VzZXJfaWQiOiIxODM0MDA3NiIsIl9hdXRoX3VzZXJfYmFja2VuZCI6ImRqYW5nby5jb250cmliLmF1dGguYmFja2VuZHMuTW9kZWxCYWNrZW5kIiwiX2F1dGhfdXNlcl9oYXNoIjoiYWE1YjBmNWFlOWMyMWJkMzdjYjljNzRjZWU2OTg5ZjU0NTJjMDZlZiIsIm5hdl9tZW51IjoiW3tcInRpdGxlXCI6IFwiXHU1MTVhXHU1NDU4XHU1M2QxXHU1YzU1XCIsIFwibWVudXNcIjogW3tcInRpdGxlXCI6IFwiXHU2MjEwXHU1NDU4XHU0ZmUxXHU2MDZmXCIsIFwidXJsXCI6IFwiL2luZm8vbWVtYmVyL1wiLCBcImljb25cIjogXCJmYSBmYS1pbmZvXCIsIFwib3JkZXJcIjogOX1dLCBcImZpcnN0X2ljb25cIjogXCJmYSBmYS11bml2ZXJzaXR5XCIsIFwiZmlyc3RfdXJsXCI6IFwiL2luZm8vc2Nob29sL1wifSwge1widGl0bGVcIjogXCJcdTUxNWFcdTU0NThcdTY1NTlcdTgwYjJcIiwgXCJtZW51c1wiOiBbe1widGl0bGVcIjogXCJcdTRmMWFcdThiYWUvXHU2ZDNiXHU1MmE4XCIsIFwidXJsXCI6IFwiL3RlYWNoaW5nL2FjdGl2aXR5L1wiLCBcImljb25cIjogXCJmYSBmYS11c2Vyc1wiLCBcIm9yZGVyXCI6IDEwfSwge1widGl0bGVcIjogXCJcdTViNjZcdTY1ZjZcdTdlZGZcdThiYTFcIiwgXCJ1cmxcIjogXCIvdGVhY2hpbmcvdGFrZXBhcnRpbi9cIiwgXCJpY29uXCI6IFwiZmEgZmEtYmFyLWNoYXJ0XCIsIFwib3JkZXJcIjogMTF9XSwgXCJmaXJzdF9pY29uXCI6IFwiZmEgZmEtdXNlcnNcIiwgXCJmaXJzdF91cmxcIjogXCIvdGVhY2hpbmcvYWN0aXZpdHkvXCJ9LCB7XCJ0aXRsZVwiOiBcIlx1NzUyOFx1NjIzN1wiLCBcIm1lbnVzXCI6IFt7XCJ0aXRsZVwiOiBcIlx1NjIxMVx1NzY4NFx1OGQyNlx1NTNmN1wiLCBcInVybFwiOiBcIi91c2VyL3VzZXIvXCIsIFwiaWNvblwiOiBcImZhIGZhLXZjYXJkXCIsIFwib3JkZXJcIjogNX1dLCBcImZpcnN0X2ljb25cIjogXCJmYSBmYS12Y2FyZFwiLCBcImZpcnN0X3VybFwiOiBcIi91c2VyL3VzZXIvXCJ9XSIsIndpemFyZF9pbmZvbWVtYmVyX2FkbWluX3dpemFyZF9mb3JtX3BsdWdpbiI6eyJzdGVwIjoiXHU1N2ZhXHU2NzJjXHU0ZmUxXHU2MDZmIiwic3RlcF9kYXRhIjp7fSwic3RlcF9maWxlcyI6e30sImV4dHJhX2RhdGEiOnt9fSwiTElTVF9RVUVSWSI6W1sidXNlciIsInVzZXIiXSwiIl19','2019-03-04 21:14:53.668354'),('wgzml2ofpfp9lvdc2djgzjyfcuvlg8iv','ZDM1ZTk4M2E0ZjNlODA3YzA2NmRjNzgwYTliZmY5ZjcxZTU1MjMwYzp7Il9hdXRoX3VzZXJfaWQiOiIxNjMzNzA5NCIsIl9hdXRoX3VzZXJfYmFja2VuZCI6ImRqYW5nby5jb250cmliLmF1dGguYmFja2VuZHMuTW9kZWxCYWNrZW5kIiwiX2F1dGhfdXNlcl9oYXNoIjoiZjUwYjIzOGY5MWZkZjkxMGFkYWY4MGE3NTAwOGRiNWJhMDNiOTE0MSIsIm5hdl9tZW51IjoiW3tcInRpdGxlXCI6IFwiXHU1MTVhXHU1NDU4XHU1M2QxXHU1YzU1XCIsIFwibWVudXNcIjogW3tcInRpdGxlXCI6IFwiXHU2MjEwXHU1NDU4XHU0ZmUxXHU2MDZmXCIsIFwidXJsXCI6IFwiL2luZm8vbWVtYmVyL1wiLCBcImljb25cIjogXCJmYSBmYS1pbmZvXCIsIFwib3JkZXJcIjogOX1dLCBcImZpcnN0X2ljb25cIjogXCJmYSBmYS11bml2ZXJzaXR5XCIsIFwiZmlyc3RfdXJsXCI6IFwiL2luZm8vc2Nob29sL1wifSwge1widGl0bGVcIjogXCJcdTUxNWFcdTU0NThcdTY1NTlcdTgwYjJcIiwgXCJtZW51c1wiOiBbe1widGl0bGVcIjogXCJcdTRmMWFcdThiYWUvXHU2ZDNiXHU1MmE4XCIsIFwidXJsXCI6IFwiL3RlYWNoaW5nL2FjdGl2aXR5L1wiLCBcImljb25cIjogXCJmYSBmYS11c2Vyc1wiLCBcIm9yZGVyXCI6IDEwfSwge1widGl0bGVcIjogXCJcdTViNjZcdTY1ZjZcdTdlZGZcdThiYTFcIiwgXCJ1cmxcIjogXCIvdGVhY2hpbmcvdGFrZXBhcnRpbi9cIiwgXCJpY29uXCI6IFwiZmEgZmEtYmFyLWNoYXJ0XCIsIFwib3JkZXJcIjogMTF9XSwgXCJmaXJzdF9pY29uXCI6IFwiZmEgZmEtdXNlcnNcIiwgXCJmaXJzdF91cmxcIjogXCIvdGVhY2hpbmcvYWN0aXZpdHkvXCJ9LCB7XCJ0aXRsZVwiOiBcIlx1NzUyOFx1NjIzN1wiLCBcIm1lbnVzXCI6IFt7XCJ0aXRsZVwiOiBcIlx1NjIxMVx1NzY4NFx1OGQyNlx1NTNmN1wiLCBcInVybFwiOiBcIi91c2VyL3VzZXIvXCIsIFwiaWNvblwiOiBcImZhIGZhLXZjYXJkXCIsIFwib3JkZXJcIjogNX1dLCBcImZpcnN0X2ljb25cIjogXCJmYSBmYS12Y2FyZFwiLCBcImZpcnN0X3VybFwiOiBcIi91c2VyL3VzZXIvXCJ9XSIsIndpemFyZF9pbmZvbWVtYmVyX2FkbWluX3dpemFyZF9mb3JtX3BsdWdpbiI6eyJzdGVwIjoiXHU1N2ZhXHU2NzJjXHU0ZmUxXHU2MDZmIiwic3RlcF9kYXRhIjp7fSwic3RlcF9maWxlcyI6e30sImV4dHJhX2RhdGEiOnt9fSwiTElTVF9RVUVSWSI6W1siaW5mbyIsIm1lbWJlciJdLCIiXX0=','2019-03-03 17:50:36.486573'),('whukzvhypa3gyiqogvev9bqvr5ouid70','NTYzYzhiOTliMjZkMWIxZWYwYWM4YzEzNjhlZGY3NmQ5YTFkOTgyMDp7Il9hdXRoX3VzZXJfaWQiOiIxNjMzNzA5NCIsIl9hdXRoX3VzZXJfYmFja2VuZCI6ImRqYW5nby5jb250cmliLmF1dGguYmFja2VuZHMuTW9kZWxCYWNrZW5kIiwiX2F1dGhfdXNlcl9oYXNoIjoiZTJiMzdlZDEyNGU4ZDY5M2U0ZGUxYmEyNTc2NmRmY2JkZjNlYTRmYyIsIm5hdl9tZW51IjoiW3tcInRpdGxlXCI6IFwiXHU1MTVhXHU1NDU4XHU1M2QxXHU1YzU1XCIsIFwibWVudXNcIjogW3tcInRpdGxlXCI6IFwiXHU2MjEwXHU1NDU4XHU0ZmUxXHU2MDZmXCIsIFwidXJsXCI6IFwiL2luZm8vbWVtYmVyL1wiLCBcImljb25cIjogXCJmYSBmYS1pbmZvXCIsIFwib3JkZXJcIjogOH1dLCBcImZpcnN0X2ljb25cIjogXCJmYSBmYS11bml2ZXJzaXR5XCIsIFwiZmlyc3RfdXJsXCI6IFwiL2luZm8vc2Nob29sL1wifSwge1widGl0bGVcIjogXCJcdTUxNWFcdTU0NThcdTY1NTlcdTgwYjJcIiwgXCJtZW51c1wiOiBbe1widGl0bGVcIjogXCJcdTRmMWFcdThiYWUvXHU2ZDNiXHU1MmE4XCIsIFwidXJsXCI6IFwiL3RlYWNoaW5nL2FjdGl2aXR5L1wiLCBcImljb25cIjogXCJmYSBmYS11c2Vyc1wiLCBcIm9yZGVyXCI6IDEwfSwge1widGl0bGVcIjogXCJcdTViNjZcdTY1ZjZcdTdlZGZcdThiYTFcIiwgXCJ1cmxcIjogXCIvdGVhY2hpbmcvdGFrZXBhcnRpbi9cIiwgXCJpY29uXCI6IFwiZmEgZmEtYmFyLWNoYXJ0XCIsIFwib3JkZXJcIjogMTF9XSwgXCJmaXJzdF9pY29uXCI6IFwiZmEgZmEtdXNlcnNcIiwgXCJmaXJzdF91cmxcIjogXCIvdGVhY2hpbmcvYWN0aXZpdHkvXCJ9LCB7XCJ0aXRsZVwiOiBcIlx1NzUyOFx1NjIzN1wiLCBcIm1lbnVzXCI6IFt7XCJ0aXRsZVwiOiBcIlx1NjIxMVx1NzY4NFx1OGQyNlx1NTNmN1wiLCBcInVybFwiOiBcIi91c2VyL3VzZXIvXCIsIFwiaWNvblwiOiBcImZhIGZhLXZjYXJkXCIsIFwib3JkZXJcIjogNX1dLCBcImZpcnN0X2ljb25cIjogXCJmYSBmYS12Y2FyZFwiLCBcImZpcnN0X3VybFwiOiBcIi91c2VyL3VzZXIvXCJ9XSIsIkxJU1RfUVVFUlkiOltbInRlYWNoaW5nIiwidGFrZXBhcnRpbiJdLCIiXX0=','2019-03-13 21:13:08.518357'),('wmnvenmn24yiop1zdbw42uueuu2nhn0d','Yzg5MzI5MDA4YWI0NWZkYmIwNWQ1NWQzZDM0MDYxMDliMmVkMDYzYjp7Il9hdXRoX3VzZXJfaWQiOiIxNzM0MTA5OSIsIl9hdXRoX3VzZXJfYmFja2VuZCI6ImRqYW5nby5jb250cmliLmF1dGguYmFja2VuZHMuTW9kZWxCYWNrZW5kIiwiX2F1dGhfdXNlcl9oYXNoIjoiMmE0Mjc4MGQyNjMyNDgyYzJjYzM3YTYzZjRlZTVhMDhhN2JkZDA3ZCIsIm5hdl9tZW51IjoiW3tcInRpdGxlXCI6IFwiXHU1MTVhXHU1NDU4XHU1M2QxXHU1YzU1XCIsIFwibWVudXNcIjogW3tcInRpdGxlXCI6IFwiXHU2MjEwXHU1NDU4XHU0ZmUxXHU2MDZmXCIsIFwidXJsXCI6IFwiL2luZm8vbWVtYmVyL1wiLCBcImljb25cIjogXCJmYSBmYS1pbmZvXCIsIFwib3JkZXJcIjogOH1dLCBcImZpcnN0X2ljb25cIjogXCJmYSBmYS11bml2ZXJzaXR5XCIsIFwiZmlyc3RfdXJsXCI6IFwiL2luZm8vc2Nob29sL1wifSwge1widGl0bGVcIjogXCJcdTUxNWFcdTU0NThcdTY1NTlcdTgwYjJcIiwgXCJtZW51c1wiOiBbe1widGl0bGVcIjogXCJcdTRmMWFcdThiYWUvXHU2ZDNiXHU1MmE4XCIsIFwidXJsXCI6IFwiL3RlYWNoaW5nL2FjdGl2aXR5L1wiLCBcImljb25cIjogXCJmYSBmYS11c2Vyc1wiLCBcIm9yZGVyXCI6IDEwfSwge1widGl0bGVcIjogXCJcdTViNjZcdTY1ZjZcdTdlZGZcdThiYTFcIiwgXCJ1cmxcIjogXCIvdGVhY2hpbmcvdGFrZXBhcnRpbi9cIiwgXCJpY29uXCI6IFwiZmEgZmEtYmFyLWNoYXJ0XCIsIFwib3JkZXJcIjogMTF9LCB7XCJ0aXRsZVwiOiBcIlx1NWI2Nlx1NGU2MFx1NjI1M1x1NTM2MVwiLCBcInVybFwiOiBcIi90ZWFjaGluZy9zaGFyaW5nL1wiLCBcImljb25cIjogbnVsbCwgXCJvcmRlclwiOiAxMn1dLCBcImZpcnN0X2ljb25cIjogXCJmYSBmYS11c2Vyc1wiLCBcImZpcnN0X3VybFwiOiBcIi90ZWFjaGluZy9hY3Rpdml0eS9cIn0sIHtcInRpdGxlXCI6IFwiXHU3NTI4XHU2MjM3XCIsIFwibWVudXNcIjogW3tcInRpdGxlXCI6IFwiXHU2MjExXHU3Njg0XHU4ZDI2XHU1M2Y3XCIsIFwidXJsXCI6IFwiL3VzZXIvdXNlci9cIiwgXCJpY29uXCI6IFwiZmEgZmEtdmNhcmRcIiwgXCJvcmRlclwiOiA1fV0sIFwiZmlyc3RfaWNvblwiOiBcImZhIGZhLXZjYXJkXCIsIFwiZmlyc3RfdXJsXCI6IFwiL3VzZXIvdXNlci9cIn1dIiwiTElTVF9RVUVSWSI6W1sidGVhY2hpbmciLCJhY3Rpdml0eSJdLCIiXX0=','2019-03-23 13:42:42.390357'),('wzjul6lt3h1jbbmnoua3jhrc8tnfsok5','NjBmMmU1YjE3ZWZhYmFhOGUyMDgyZWJjNjU0OWM2MDYyMDU0NzFhNDp7Il9hdXRoX3VzZXJfaWQiOiIxNTMzNjEwMiIsIl9hdXRoX3VzZXJfYmFja2VuZCI6ImRqYW5nby5jb250cmliLmF1dGguYmFja2VuZHMuTW9kZWxCYWNrZW5kIiwiX2F1dGhfdXNlcl9oYXNoIjoiODkwMWE5ZTFhNzNhNWIyNGQ2OGJlZjg5ZTY2Njk4YWI2NzE0NjRkMyIsIm5hdl9tZW51IjoiW3tcInRpdGxlXCI6IFwiXHU1MTVhXHU1NDU4XHU1M2QxXHU1YzU1XCIsIFwibWVudXNcIjogW3tcInRpdGxlXCI6IFwiXHU2MjEwXHU1NDU4XHU0ZmUxXHU2MDZmXCIsIFwidXJsXCI6IFwiL2luZm8vbWVtYmVyL1wiLCBcImljb25cIjogXCJmYSBmYS1pbmZvXCIsIFwib3JkZXJcIjogOH1dLCBcImZpcnN0X2ljb25cIjogXCJmYSBmYS11bml2ZXJzaXR5XCIsIFwiZmlyc3RfdXJsXCI6IFwiL2luZm8vc2Nob29sL1wifSwge1widGl0bGVcIjogXCJcdTUxNWFcdTU0NThcdTY1NTlcdTgwYjJcIiwgXCJtZW51c1wiOiBbe1widGl0bGVcIjogXCJcdTRmMWFcdThiYWUvXHU2ZDNiXHU1MmE4XCIsIFwidXJsXCI6IFwiL3RlYWNoaW5nL2FjdGl2aXR5L1wiLCBcImljb25cIjogXCJmYSBmYS11c2Vyc1wiLCBcIm9yZGVyXCI6IDEwfSwge1widGl0bGVcIjogXCJcdTViNjZcdTY1ZjZcdTdlZGZcdThiYTFcIiwgXCJ1cmxcIjogXCIvdGVhY2hpbmcvdGFrZXBhcnRpbi9cIiwgXCJpY29uXCI6IFwiZmEgZmEtYmFyLWNoYXJ0XCIsIFwib3JkZXJcIjogMTF9LCB7XCJ0aXRsZVwiOiBcIlx1NWI2Nlx1NGU2MFx1NjI1M1x1NTM2MVwiLCBcInVybFwiOiBcIi90ZWFjaGluZy9zaGFyaW5nL1wiLCBcImljb25cIjogbnVsbCwgXCJvcmRlclwiOiAxMn1dLCBcImZpcnN0X2ljb25cIjogXCJmYSBmYS11c2Vyc1wiLCBcImZpcnN0X3VybFwiOiBcIi90ZWFjaGluZy9hY3Rpdml0eS9cIn0sIHtcInRpdGxlXCI6IFwiXHU3NTI4XHU2MjM3XCIsIFwibWVudXNcIjogW3tcInRpdGxlXCI6IFwiXHU2MjExXHU3Njg0XHU4ZDI2XHU1M2Y3XCIsIFwidXJsXCI6IFwiL3VzZXIvdXNlci9cIiwgXCJpY29uXCI6IFwiZmEgZmEtdmNhcmRcIiwgXCJvcmRlclwiOiA1fV0sIFwiZmlyc3RfaWNvblwiOiBcImZhIGZhLXZjYXJkXCIsIFwiZmlyc3RfdXJsXCI6IFwiL3VzZXIvdXNlci9cIn1dIiwiTElTVF9RVUVSWSI6W1siaW5mbyIsIm1lbWJlciJdLCIiXX0=','2019-03-23 01:14:07.418462'),('xwu07ww7qikk0pqlt403v9g9b5xdnedi','NGRjMGJlNjFhY2I2ZjBhMzRmZTZhODIzNDlkOWM1MWUyMGNiZWExMTp7Il9hdXRoX3VzZXJfaWQiOiIxNzM0MTA5NyIsIl9hdXRoX3VzZXJfYmFja2VuZCI6ImRqYW5nby5jb250cmliLmF1dGguYmFja2VuZHMuTW9kZWxCYWNrZW5kIiwiX2F1dGhfdXNlcl9oYXNoIjoiYmQyYjUyMjJkMTllNDRhNjViNjYwZjdhZGQ3Zjg1OTRhMmU4NDNkOSIsIm5hdl9tZW51IjoiW3tcInRpdGxlXCI6IFwiXHU1MTVhXHU1NDU4XHU1M2QxXHU1YzU1XCIsIFwibWVudXNcIjogW3tcInRpdGxlXCI6IFwiXHU2MjEwXHU1NDU4XHU0ZmUxXHU2MDZmXCIsIFwidXJsXCI6IFwiL2luZm8vbWVtYmVyL1wiLCBcImljb25cIjogXCJmYSBmYS1pbmZvXCIsIFwib3JkZXJcIjogOH1dLCBcImZpcnN0X2ljb25cIjogXCJmYSBmYS11bml2ZXJzaXR5XCIsIFwiZmlyc3RfdXJsXCI6IFwiL2luZm8vc2Nob29sL1wifSwge1widGl0bGVcIjogXCJcdTUxNWFcdTU0NThcdTY1NTlcdTgwYjJcIiwgXCJtZW51c1wiOiBbe1widGl0bGVcIjogXCJcdTRmMWFcdThiYWUvXHU2ZDNiXHU1MmE4XCIsIFwidXJsXCI6IFwiL3RlYWNoaW5nL2FjdGl2aXR5L1wiLCBcImljb25cIjogXCJmYSBmYS11c2Vyc1wiLCBcIm9yZGVyXCI6IDEwfSwge1widGl0bGVcIjogXCJcdTViNjZcdTY1ZjZcdTdlZGZcdThiYTFcIiwgXCJ1cmxcIjogXCIvdGVhY2hpbmcvdGFrZXBhcnRpbi9cIiwgXCJpY29uXCI6IFwiZmEgZmEtYmFyLWNoYXJ0XCIsIFwib3JkZXJcIjogMTF9LCB7XCJ0aXRsZVwiOiBcIlx1NWI2Nlx1NGU2MFx1NjI1M1x1NTM2MVwiLCBcInVybFwiOiBcIi90ZWFjaGluZy9zaGFyaW5nL1wiLCBcImljb25cIjogbnVsbCwgXCJvcmRlclwiOiAxMn1dLCBcImZpcnN0X2ljb25cIjogXCJmYSBmYS11c2Vyc1wiLCBcImZpcnN0X3VybFwiOiBcIi90ZWFjaGluZy9hY3Rpdml0eS9cIn0sIHtcInRpdGxlXCI6IFwiXHU3NTI4XHU2MjM3XCIsIFwibWVudXNcIjogW3tcInRpdGxlXCI6IFwiXHU2MjExXHU3Njg0XHU4ZDI2XHU1M2Y3XCIsIFwidXJsXCI6IFwiL3VzZXIvdXNlci9cIiwgXCJpY29uXCI6IFwiZmEgZmEtdmNhcmRcIiwgXCJvcmRlclwiOiA1fV0sIFwiZmlyc3RfaWNvblwiOiBcImZhIGZhLXZjYXJkXCIsIFwiZmlyc3RfdXJsXCI6IFwiL3VzZXIvdXNlci9cIn1dIiwiTElTVF9RVUVSWSI6W1siaW5mbyIsIm1lbWJlciJdLCIiXX0=','2019-03-27 16:33:20.400585'),('y7ssnqjlqkyhr8tef375adjd7lbh7kx9','OWFkNDk0NjYxZGMyNTIxOTljZWQ5ZDYwNzlmNDBhZDViOTUyNGNmNzp7Il9hdXRoX3VzZXJfaWQiOiIxNjMzNzExMyIsIl9hdXRoX3VzZXJfYmFja2VuZCI6ImRqYW5nby5jb250cmliLmF1dGguYmFja2VuZHMuTW9kZWxCYWNrZW5kIiwiX2F1dGhfdXNlcl9oYXNoIjoiZmY1Y2RjMGRjOTQxM2MzYmQyNzZhMDg2N2Q0YzBkMzFmNmI4ZGNkOSIsIm5hdl9tZW51IjoiW3tcInRpdGxlXCI6IFwiXHU1MTVhXHU1NDU4XHU1M2QxXHU1YzU1XCIsIFwibWVudXNcIjogW3tcInRpdGxlXCI6IFwiXHU1MTVhXHU2NTJmXHU5MGU4XCIsIFwidXJsXCI6IFwiL2luZm8vYnJhbmNoL1wiLCBcImljb25cIjogXCJmYSBmYS11c2VyXCIsIFwib3JkZXJcIjogN30sIHtcInRpdGxlXCI6IFwiXHU2MjEwXHU1NDU4XHU0ZmUxXHU2MDZmXCIsIFwidXJsXCI6IFwiL2luZm8vbWVtYmVyL1wiLCBcImljb25cIjogXCJmYSBmYS1pbmZvXCIsIFwib3JkZXJcIjogOH0sIHtcInRpdGxlXCI6IFwiXHU1M2QxXHU1YzU1XHU2ZDQxXHU3YTBiXHU0ZjlkXHU4ZDU2XCIsIFwidXJsXCI6IFwiL2luZm8vZGVwZW5kZW5jeS9cIiwgXCJpY29uXCI6IG51bGwsIFwib3JkZXJcIjogOX1dLCBcImZpcnN0X2ljb25cIjogXCJmYSBmYS11bml2ZXJzaXR5XCIsIFwiZmlyc3RfdXJsXCI6IFwiL2luZm8vc2Nob29sL1wifSwge1widGl0bGVcIjogXCJcdTUxNWFcdTU0NThcdTY1NTlcdTgwYjJcIiwgXCJtZW51c1wiOiBbe1widGl0bGVcIjogXCJcdTRmMWFcdThiYWUvXHU2ZDNiXHU1MmE4XCIsIFwidXJsXCI6IFwiL3RlYWNoaW5nL2FjdGl2aXR5L1wiLCBcImljb25cIjogXCJmYSBmYS11c2Vyc1wiLCBcIm9yZGVyXCI6IDEwfSwge1widGl0bGVcIjogXCJcdTViNjZcdTY1ZjZcdTdlZGZcdThiYTFcIiwgXCJ1cmxcIjogXCIvdGVhY2hpbmcvdGFrZXBhcnRpbi9cIiwgXCJpY29uXCI6IFwiZmEgZmEtYmFyLWNoYXJ0XCIsIFwib3JkZXJcIjogMTF9LCB7XCJ0aXRsZVwiOiBcIlx1NWI2Nlx1NGU2MFx1NjI1M1x1NTM2MVwiLCBcInVybFwiOiBcIi90ZWFjaGluZy9zaGFyaW5nL1wiLCBcImljb25cIjogbnVsbCwgXCJvcmRlclwiOiAxMn1dLCBcImZpcnN0X2ljb25cIjogXCJmYSBmYS11c2Vyc1wiLCBcImZpcnN0X3VybFwiOiBcIi90ZWFjaGluZy9hY3Rpdml0eS9cIn0sIHtcInRpdGxlXCI6IFwiXHU3NTI4XHU2MjM3XCIsIFwibWVudXNcIjogW3tcInRpdGxlXCI6IFwiXHU2MjExXHU3Njg0XHU4ZDI2XHU1M2Y3XCIsIFwidXJsXCI6IFwiL3VzZXIvdXNlci9cIiwgXCJpY29uXCI6IFwiZmEgZmEtdmNhcmRcIiwgXCJvcmRlclwiOiA1fV0sIFwiZmlyc3RfaWNvblwiOiBcImZhIGZhLXZjYXJkXCIsIFwiZmlyc3RfdXJsXCI6IFwiL3VzZXIvdXNlci9cIn1dIiwiTElTVF9RVUVSWSI6W1sidGVhY2hpbmciLCJ0YWtlcGFydGluIl0sIiJdfQ==','2019-03-18 17:07:09.906247'),('zjajuww148pf367kah5ithoiogm7lq5k','NGYxNmE2YTdkOTU1YWNkZjdkYzQyNzkxYmQ4NDhlOWEwOTYyYTY2OTp7Il9hdXRoX3VzZXJfaWQiOiIxNjMzNzE5MSIsIl9hdXRoX3VzZXJfYmFja2VuZCI6ImRqYW5nby5jb250cmliLmF1dGguYmFja2VuZHMuTW9kZWxCYWNrZW5kIiwiX2F1dGhfdXNlcl9oYXNoIjoiNjM2MDUxZjA4YTNmYTVlMDRhNDZiZWQwNjI1NGRkMWUwNjhhOTI5MCIsIm5hdl9tZW51IjoiW3tcInRpdGxlXCI6IFwiXHU1MTVhXHU1NDU4XHU1M2QxXHU1YzU1XCIsIFwibWVudXNcIjogW3tcInRpdGxlXCI6IFwiXHU2MjEwXHU1NDU4XHU0ZmUxXHU2MDZmXCIsIFwidXJsXCI6IFwiL2luZm8vbWVtYmVyL1wiLCBcImljb25cIjogXCJmYSBmYS1pbmZvXCIsIFwib3JkZXJcIjogOH1dLCBcImZpcnN0X2ljb25cIjogXCJmYSBmYS11bml2ZXJzaXR5XCIsIFwiZmlyc3RfdXJsXCI6IFwiL2luZm8vc2Nob29sL1wifSwge1widGl0bGVcIjogXCJcdTUxNWFcdTU0NThcdTY1NTlcdTgwYjJcIiwgXCJtZW51c1wiOiBbe1widGl0bGVcIjogXCJcdTRmMWFcdThiYWUvXHU2ZDNiXHU1MmE4XCIsIFwidXJsXCI6IFwiL3RlYWNoaW5nL2FjdGl2aXR5L1wiLCBcImljb25cIjogXCJmYSBmYS11c2Vyc1wiLCBcIm9yZGVyXCI6IDEwfSwge1widGl0bGVcIjogXCJcdTViNjZcdTY1ZjZcdTdlZGZcdThiYTFcIiwgXCJ1cmxcIjogXCIvdGVhY2hpbmcvdGFrZXBhcnRpbi9cIiwgXCJpY29uXCI6IFwiZmEgZmEtYmFyLWNoYXJ0XCIsIFwib3JkZXJcIjogMTF9LCB7XCJ0aXRsZVwiOiBcIlx1NWI2Nlx1NGU2MFx1NjI1M1x1NTM2MVwiLCBcInVybFwiOiBcIi90ZWFjaGluZy9zaGFyaW5nL1wiLCBcImljb25cIjogXCJmYSBmYS1ib29rXCIsIFwib3JkZXJcIjogMTJ9XSwgXCJmaXJzdF9pY29uXCI6IFwiZmEgZmEtdXNlcnNcIiwgXCJmaXJzdF91cmxcIjogXCIvdGVhY2hpbmcvYWN0aXZpdHkvXCJ9LCB7XCJ0aXRsZVwiOiBcIlx1NzUyOFx1NjIzN1wiLCBcIm1lbnVzXCI6IFt7XCJ0aXRsZVwiOiBcIlx1NjIxMVx1NzY4NFx1OGQyNlx1NTNmN1wiLCBcInVybFwiOiBcIi91c2VyL3VzZXIvXCIsIFwiaWNvblwiOiBcImZhIGZhLXZjYXJkXCIsIFwib3JkZXJcIjogNX1dLCBcImZpcnN0X2ljb25cIjogXCJmYSBmYS12Y2FyZFwiLCBcImZpcnN0X3VybFwiOiBcIi91c2VyL3VzZXIvXCJ9XSIsIkxJU1RfUVVFUlkiOltbInRlYWNoaW5nIiwidGFrZXBhcnRpbiJdLCIiXX0=','2019-03-28 14:36:19.379274'),('zvz7gwzymmh2eod8k9xlhwg7t67flujf','ZWE3YjBlMTA2NzNmMzY0MmJkMjkyMTFiZjcxMmRmNzU5ODIwNDMzOTp7Il9hdXRoX3VzZXJfaWQiOiIxNjMzNzE3NCIsIl9hdXRoX3VzZXJfYmFja2VuZCI6ImRqYW5nby5jb250cmliLmF1dGguYmFja2VuZHMuTW9kZWxCYWNrZW5kIiwiX2F1dGhfdXNlcl9oYXNoIjoiNWM5MjAyNmEwMTcyZWJmZGMzYmI2M2E3YjRhZTk0YjJjMmE0MThiMyIsIkxJU1RfUVVFUlkiOltbImluZm8iLCJtZW1iZXIiXSwiIl19','2019-03-12 19:08:58.864201');
/*!40000 ALTER TABLE `django_session` ENABLE KEYS */;
UNLOCK TABLES;

--
-- Table structure for table `info_application`
--

DROP TABLE IF EXISTS `info_application`;
/*!40101 SET @saved_cs_client     = @@character_set_client */;
/*!40101 SET character_set_client = utf8 */;
CREATE TABLE `info_application` (
  `id` int(11) NOT NULL AUTO_INCREMENT,
  `netid` int(11) NOT NULL,
  `application_type` varchar(20) NOT NULL,
  PRIMARY KEY (`id`)
) ENGINE=InnoDB DEFAULT CHARSET=utf8;
/*!40101 SET character_set_client = @saved_cs_client */;

--
-- Dumping data for table `info_application`
--

LOCK TABLES `info_application` WRITE;
/*!40000 ALTER TABLE `info_application` DISABLE KEYS */;
/*!40000 ALTER TABLE `info_application` ENABLE KEYS */;
UNLOCK TABLES;

--
-- Table structure for table `info_branch`
--

DROP TABLE IF EXISTS `info_branch`;
/*!40101 SET @saved_cs_client     = @@character_set_client */;
/*!40101 SET character_set_client = utf8 */;
CREATE TABLE `info_branch` (
  `id` int(11) NOT NULL AUTO_INCREMENT,
  `branch_name` varchar(50) NOT NULL,
  `date_create` date DEFAULT NULL,
  `school_id` int(11) NOT NULL,
  PRIMARY KEY (`id`),
  KEY `info_branch_school_id_a22b8f0c_fk_info_school_id` (`school_id`),
  CONSTRAINT `info_branch_school_id_a22b8f0c_fk_info_school_id` FOREIGN KEY (`school_id`) REFERENCES `info_school` (`id`)
) ENGINE=InnoDB AUTO_INCREMENT=6 DEFAULT CHARSET=utf8;
/*!40101 SET character_set_client = @saved_cs_client */;

--
-- Dumping data for table `info_branch`
--

LOCK TABLES `info_branch` WRITE;
/*!40000 ALTER TABLE `info_branch` DISABLE KEYS */;
INSERT INTO `info_branch` VALUES (1,'计算机本科生第二党支部',NULL,1),(2,'保密管理本科生党支部',NULL,1),(3,'计算机本科生第三党支部',NULL,1),(4,'本科生国防党支部',NULL,1),(5,'计算机本科生第四党支部',NULL,1);
/*!40000 ALTER TABLE `info_branch` ENABLE KEYS */;
UNLOCK TABLES;

--
-- Table structure for table `info_dependency`
--

DROP TABLE IF EXISTS `info_dependency`;
/*!40101 SET @saved_cs_client     = @@character_set_client */;
/*!40101 SET character_set_client = utf8 */;
CREATE TABLE `info_dependency` (
  `id` int(11) NOT NULL AUTO_INCREMENT,
  `from_1` varchar(50) NOT NULL,
  `to` varchar(50) NOT NULL,
  `days` int(11) NOT NULL,
  PRIMARY KEY (`id`),
  UNIQUE KEY `info_dependency_from_1_to_07a0d4eb_uniq` (`from_1`,`to`)
) ENGINE=InnoDB AUTO_INCREMENT=10 DEFAULT CHARSET=utf8;
/*!40101 SET character_set_client = @saved_cs_client */;

--
-- Dumping data for table `info_dependency`
--

LOCK TABLES `info_dependency` WRITE;
/*!40000 ALTER TABLE `info_dependency` DISABLE KEYS */;
INSERT INTO `info_dependency` VALUES (2,'birth_date','application_date',6570),(3,'application_date','activist_date',60),(4,'activist_date','key_develop_person_date',365),(5,'league_promotion_date','democratic_appraisal_date',1),(6,'democratic_appraisal_date','key_develop_person_date',1),(7,'key_develop_person_date','first_branch_conference',90),(8,'first_branch_conference','second_branch_conference',365),(9,'application_fullmember_date','second_branch_conference',30);
/*!40000 ALTER TABLE `info_dependency` ENABLE KEYS */;
UNLOCK TABLES;

--
-- Table structure for table `info_member`
--

DROP TABLE IF EXISTS `info_member`;
/*!40101 SET @saved_cs_client     = @@character_set_client */;
/*!40101 SET character_set_client = utf8 */;
CREATE TABLE `info_member` (
  `netid` int(11) NOT NULL,
  `name` varchar(20) NOT NULL,
  `birth_date` date DEFAULT NULL,
  `gender` varchar(1) DEFAULT NULL,
  `group` varchar(20) DEFAULT NULL,
  `family_address` varchar(50) DEFAULT NULL,
  `phone_number` varchar(128) DEFAULT NULL,
  `major_in` varchar(30) DEFAULT NULL,
  `youth_league_date` date DEFAULT NULL,
  `constitution_group_date` date DEFAULT NULL,
  `application_date` date DEFAULT NULL,
  `first_talk_date` date DEFAULT NULL,
  `league_promotion_date_a` date DEFAULT NULL,
  `activist_date` date DEFAULT NULL,
  `contacts` varchar(50) DEFAULT NULL,
  `democratic_appraisal_date` date DEFAULT NULL,
  `league_promotion_date` date DEFAULT NULL,
  `key_develop_person_date` date DEFAULT NULL,
  `recommenders_date` date DEFAULT NULL,
  `recommenders` varchar(50) DEFAULT NULL,
  `political_check_date` date DEFAULT NULL,
  `graduated_party_school_date` date DEFAULT NULL,
  `autobiography_date` date DEFAULT NULL,
  `application_form_date` date DEFAULT NULL,
  `first_branch_conference` date DEFAULT NULL,
  `pro_conversation_date` date DEFAULT NULL,
  `talker` varchar(50) DEFAULT NULL,
  `probationary_approval_date` date DEFAULT NULL,
  `oach_date` date DEFAULT NULL,
  `application_fullmember_date` date DEFAULT NULL,
  `second_branch_conference` date DEFAULT NULL,
  `fullmember_approval_date` date DEFAULT NULL,
  `branch_id` int(11) NOT NULL,
  PRIMARY KEY (`netid`),
  KEY `info_member_branch_id_90c6294a_fk_info_branch_id` (`branch_id`),
  KEY `info_member_name_0c14d67c` (`name`),
  CONSTRAINT `info_member_branch_id_90c6294a_fk_info_branch_id` FOREIGN KEY (`branch_id`) REFERENCES `info_branch` (`id`)
) ENGINE=InnoDB DEFAULT CHARSET=utf8;
/*!40101 SET character_set_client = @saved_cs_client */;

--
-- Dumping data for table `info_member`
--

LOCK TABLES `info_member` WRITE;
/*!40000 ALTER TABLE `info_member` DISABLE KEYS */;
INSERT INTO `info_member` VALUES (14348053,'李绮婷','1995-02-07','女','汉族','广东高州',NULL,'计算机系',NULL,NULL,'2011-11-06',NULL,NULL,'2012-04-27',NULL,'2013-05-11','2012-04-25','2013-05-14','2013-05-21','李桂海，陈木华',NULL,'2013-03-15',NULL,NULL,'2013-05-23','2013-05-31','李恒','2013-06-03','2015-06-23','2014-05-08','2014-05-23','2014-06-23',5),(14349021,'王洁民','1999-08-26','男','汉','湖北荆门',NULL,'',NULL,'2017-12-20','2017-08-30',NULL,NULL,'2018-03-16',NULL,NULL,NULL,NULL,NULL,'',NULL,NULL,NULL,NULL,NULL,NULL,'',NULL,NULL,NULL,NULL,NULL,4),(15331331,'邢宇静','1997-04-12','女','汉','河南商水',NULL,'保密管理',NULL,'2015-09-20','2015-09-27',NULL,NULL,'2015-11-05',NULL,'2017-03-21','2017-03-20','2017-03-22','2017-05-27','宋婷婷、张靖琦',NULL,'2017-04-29',NULL,NULL,'2017-05-28','2017-06-10','李约瀚','2017-06-27','2018-04-12','2018-04-27','2018-06-23','2018-06-27',2),(15331438,'朱高洁','1998-01-12','女','汉','陕西安康',NULL,'保密管理',NULL,'2017-09-22','2017-09-18',NULL,NULL,'2018-09-20',NULL,NULL,NULL,NULL,NULL,'',NULL,NULL,NULL,NULL,NULL,NULL,'',NULL,NULL,NULL,NULL,NULL,2),(15332002,'蔡凡','1997-06-14','男','汉','四川遂宁',NULL,'软件工程',NULL,'2016-10-01','2016-10-01',NULL,NULL,'2018-03-18',NULL,NULL,NULL,NULL,NULL,'',NULL,NULL,NULL,NULL,NULL,NULL,'',NULL,NULL,NULL,NULL,NULL,4),(15332003,'曾志贤','1996-05-26','男','汉','广东梅州',NULL,'软件工程',NULL,NULL,'2015-10-07',NULL,NULL,'2016-03-01',NULL,'2017-03-24','2017-03-21','2017-03-25','2017-05-30','谭卓波、黄阁渝',NULL,'2017-04-29',NULL,NULL,'2017-06-03','2017-06-07','刘玉葆','2017-06-27','2017-03-23','2018-05-07','2018-06-03','2018-06-27',4),(15332004,'崔书宇','1997-03-03','男','汉','山西夏县',NULL,'软件工程',NULL,NULL,'2015-10-01',NULL,NULL,'2016-03-01',NULL,'2017-03-24','2017-03-21',NULL,NULL,'',NULL,NULL,NULL,NULL,NULL,NULL,'',NULL,NULL,NULL,NULL,NULL,4),(15332006,'黄文翔','1997-06-29','男','瑶','广西贵港',NULL,'软件工程',NULL,NULL,'2017-03-05',NULL,NULL,'2018-05-15',NULL,NULL,NULL,NULL,NULL,'',NULL,NULL,NULL,NULL,NULL,NULL,'',NULL,NULL,NULL,NULL,NULL,4),(15332008,'李新宇','1996-06-06','男','汉','甘肃省甘谷',NULL,'软件工程',NULL,NULL,'2015-09-22',NULL,NULL,'2016-03-01',NULL,'2017-03-24','2017-03-21','2017-03-25','2017-05-30','谭卓波、肖坤',NULL,'2017-04-29',NULL,NULL,'2017-06-03','2017-06-07','刘玉葆','2017-06-27','2017-03-23','2018-11-01','2018-12-20',NULL,4),(15332010,'马志','1997-04-17','男','汉','四川凉山',NULL,'软件工程',NULL,NULL,'2015-10-01',NULL,NULL,'2016-03-01',NULL,'2017-03-24','2017-03-21','2017-03-25','2017-05-30','谭卓波、肖坤',NULL,'2017-04-29',NULL,NULL,'2017-06-03','2017-06-07','刘玉葆','2017-06-27','2017-03-23','2018-05-07','2018-06-03','2018-06-27',4),(15332011,'史可鉴','1995-09-29','男','汉','山西吕梁',NULL,'软件工程',NULL,NULL,'2017-02-25',NULL,NULL,'2018-03-18',NULL,NULL,NULL,NULL,NULL,'',NULL,NULL,NULL,NULL,NULL,NULL,'',NULL,NULL,NULL,NULL,NULL,4),(15332012,'孙洪亮','1996-04-10','男','汉','河北泊头',NULL,'软件工程',NULL,NULL,'2016-10-15',NULL,NULL,'2017-09-17',NULL,NULL,NULL,NULL,NULL,'',NULL,NULL,NULL,NULL,NULL,NULL,'',NULL,NULL,NULL,NULL,NULL,4),(15332013,'孙正伦','1997-03-24','男','满','河北石家庄',NULL,'软件工程',NULL,NULL,'2015-10-06',NULL,NULL,'2016-03-01',NULL,'2017-03-24','2017-03-21','2017-03-25','2017-05-30','王喆、孙炀',NULL,'2017-04-29',NULL,NULL,'2017-06-03','2017-06-08','吴维刚','2017-06-27','2017-03-23','2018-05-07','2018-06-03','2018-06-27',4),(15332014,'田桂雄','1995-09-20','男','汉','广东普宁',NULL,'软件工程',NULL,NULL,'2017-03-01',NULL,NULL,'2018-03-18',NULL,NULL,'2018-09-14',NULL,NULL,'',NULL,NULL,NULL,NULL,NULL,NULL,'',NULL,NULL,NULL,NULL,NULL,4),(15332015,'万佳聪','1997-05-10','男','汉','江西抚州',NULL,'软件工程',NULL,'2017-03-06','2017-03-14',NULL,NULL,'2018-09-20',NULL,NULL,NULL,NULL,NULL,'',NULL,NULL,NULL,NULL,NULL,NULL,'',NULL,NULL,NULL,NULL,NULL,4),(15332017,'徐汉涛','1997-05-30','男','汉','江西南昌',NULL,'软件工程',NULL,NULL,'2015-10-09',NULL,NULL,'2016-03-01',NULL,'2017-03-24','2017-03-21','2017-03-25','2017-05-30','聂建员、孙炀',NULL,'2017-04-29',NULL,NULL,'2017-06-03','2017-06-08','李绿周','2017-06-27','2017-03-23','2018-05-07','2018-06-03','2018-06-27',4),(15332018,'张千艺','1998-12-11','男','汉','河北石家庄',NULL,'软件工程',NULL,NULL,'2017-07-30',NULL,NULL,'2017-09-17',NULL,NULL,NULL,NULL,NULL,'',NULL,NULL,NULL,NULL,NULL,NULL,'',NULL,NULL,NULL,NULL,NULL,4),(15332019,'张胜利','1996-07-28','男','汉','四川大英',NULL,'软件工程',NULL,'2017-02-22','2018-03-18',NULL,NULL,'2018-03-18',NULL,NULL,NULL,NULL,NULL,'',NULL,NULL,NULL,NULL,NULL,NULL,'',NULL,NULL,NULL,NULL,NULL,4),(15336095,'梁沛霖','1997-05-27','男','汉','广州市荔湾区360号2203','+8613435644823','计算机科学与技术','2010-09-01','2016-10-20','2016-10-23',NULL,NULL,'2017-09-16',NULL,'2018-09-18','2018-09-12','2018-09-22','2018-12-19','劳马东 柯司博','2018-09-22','2018-11-10','2018-12-21','2018-12-22','2018-12-23','2019-03-04','黄玲娟',NULL,NULL,NULL,NULL,NULL,1),(15336101,'林建涛','1996-09-06','男','汉',NULL,NULL,'计算机类',NULL,NULL,'2016-10-21',NULL,NULL,'2017-09-16',NULL,'2018-09-18','2018-09-12','2018-09-22','2019-03-10','劳马东 柯司博','2018-09-22','2018-11-10',NULL,NULL,NULL,NULL,NULL,NULL,NULL,NULL,NULL,NULL,1),(15336102,'林民钊','1997-06-25','男','汉','中山市小榄镇宝丰村怡生路11号','+8615521090568','计算机类','2011-06-09','2015-10-10','2015-11-29',NULL,NULL,'2016-09-24','林宇烽 陈孟强','2018-03-16','2018-03-14','2018-03-17','2018-12-19','劳马东 柯司博','2018-03-17','2018-11-10','2018-12-21','2018-12-22','2018-12-23','2019-03-12','方绵',NULL,NULL,NULL,NULL,NULL,1),(15336117,'刘展宏','1997-08-28','男','汉','','','计算机类',NULL,NULL,'2015-10-10',NULL,NULL,'2016-09-24',NULL,'2018-03-16','2018-03-14','2018-03-17','2018-06-04','劳马东 柯司博','2018-03-17','2018-05-12',NULL,NULL,'2018-06-04','2018-06-12','胡凤娟','2018-06-27','2018-06-12',NULL,NULL,NULL,1),(15336121,'陆剑','1997-04-18','男','汉',NULL,NULL,'计算机类',NULL,NULL,'2015-11-30',NULL,NULL,'2016-09-24',NULL,'2018-03-16','2018-03-14','2018-03-17','2019-03-10','劳马东 柯司博','2018-03-17','2018-11-10',NULL,NULL,NULL,NULL,NULL,NULL,NULL,NULL,NULL,NULL,1),(15336141,'彭博东','1996-12-24','男','汉','广东省汕头市澄海区莲上镇','+8613719320736','计算机类','2010-06-01','2015-09-19','2015-09-28',NULL,NULL,'2016-09-24',NULL,'2018-03-16','2018-03-14','2018-03-17','2018-06-04','劳马东 柯司博','2018-03-17','2018-05-12',NULL,NULL,'2018-06-04','2018-06-12','胡凤娟','2018-06-27','2018-06-12',NULL,NULL,NULL,1),(15336150,'饶家华','1996-02-13','男','汉族','广东省梅州市兴宁市兴城贵华路贵华小区祥安楼A501',NULL,'信息与计算科学',NULL,NULL,'2013-12-06',NULL,NULL,'2013-12-28',NULL,'2014-12-30','2014-12-28','2015-01-18','2015-02-04','刘伟荣 张远明',NULL,'2015-02-03',NULL,NULL,'2015-02-08','2015-02-15','曾超平','2015-02-17','2015-06-29','2016-01-15','2016-05-28','2016-06-24',3),(15336165,'谭琳','1996-09-09','女','汉族','贵州省黔西南州兴义市下五屯庄园社区永康路九华苑',NULL,'信息安全',NULL,'2015-10-20','2015-11-28',NULL,NULL,'2017-03-18',NULL,'2018-03-12','2018-03-10','2018-03-20','2018-06-02','饶家华 田晓晴',NULL,'2018-05-12',NULL,NULL,'2018-06-05','2018-06-14','吴维刚','2018-06-27','2018-07-10',NULL,NULL,NULL,3),(15336174,'王姗姗','1998-01-24','女','汉族','山东省滨州市黄河二路万鑫时代新城',NULL,'网络工程',NULL,'2015-10-20','2015-11-28',NULL,NULL,'2017-03-18',NULL,'2018-03-12','2018-03-10','2018-03-20','2018-06-02','饶家华 田晓晴',NULL,'2018-05-12',NULL,NULL,'2018-06-05','2018-06-15','侯雪莹','2018-06-27','2018-07-10',NULL,NULL,NULL,3),(15336189,'吴宏','1997-10-04','男','汉族','重庆云阳',NULL,'信息安全',NULL,'2015-10-23','2015-11-28',NULL,NULL,'2017-03-18',NULL,'2018-03-12','2018-03-10','2018-03-20','2018-06-02','王丰 谢易华',NULL,'2018-05-12',NULL,NULL,'2018-06-05','2018-06-14','吴维刚','2018-06-27','2018-07-10',NULL,NULL,NULL,3),(15336190,'吴嘉图','1996-08-20','男','汉族','广东省东莞市道滘镇',NULL,'计算机科学与技术',NULL,'2015-10-23','2015-11-28',NULL,NULL,'2017-03-18',NULL,'2018-03-12','2018-03-10','2018-03-20','2018-06-02','谢易华 王丰',NULL,'2018-05-12',NULL,NULL,'2018-06-05','2018-06-14','丘南海','2018-06-27','2018-07-10',NULL,NULL,NULL,3),(15336208,'徐洁瑜','2000-02-03','女','汉族','安徽省阜阳市临泉县宋集镇',NULL,'网络工程',NULL,NULL,NULL,NULL,NULL,NULL,NULL,NULL,NULL,NULL,NULL,'',NULL,NULL,NULL,NULL,NULL,NULL,'',NULL,NULL,NULL,NULL,NULL,3),(15336215,'严紫熙','1997-08-18','男','汉族','广东中山富康路6号',NULL,'信息与计算科学',NULL,'2015-10-23','2015-11-17',NULL,NULL,'2017-03-18',NULL,'2018-03-12','2018-03-10','2018-03-20','2018-06-02','饶家华 田晓晴',NULL,'2018-05-12',NULL,NULL,'2018-06-05','2018-06-15','侯雪莹','2018-06-27',NULL,NULL,NULL,NULL,3),(15336216,'杨斌斌','1997-04-13','男','汉族','广东省广州市海珠区东晓南路锦丽街32号',NULL,'信息与计算科学',NULL,'2015-10-23','2015-11-27',NULL,NULL,'2017-03-18',NULL,NULL,NULL,NULL,NULL,'',NULL,NULL,NULL,NULL,NULL,NULL,'',NULL,NULL,NULL,NULL,NULL,3),(15336237,'张丰学','1997-03-03','男','汉','河北省滦县',NULL,'计算机系',NULL,NULL,'2015-11-29',NULL,NULL,'2016-09-26',NULL,'2017-09-19','2017-09-19','2017-09-21','2017-12-01','李绮婷、庄开鸿',NULL,'2017-11-11',NULL,NULL,'2017-12-03',NULL,'','2018-01-19',NULL,'2018-11-03','2018-12-19',NULL,5),(15336238,'张皓宇','1996-08-14','男','汉','广东',NULL,'计算机系',NULL,NULL,'2015-11-29',NULL,NULL,'2016-09-26',NULL,'2017-09-19','2017-09-19','2017-09-21','2017-12-01','李绮婷、庄开鸿',NULL,'2017-11-11',NULL,NULL,'2017-12-03',NULL,'','2018-01-19',NULL,'2018-11-03','2018-12-19',NULL,5),(15336239,'张弘','1992-11-10','男','汉族','山东邹城',NULL,'计算机系',NULL,NULL,'2009-05-27',NULL,NULL,'2010-07-05',NULL,'2011-07-15','2011-07-15','2011-05-15','2011-07-17','籍秀珠 武秀卿',NULL,'2011-07-13',NULL,NULL,'2011-07-18','2011-07-19','侯西强','2011-07-19','2016-01-12','2012-06-27','2012-07-18','2012-07-18',5),(15336243,'张鹏泽','1997-09-18','男','汉','吉林吉林',NULL,'计算机系',NULL,NULL,'2015-11-29',NULL,NULL,'2016-09-26',NULL,'2017-09-19','2017-09-19','2017-09-21','2017-12-01','庄开鸿、何秋和',NULL,'2017-11-11',NULL,NULL,'2017-12-03',NULL,'','2018-01-19',NULL,'2018-11-03','2018-12-19',NULL,5),(15336244,'赵成','1996-06-17','男','汉','河北邯郸',NULL,'计算机系',NULL,NULL,'2015-11-29',NULL,NULL,'2016-09-26',NULL,'2017-09-19','2017-09-19','2017-09-21','2017-12-01','李绮婷、李楠',NULL,'2017-11-11',NULL,NULL,'2017-12-03',NULL,'','2018-01-19',NULL,'2018-11-03','2018-12-19',NULL,5),(15336247,'赵维俊','1996-12-10','男','汉','云南德宏州',NULL,'计算机系',NULL,NULL,'2015-11-29',NULL,NULL,'2016-09-26',NULL,'2017-09-19','2017-09-19','2017-09-21','2017-12-01','庄开鸿、何秋和',NULL,'2017-11-11',NULL,NULL,'2017-12-03',NULL,'','2018-01-19',NULL,'2018-11-03','2018-12-19',NULL,5),(15336256,'钟钧豪','1997-05-13','男','汉','广东广州',NULL,'计算机系',NULL,NULL,'2015-11-29',NULL,NULL,'2016-09-26',NULL,'2017-09-19','2017-09-19','2017-09-21','2017-12-01','庄开鸿、何秋和',NULL,'2017-11-11',NULL,NULL,'2017-12-03',NULL,'','2018-01-19',NULL,'2018-11-03','2018-12-19',NULL,5),(15336262,'周中柱','1997-09-06','男','汉','湖南长沙',NULL,'计算机系',NULL,NULL,'2015-11-29',NULL,NULL,'2016-09-26',NULL,'2017-09-19','2017-09-19','2017-09-21','2017-12-01','庄开鸿、张弘',NULL,'2017-11-11',NULL,NULL,'2017-12-03',NULL,'','2018-01-19',NULL,'2018-11-03','2018-12-19',NULL,5),(15337001,'曹俊杰','1997-04-04','男','汉','浙江金华',NULL,'信息安全',NULL,'2015-10-18','2015-11-28',NULL,NULL,'2016-09-21',NULL,NULL,'2016-09-21',NULL,NULL,'',NULL,NULL,NULL,NULL,NULL,NULL,'',NULL,NULL,NULL,NULL,NULL,4),(15337003,'段晓巍','1997-12-10','男','汉','山东聊城',NULL,'信息安全',NULL,'2015-10-18','2015-11-28',NULL,NULL,'2016-09-21',NULL,NULL,'2016-09-21',NULL,NULL,'',NULL,NULL,NULL,NULL,NULL,NULL,'',NULL,NULL,NULL,NULL,NULL,4),(15337007,'郭宇钊','1996-06-07','男','汉','福建漳州',NULL,'信息安全',NULL,'2015-10-18','2015-11-28',NULL,NULL,'2016-09-21',NULL,'2016-09-23','2016-09-21','2017-09-18','2017-11-22','尹浩然、李泓健',NULL,'2017-10-20',NULL,NULL,'2017-12-01','2017-12-05','李绿周','2017-12-01','2018-07-10','2018-11-01','2018-12-20',NULL,4),(15337008,'黄仕禹','1997-07-17','男','汉','湖北谷城',NULL,'信息安全',NULL,'2015-10-18','2015-11-28',NULL,NULL,'2016-09-21',NULL,'2016-09-23','2016-09-21','2017-09-18','2017-11-22','方标颜、刘明',NULL,'2017-10-20',NULL,NULL,'2017-12-01','2017-12-05','毛明志','2017-12-01','2018-07-10','2018-11-01','2018-12-20',NULL,4),(15337011,'姜继钢','1997-06-18','男','汉','浙江苍南',NULL,'信息安全',NULL,'2015-10-18','2015-11-28',NULL,NULL,'2016-09-21',NULL,'2016-09-23','2016-09-21','2017-09-18','2017-11-22','尹浩然张旭',NULL,'2017-10-20',NULL,NULL,'2017-12-01','2017-12-05','毛明志','2017-12-01','2018-07-10','2018-11-01','2018-12-20',NULL,4),(15337012,'李世帮','1995-12-27','男','汉','广东吴川',NULL,'信息安全',NULL,'2015-10-18','2015-11-28',NULL,NULL,'2016-09-21',NULL,'2016-09-23','2016-09-21','2017-09-18','2017-11-22','尹浩然、李泓健',NULL,'2017-10-20',NULL,NULL,'2017-12-01','2017-12-05','刘玉葆','2017-12-01','2018-07-10','2018-11-01','2018-12-20',NULL,4),(15337015,'陆彬','1996-01-19','男','状','广西隆林',NULL,'信息安全',NULL,'2015-10-18','2015-11-28',NULL,NULL,'2016-09-21',NULL,'2016-09-23','2016-09-21','2017-09-18','2017-11-22','尹浩然、李泓健',NULL,'2017-10-20',NULL,NULL,'2017-12-01','2017-12-05','毛明志','2017-12-01','2018-07-10','2018-11-01','2018-12-20',NULL,4),(15337017,'牟者斌','1997-02-23','男','汉','山东潍坊',NULL,'信息安全',NULL,'2015-10-18','2015-11-28',NULL,NULL,'2016-09-21',NULL,'2016-09-23','2016-09-21','2017-09-18','2017-11-22','尹浩然、李泓健',NULL,'2017-10-20',NULL,NULL,'2017-12-01','2017-12-05','刘玉葆','2017-12-01','2018-07-10','2018-11-01','2018-12-20',NULL,4),(15337020,'施志雄','1997-11-23','男','汉','福建福清',NULL,'信息安全',NULL,'2015-10-18','2015-11-28',NULL,NULL,'2016-09-21',NULL,'2016-09-23','2016-09-21','2017-09-18','2017-11-22','李洪才、孔德琛',NULL,'2017-10-20',NULL,NULL,'2017-12-01','2017-12-05','刘玉葆','2017-12-01','2018-07-10','2018-11-01','2018-12-20',NULL,4),(15337021,'苏毅','1996-11-19','男','汉','广东省湛江市',NULL,'信息安全',NULL,'2015-10-18','2015-11-28',NULL,NULL,'2016-09-21',NULL,'2016-09-23','2016-09-21','2017-09-18','2017-11-22','李鱼、胡斌',NULL,'2017-10-20',NULL,NULL,'2017-12-01','2017-12-05','李绿周','2017-12-01','2018-07-10','2018-11-01','2018-12-20',NULL,4),(15337022,'王建飞','1997-03-23','男','羌','四川里县',NULL,'信息安全',NULL,NULL,'2017-01-25',NULL,NULL,'2017-09-18',NULL,'2018-03-16','2018-03-15',NULL,NULL,'',NULL,NULL,NULL,NULL,NULL,NULL,'',NULL,NULL,NULL,NULL,NULL,4),(15337023,'王信智','1997-04-02','男','汉','山东泰安',NULL,'信息安全',NULL,'2015-10-18','2015-11-28',NULL,NULL,'2016-09-21',NULL,NULL,'2016-09-21',NULL,NULL,'',NULL,NULL,NULL,NULL,NULL,NULL,'',NULL,NULL,NULL,NULL,NULL,4),(15337025,'肖芳松','1998-01-20','男','汉','福建南平',NULL,'信息安全',NULL,'2017-03-15','2017-01-25',NULL,NULL,'2017-09-18',NULL,NULL,NULL,NULL,NULL,'',NULL,NULL,NULL,NULL,NULL,NULL,'',NULL,NULL,NULL,NULL,NULL,4),(15337028,'郑正平','1997-02-15','男','汉','福建',NULL,'信息安全',NULL,'2015-10-18','2015-11-28',NULL,NULL,'2016-09-21',NULL,'2016-09-23','2016-09-21','2017-09-18','2017-11-22','刘明、谢宗良',NULL,'2017-10-20',NULL,NULL,'2017-12-01','2017-12-05','毛明志','2017-12-01','2018-07-10','2018-11-01','2018-12-20',NULL,4),(15337029,'宗克远','1997-11-20','男','汉','山东省单县',NULL,'信息安全',NULL,'2015-10-18','2015-11-28',NULL,NULL,'2016-09-21',NULL,NULL,'2016-09-21',NULL,NULL,'',NULL,NULL,NULL,NULL,NULL,NULL,'',NULL,NULL,NULL,NULL,NULL,4),(15364002,'戴素慧','1993-08-15','女','汉','广东陆丰',NULL,'保密管理',NULL,'2016-03-19','2015-08-28',NULL,NULL,'2016-03-14',NULL,'2017-03-19','2017-03-04','2017-03-19','2017-05-29','吴绮琪 童咏琳',NULL,'2017-04-29',NULL,NULL,'2017-05-29','2017-06-07','茹春平','2017-06-27','2018-04-12','2018-04-29','2018-06-23','2018-06-27',2),(15364003,'胡冬梅','1995-11-01','女','汉','四川遂宁',NULL,'保密管理',NULL,'2016-09-22','2015-08-28',NULL,NULL,'2016-09-20',NULL,'2018-03-10','2018-03-09','2018-03-11','2018-06-08','童咏琳 薛昭力',NULL,'2018-05-12',NULL,NULL,'2018-06-08','2018-06-14','毛明志','2018-06-27','2018-07-10',NULL,NULL,NULL,2),(15364005,'黄露莹','1996-11-26','女','汉','广西陆川',NULL,'保密管理',NULL,'1949-10-01','2015-08-28',NULL,NULL,'2017-03-19',NULL,'2018-03-10','2018-03-09','2018-03-11','2018-06-08','童咏琳 薛昭力',NULL,'2018-05-12',NULL,NULL,'2018-06-08','2018-06-15','陈征宇','2018-06-27','2018-07-10',NULL,NULL,NULL,2),(15364006,'吉兆瑞','1996-01-20','女','汉','山西稷山',NULL,'保密管理',NULL,'1949-10-01','2015-08-28',NULL,NULL,'2017-03-19',NULL,'2018-03-10','2018-03-09','2018-03-11','2018-06-08','童咏琳 薛昭力',NULL,'2018-05-12',NULL,NULL,'2018-06-08','2018-06-15','陈征宇','2018-06-27','2018-07-10',NULL,NULL,NULL,2),(15364009,'刘雅婷','1997-04-15','女','汉','山西晋中',NULL,'保密管理',NULL,'2015-11-21','2015-08-28',NULL,NULL,'2015-11-20',NULL,'2017-03-19','2017-03-04','2017-03-19','2017-05-29','吴绮琪 童咏琳',NULL,'2017-04-29',NULL,NULL,'2017-05-29','2017-06-09','晏敏贞','2017-06-27','2018-04-12','2018-04-29','2018-06-23','2018-06-27',2),(15364010,'罗穗','1996-10-18','女','汉','广东梅州',NULL,'保密管理',NULL,'2016-09-22','2015-08-29',NULL,NULL,'2016-09-20',NULL,'2017-09-18','2017-09-17','2017-09-18','2017-12-10','吴绮琪、童咏琳',NULL,'2017-11-11',NULL,NULL,'2017-12-10','2017-12-14','晏敏贞','2018-01-19','2018-07-10','2018-11-09','2018-12-23',NULL,2),(15364011,'罗梓欢','1996-11-22','男','汉','广东茂名',NULL,'保密管理',NULL,'2016-09-22','2015-08-29',NULL,NULL,'2016-09-20',NULL,'2017-09-18','2017-09-17','2017-09-18','2017-12-10','童咏琳，吴绮琪',NULL,'2017-11-11',NULL,NULL,'2017-12-10','2017-12-13','李晓洁','2018-01-19','2018-07-10','2018-11-09','2018-12-23',NULL,2),(15364013,'童咏琳','1995-03-21','女','汉族','广东陆丰',NULL,'保密管理',NULL,'1949-10-01','2012-09-25',NULL,NULL,'2013-07-01',NULL,'2013-10-01','2013-12-25','2014-07-01','2014-10-01','罗泽伟、肖敬报',NULL,'2014-07-16',NULL,NULL,'2015-07-01','2015-07-15','刘源','2015-09-01','2015-09-01','2016-05-30','2016-07-01','2017-01-10',2),(15364014,'万静瑶','1996-11-26','女','汉','广东东莞',NULL,'保密管理',NULL,'2016-03-19','2015-08-27',NULL,NULL,'2016-03-14',NULL,'2017-03-19','2017-03-04','2017-03-19','2017-05-29','吴绮琪 童咏琳',NULL,'2017-04-29',NULL,NULL,'2017-05-29','2017-06-09','晏敏贞','2017-06-27','2018-04-12','2018-04-29','2018-06-23','2018-06-27',2),(15364015,'韦雨君','1997-08-15','女','满','贵州长顺',NULL,'保密管理',NULL,'2016-09-22','2015-08-29',NULL,NULL,'2016-09-20',NULL,'2017-09-18','2017-09-17','2017-09-18','2017-12-10','吴绮琪，童咏琳',NULL,'2017-11-11',NULL,NULL,'2017-12-10','2017-12-18','陈少梅','2018-01-19','2018-07-10','2018-11-09','2018-12-23',NULL,2),(15364017,'肖睿智','1997-11-02','女','汉族','安徽宣城',NULL,'保密管理',NULL,'2016-03-19','2016-01-19',NULL,NULL,'2016-03-14',NULL,'2017-03-19','2017-03-04','2017-03-19','2017-12-10','童咏琳，吴绮琪',NULL,'2017-11-11',NULL,NULL,'2017-12-10','2017-12-13','李晓洁','2018-01-19','2018-07-10','2018-11-09','2018-12-23',NULL,2),(15364018,'徐佳宛','1996-11-19','女','汉','河南南阳',NULL,'保密管理',NULL,'2016-09-22','2015-08-28',NULL,NULL,'2016-09-20',NULL,'2018-09-10','2018-09-09','2018-09-20','2018-09-19','童咏琳 万静瑶',NULL,'2018-11-10',NULL,NULL,'2018-12-23','2019-03-13','李奈青',NULL,NULL,NULL,NULL,NULL,2),(15364019,'薛昭力','1996-12-22','男','汉','福建闽侯',NULL,'保密管理',NULL,'2016-03-19','2015-08-30',NULL,NULL,'2016-03-14',NULL,'2017-03-19','2017-03-04','2017-03-19','2017-05-29','吴绮琪 童咏琳',NULL,'2017-04-29',NULL,NULL,'2017-05-29','2017-06-07','茹春平','2017-06-27','2018-04-12','2018-04-29','2018-06-23','2018-06-27',2),(15364021,'姚红珍','1997-12-05','女','侗','贵州铜仁',NULL,'保密管理',NULL,'2016-09-22','2015-08-29',NULL,NULL,'2016-09-20',NULL,'2018-09-10','2018-09-09','2018-09-20','2018-09-19','童咏琳 戴素慧',NULL,'2018-11-10',NULL,NULL,'2018-12-23','2019-03-13','李奈青',NULL,NULL,NULL,NULL,NULL,2),(15364023,'郑沐鑫','1997-04-28','男','汉','广东深圳',NULL,'保密管理',NULL,'2015-11-21','2015-08-29',NULL,NULL,'2015-11-20',NULL,'2017-03-19','2017-03-04','2017-03-19','2017-12-10','吴绮琪童咏琳',NULL,'2017-11-11',NULL,NULL,'2017-12-10','2017-12-15','晏敏贞','2018-01-19','2018-07-10','2018-11-09','2018-12-23',NULL,2),(15366108,'詹博羽','1996-08-03','男','汉','广东饶平',NULL,'计算机系',NULL,NULL,'2015-11-29',NULL,NULL,'2016-09-26',NULL,'2017-09-19','2017-09-19','2017-09-21','2017-12-01','',NULL,'2017-11-11',NULL,NULL,'2017-12-03',NULL,'',NULL,NULL,NULL,NULL,NULL,5),(16337061,'冯心怡','1998-08-18','女','汉','陕西渭南',NULL,'保密管理',NULL,'2017-09-22','2017-09-18',NULL,NULL,'2018-09-20',NULL,NULL,NULL,NULL,NULL,'',NULL,NULL,NULL,NULL,NULL,NULL,'',NULL,NULL,NULL,NULL,NULL,2),(16337071,'郭如意','1998-01-09','女','汉','浙江省台州市仙居县','+8615626210493','信息安全',NULL,'2016-10-13','2016-10-14',NULL,NULL,'2017-09-16','林宇烽 陈孟强','2018-09-18','2018-09-12','2018-09-22','2018-12-19','劳马东 柯司博','2018-09-22','2018-11-10','2018-12-21','2018-12-22','2018-12-23','2019-03-12','方绵',NULL,NULL,NULL,NULL,NULL,1),(16337094,'黄凯欢','1997-12-19','男','汉','广东省梅州市兴宁市坭陂镇新岭村田心黄屋9号','+8618420245926','计算机类',NULL,'2016-10-10','2017-03-02',NULL,NULL,'2018-03-17',NULL,NULL,NULL,NULL,NULL,'',NULL,NULL,NULL,NULL,NULL,NULL,'',NULL,NULL,NULL,NULL,NULL,1),(16337098,'黄义凯','1997-10-25','男','汉','广东省高州市','+8615902013537','计算机类','2010-10-01','2016-10-20','2016-10-25',NULL,NULL,'2017-09-16',NULL,'2018-09-18','2018-09-12','2018-09-22','2019-03-10','劳马东 柯司博','2018-09-22','2018-11-10',NULL,NULL,NULL,NULL,NULL,NULL,NULL,NULL,NULL,NULL,1),(16337099,'黄亦安','1997-08-05','男','汉','广东省云浮市罗定市黎少镇田心村236号','+8615902015001','计算机类','2011-11-11','2016-10-10','2017-02-28',NULL,NULL,'2018-03-17',NULL,NULL,NULL,NULL,NULL,'',NULL,NULL,NULL,NULL,NULL,NULL,'',NULL,NULL,NULL,NULL,NULL,1),(16337106,'解锐','1998-12-13','男','汉','重庆市云阳县双江镇莲花一街38号','+8615626225228','计算机类','2013-03-16','2016-10-10','2017-04-07',NULL,NULL,'2018-03-17',NULL,NULL,NULL,NULL,NULL,'',NULL,NULL,NULL,NULL,NULL,NULL,'',NULL,NULL,NULL,NULL,NULL,1),(16337108,'金牧','1998-08-18','女','汉','安徽省合肥市肥西镇禹洲天境三期荷园','+8615989003076','计算机科学与技术','2011-11-10','2016-10-25','2016-10-31',NULL,NULL,'2017-09-16',NULL,'2018-09-18','2018-09-12','2018-09-22','2018-12-19','劳马东 柯司博','2018-09-22','2018-11-10','2018-12-21','2018-12-22','2018-12-23','2019-03-04','王甲海',NULL,NULL,NULL,NULL,NULL,1),(16337109,'柯司博','1996-12-24','男','汉','广东省高州市南新路317号北楼404房','+8615626403016','计算机科学与技术超级计算方向',NULL,'2016-09-01','2015-03-01',NULL,NULL,'2015-03-10',NULL,'2016-03-14','2015-03-08','2016-03-15','2016-03-20','徐亦春 范瑞莲','2016-03-15','2016-03-16',NULL,NULL,'2016-03-21','2016-03-29','莫宇贵','2016-03-31','2016-06-02','2017-03-14','2017-04-23','2017-05-24',1),(16337112,'兰楠','1999-10-14','女','汉','云南省镇雄县商业城4-4-401','+8615002037997','信息安全',NULL,'2017-10-15','2017-10-24',NULL,NULL,'2018-09-22',NULL,NULL,NULL,NULL,NULL,'',NULL,NULL,NULL,NULL,NULL,NULL,'',NULL,NULL,NULL,NULL,NULL,1),(16337113,'劳马东','1997-02-14','男','汉','广东省湛江市遂溪县杨柑镇下山仔村41号','+8617875971360','计算机科学与技术（超算方向）',NULL,'2016-09-01','2015-02-19','2015-03-04',NULL,'2015-03-08',NULL,'2015-04-01','2015-04-01','2016-03-01','2016-03-10','陈成文 郑康明','2016-03-01','2016-03-10',NULL,NULL,'2016-04-05','2016-04-10','骆国丰','2016-04-20','2016-06-24','2017-03-25','2017-04-23','2017-05-24',1),(16337129,'李智源','1997-07-15','男','汉','河南洛阳偃师岳滩镇黄大王庙村','+8617665439866','计算机科学与技术','2010-10-17','2016-10-11','2018-03-03',NULL,NULL,'2018-09-22',NULL,NULL,NULL,NULL,NULL,'',NULL,NULL,NULL,NULL,NULL,NULL,'',NULL,NULL,NULL,NULL,NULL,1),(16337154,'刘海','1997-09-20','男','汉','珠海市香洲区人民西路291号苑','','计算机类','2010-09-25','2016-10-19','2017-10-10',NULL,NULL,'2018-09-22',NULL,NULL,NULL,NULL,NULL,'',NULL,NULL,NULL,NULL,NULL,NULL,'',NULL,NULL,NULL,NULL,NULL,1),(16337168,'卢明-','1997-12-12','女','汉','河南',NULL,'保密管理',NULL,'2016-10-10','2017-09-18',NULL,NULL,'2018-03-11',NULL,NULL,NULL,NULL,NULL,'',NULL,NULL,NULL,NULL,NULL,NULL,'',NULL,NULL,NULL,NULL,NULL,2),(16337171,'罗俊伟','1998-01-28','男','汉','广东省深圳市观澜新塘村乐新大厦901','+8615626403205','信息安全','2011-11-01','2018-11-24','2018-12-14',NULL,NULL,NULL,NULL,NULL,NULL,NULL,NULL,NULL,NULL,NULL,NULL,NULL,NULL,NULL,NULL,NULL,NULL,NULL,NULL,NULL,1),(16337174,'吕高雅馨','1998-03-10','女','汉','新疆乌鲁木齐天山区青年路38号方苑小区18号楼2单元501','+8613246802310','智能科学与技术','2009-05-04','2019-02-26','2019-02-26',NULL,NULL,NULL,NULL,NULL,NULL,NULL,NULL,NULL,NULL,NULL,NULL,NULL,NULL,NULL,NULL,NULL,NULL,NULL,NULL,NULL,1),(16337191,'潘春燕','1998-03-15','女','汉','贵州省遵义市红花岗区外环路','+8615626281565','信息安全',NULL,'2018-11-18','2018-11-26',NULL,NULL,NULL,NULL,NULL,NULL,NULL,NULL,'',NULL,NULL,NULL,NULL,NULL,NULL,'',NULL,NULL,NULL,NULL,NULL,1),(16337194,'彭义兴','1998-09-08','男','汉族','广东汕尾市陆河县河田镇吉祥路105号301',NULL,'计算机科学与技术',NULL,'2016-10-01','2016-12-01',NULL,NULL,'2017-09-17',NULL,'2018-09-12','2018-09-18','2018-09-24','2018-12-17','谢易华 王丰',NULL,'2018-11-10',NULL,NULL,'2018-12-23',NULL,'',NULL,NULL,NULL,NULL,NULL,3),(16337205,'邵鑫','1998-05-11','男','汉族','甘肃省秦安县郭家镇瓦坪村',NULL,'信息安全',NULL,'2016-10-01','2016-12-01',NULL,NULL,'2017-09-17',NULL,NULL,NULL,NULL,NULL,'',NULL,NULL,NULL,NULL,NULL,NULL,'',NULL,NULL,NULL,NULL,NULL,3),(16337209,'舒琳','1998-11-15','女','汉族','湖北省荆门市东宝区长龙中央公园',NULL,'计算机科学与技术',NULL,'2016-10-01','2016-12-01',NULL,NULL,'2017-09-17',NULL,'2018-09-12','2018-09-18','2018-09-24','2018-12-17','田晓晴 谢易华',NULL,'2018-11-10',NULL,NULL,'2018-12-23',NULL,'',NULL,NULL,NULL,NULL,NULL,3),(16337218,'覃嘉琪','1998-03-26','女','壮族','广西柳州城站路',NULL,'计算机科学与技术',NULL,'2016-10-01','2016-12-01',NULL,NULL,'2017-09-17',NULL,NULL,NULL,NULL,NULL,'',NULL,NULL,NULL,NULL,NULL,NULL,'',NULL,NULL,NULL,NULL,NULL,3),(16337221,'唐诗佳','1998-11-05','女','汉族','广东省中山市石岐区富湾花园富盈阁702',NULL,'计算机科学与技术',NULL,'2018-03-28','2017-12-27',NULL,NULL,'2018-09-20',NULL,NULL,NULL,NULL,NULL,'',NULL,NULL,NULL,NULL,NULL,NULL,'',NULL,NULL,NULL,NULL,NULL,3),(16337223,'田晓晴','1997-02-11','女','汉族','广东省普宁市流沙南街道后耘社区下乡片100号',NULL,'计算机科学与技术',NULL,NULL,'2015-03-01',NULL,NULL,'2015-03-26',NULL,'2016-04-25','2016-04-10','2016-04-28','2016-04-28','林锐潮 林涌敏',NULL,'2016-04-28',NULL,NULL,'2016-04-29','2016-06-13','郑雪升','2016-06-23','2016-09-18','2017-03-29','2017-05-13','2017-05-24',3),(16337227,'王丰','1997-04-28','女','汉族','甘肃省平凉市庄浪县何马村一社003号',NULL,'计算机科学与技术',NULL,NULL,'2015-01-28',NULL,NULL,'2015-04-23',NULL,'2016-03-20','2016-04-10','2016-05-22','2016-05-23','马世泰 牛海明',NULL,'2016-05-22',NULL,NULL,'2016-05-25','2016-05-27','柳清平','2016-05-28','2017-03-23','2017-05-10','2017-05-27','2017-06-27',3),(16337260,'谢易华','1997-01-13','男','汉族','广东省湛江市麻章区太平镇永顺诊所',NULL,'计算机科学与技术（超算）',NULL,NULL,'2015-02-03',NULL,NULL,'2015-02-10',NULL,'2015-02-10','2015-02-10','2016-03-17','2016-04-15','孔令- 陈晓君',NULL,'2016-03-30',NULL,NULL,'2016-04-20','2016-04-21','柯海珠','2016-04-21','2017-03-23','2017-04-09','2017-05-13','2017-05-24',3),(16337266,'徐原','1999-01-01','女','彝族','丽江市永胜县永北镇灵源南路南排101号',NULL,'计算机科学与技术',NULL,'2016-10-01','2017-01-01',NULL,NULL,'2017-09-17',NULL,'2018-09-12','2018-09-18','2018-09-24','2018-12-17','王丰 田晓晴',NULL,'2018-11-10',NULL,NULL,'2018-12-23',NULL,'',NULL,NULL,NULL,NULL,NULL,3),(16337268,'闫萌萌','1997-08-25','男','汉族','河北省石家庄市赞皇县赞皇镇南环路71号',NULL,'计算机科学与技术（超算）',NULL,NULL,'2017-09-18',NULL,NULL,'2018-03-20',NULL,NULL,NULL,NULL,NULL,'',NULL,NULL,NULL,NULL,NULL,NULL,'',NULL,NULL,NULL,NULL,NULL,3),(16337288,'叶梓豪','1997-09-01','男','汉','广东罗定',NULL,'计算机系',NULL,'2016-10-22','2016-09-10',NULL,NULL,'2017-03-14',NULL,'2018-03-12','2018-03-11','2018-03-16','2018-06-04','李绮婷、庄开鸿',NULL,'2018-05-12',NULL,NULL,'2018-06-05',NULL,'',NULL,NULL,NULL,NULL,NULL,5),(16337310,'张少帅','1997-09-27','男','汉','安徽省临泉县',NULL,'计算机系',NULL,'2016-10-20','2016-09-10',NULL,NULL,'2017-03-14',NULL,'2018-03-10','2018-03-09','2018-03-11','2018-06-08','童咏琳 薛昭力',NULL,'2018-05-12',NULL,NULL,'2018-06-08','2018-06-14','毛明志','2018-06-27','2018-07-10',NULL,NULL,NULL,2),(16337312,'张桐瑞','1998-07-13','男','满','吉林省长春市',NULL,'保密管理',NULL,'2017-09-22','2017-09-18',NULL,NULL,'2018-03-11',NULL,NULL,NULL,NULL,NULL,'',NULL,NULL,NULL,NULL,NULL,NULL,'',NULL,NULL,NULL,NULL,NULL,2),(16337327,'郑映雪','1998-01-07','女','汉','安徽省合肥市',NULL,'计算机系',NULL,'2016-10-20','2016-09-10',NULL,NULL,'2017-03-14',NULL,'2018-03-12','2018-03-11','2018-03-16','2018-12-15','李绮婷、庄开鸿',NULL,'2018-11-10',NULL,NULL,'2018-12-19',NULL,'',NULL,NULL,NULL,NULL,NULL,5),(16337343,'庄开鸿','1997-03-07','男','汉族','广东普宁',NULL,'计算机系',NULL,'2016-10-20','2015-03-17',NULL,NULL,'2015-04-18',NULL,'2016-04-21','2016-04-21','2016-04-24','2016-04-25','杨焕明，朱文旭',NULL,'2015-05-05',NULL,NULL,'2016-04-25','2016-06-17','纪光平','2016-06-23',NULL,'2017-03-25','2016-06-10','2017-06-27',5),(16338001,'董士凯','1998-04-28','男','汉','吉林白山',NULL,'信息安全（国防生）',NULL,NULL,'2016-09-25',NULL,NULL,'2016-09-21',NULL,NULL,'2016-09-21',NULL,NULL,'',NULL,NULL,NULL,NULL,NULL,NULL,'',NULL,NULL,NULL,NULL,NULL,4),(16338002,'高谦文','1998-12-02','男','汉','贵州贵阳',NULL,'信息安全',NULL,'2017-12-20','2017-09-15',NULL,NULL,'2018-03-16',NULL,NULL,NULL,NULL,NULL,'',NULL,NULL,NULL,NULL,NULL,NULL,'',NULL,NULL,NULL,NULL,NULL,4),(16338004,'侯胜强','1998-05-01','男','汉','广西永福',NULL,'信息安全（国防生）',NULL,NULL,'2016-09-25',NULL,NULL,'2018-03-19',NULL,NULL,NULL,NULL,NULL,'',NULL,NULL,NULL,NULL,NULL,NULL,'',NULL,NULL,NULL,NULL,NULL,4),(16338005,'蒋瑞杰','1998-08-07','男','汉','河南南阳',NULL,'信息安全（国防生）',NULL,NULL,'2016-09-25',NULL,NULL,NULL,NULL,NULL,NULL,NULL,NULL,'',NULL,NULL,NULL,NULL,NULL,NULL,'',NULL,NULL,NULL,NULL,NULL,4),(16338006,'蓝剑','1996-09-26','男','汉','广西玉林',NULL,'信息安全（国防生）',NULL,NULL,'2016-09-25',NULL,NULL,'2017-03-14',NULL,NULL,NULL,NULL,NULL,'',NULL,NULL,NULL,NULL,NULL,NULL,'',NULL,NULL,NULL,NULL,NULL,4),(16338007,'李厚衡','1997-07-15','男','汉','广西钦州',NULL,'信息安全（国防生）',NULL,NULL,'2016-09-25',NULL,NULL,NULL,NULL,NULL,NULL,NULL,NULL,'',NULL,NULL,NULL,NULL,NULL,NULL,'',NULL,NULL,NULL,NULL,NULL,4),(16338008,'李默程','1998-08-04','男','汉','天津蓟县',NULL,'信息安全',NULL,'2016-10-26','2016-11-16',NULL,NULL,'2018-03-19',NULL,'2018-03-15','2018-03-15','2018-03-16','2018-05-15','尹浩然、李泓健',NULL,'2018-05-12',NULL,NULL,'2018-06-07','2018-06-15','张庆辉','2018-06-27',NULL,NULL,NULL,NULL,4),(16338009,'刘杰','1996-10-18','男','汉','广西玉林',NULL,'信息安全（国防生）',NULL,NULL,'2016-09-25',NULL,NULL,'2018-03-19',NULL,'2018-03-15','2018-03-15','2018-03-16','2018-05-15','尹浩然、李泓健',NULL,'2018-05-12',NULL,NULL,'2018-06-07','2018-06-15','陈少梅','2018-06-27',NULL,NULL,NULL,NULL,4),(16338010,'刘旭','1997-10-26','男','汉','山东滨州',NULL,'信息安全（国防生）',NULL,'2016-10-26','2016-09-25',NULL,NULL,'2017-09-17',NULL,'2018-09-16','2018-09-15','2018-09-24','2018-11-12','曾志贤、徐汉涛',NULL,'2018-11-10',NULL,NULL,'2018-12-20',NULL,'',NULL,NULL,NULL,NULL,NULL,4),(16338011,'谭家明','1998-02-03','男','汉','山东威海',NULL,'信息安全（国防生）',NULL,NULL,'2016-09-25',NULL,NULL,'2018-03-19',NULL,'2018-03-15','2018-03-15','2018-03-16','2018-05-15','尹浩然、李泓健',NULL,'2018-05-12',NULL,NULL,'2018-06-07','2018-06-15','陈少梅','2018-06-27',NULL,NULL,NULL,NULL,4),(16338012,'王伟进','1998-07-19','男','汉','福建南平',NULL,'信息安全（国防生）',NULL,NULL,'2016-09-25',NULL,NULL,NULL,NULL,NULL,NULL,NULL,NULL,'',NULL,NULL,NULL,NULL,NULL,NULL,'',NULL,NULL,NULL,NULL,NULL,4),(16338013,'王旭生','1998-03-31','男','汉','陕西洛南',NULL,'信息安全（国防生）',NULL,NULL,'2016-09-25',NULL,NULL,'2017-03-14',NULL,NULL,NULL,NULL,NULL,'',NULL,NULL,NULL,NULL,NULL,NULL,'',NULL,NULL,NULL,NULL,NULL,4),(16338014,'王逸丰','1997-12-01','男','汉','河北保定',NULL,'信息安全（国防生）',NULL,NULL,'2016-09-25',NULL,NULL,'2017-03-19',NULL,NULL,NULL,NULL,NULL,'',NULL,NULL,NULL,NULL,NULL,NULL,'',NULL,NULL,NULL,NULL,NULL,4),(16338015,'肖越','1998-06-12','男','汉','湖北襄阳',NULL,'信息安全（国防生）',NULL,NULL,'2016-09-25',NULL,NULL,'2017-03-19',NULL,NULL,NULL,NULL,NULL,'',NULL,NULL,NULL,NULL,NULL,NULL,'',NULL,NULL,NULL,NULL,NULL,4),(16338016,'许广宇','1998-06-08','男','汉','山东聊城',NULL,'信息安全（国防生）',NULL,NULL,'2016-09-25',NULL,NULL,NULL,NULL,NULL,NULL,NULL,NULL,'',NULL,NULL,NULL,NULL,NULL,NULL,'',NULL,NULL,NULL,NULL,NULL,4),(16338017,'杨晓聪','1997-02-13','男','汉','广东鹤山',NULL,'信息安全',NULL,NULL,'2017-08-30',NULL,NULL,'2018-03-16',NULL,NULL,NULL,NULL,NULL,'',NULL,NULL,NULL,NULL,NULL,NULL,'',NULL,NULL,NULL,NULL,NULL,4),(16338020,'朱杰夫','1998-07-31','男','汉','江苏扬州',NULL,'信息安全（国防生）',NULL,NULL,'2016-09-25',NULL,NULL,NULL,NULL,NULL,NULL,NULL,NULL,'',NULL,NULL,NULL,NULL,NULL,NULL,'',NULL,NULL,NULL,NULL,NULL,4),(16339032,'卢嘉嘉','1998-04-24','女','汉','广东揭阳',NULL,'保密管理',NULL,'2017-09-22','2017-09-18',NULL,NULL,'2018-03-11',NULL,NULL,NULL,NULL,NULL,'',NULL,NULL,NULL,NULL,NULL,NULL,'',NULL,NULL,NULL,NULL,NULL,2),(16340033,'陈王','1999-01-01','男','汉',' 四川省平昌县',NULL,'保密管理',NULL,'2016-10-10','2017-03-07',NULL,NULL,'2017-09-17',NULL,NULL,NULL,NULL,NULL,'',NULL,NULL,NULL,NULL,NULL,NULL,'',NULL,NULL,NULL,NULL,NULL,2),(16340271,'杨丽君','1997-12-18','女','汉','湖北恩施',NULL,'保密管理',NULL,'2017-09-22','2017-09-18',NULL,NULL,'2018-03-11',NULL,NULL,NULL,NULL,NULL,'',NULL,NULL,NULL,NULL,NULL,NULL,'',NULL,NULL,NULL,NULL,NULL,2),(16341001,'白光程','1998-03-02','男','汉','甘肃武威',NULL,'软件工程',NULL,'2016-10-26','2016-11-16',NULL,NULL,NULL,NULL,NULL,NULL,NULL,NULL,'',NULL,NULL,NULL,NULL,NULL,NULL,'',NULL,NULL,NULL,NULL,NULL,4),(16341002,'曾晖','1999-07-27','男','汉','江西赣州',NULL,'软件工程',NULL,'2016-10-26','2016-11-16',NULL,NULL,NULL,NULL,NULL,NULL,NULL,NULL,'',NULL,NULL,NULL,NULL,NULL,NULL,'',NULL,NULL,NULL,NULL,NULL,4),(16341003,'陈大朋','1996-12-18','男','汉','重庆巫山',NULL,'软件工程',NULL,'2016-10-26','2016-11-16',NULL,NULL,'2017-09-17',NULL,NULL,NULL,NULL,NULL,'',NULL,NULL,NULL,NULL,NULL,NULL,'',NULL,NULL,NULL,NULL,NULL,4),(16341004,'贡江旭','1997-11-04','男','汉','江苏江阴',NULL,'软件工程',NULL,'2016-10-26','2016-11-16',NULL,NULL,NULL,NULL,NULL,NULL,NULL,NULL,'',NULL,NULL,NULL,NULL,NULL,NULL,'',NULL,NULL,NULL,NULL,NULL,4),(16341005,'谷雨','1998-06-23','男','汉','河北晋州',NULL,'软件工程',NULL,'2016-10-26','2016-11-16',NULL,NULL,NULL,NULL,NULL,NULL,NULL,NULL,'',NULL,NULL,NULL,NULL,NULL,NULL,'',NULL,NULL,NULL,NULL,NULL,4),(16341006,'谷运铨','1998-03-17','男','汉','浙江温州',NULL,'软件工程',NULL,'2016-10-26','2016-11-16',NULL,NULL,NULL,NULL,NULL,NULL,NULL,NULL,'',NULL,NULL,NULL,NULL,NULL,NULL,'',NULL,NULL,NULL,NULL,NULL,4),(16341007,'何枷瑜','1998-05-20','男','汉','广东茂名',NULL,'软件工程',NULL,'2016-10-26','2016-11-16',NULL,NULL,'2017-09-17',NULL,'2018-09-16','2018-09-15','2018-09-24','2018-11-12','曾志贤、徐汉涛',NULL,'2018-11-10',NULL,NULL,'2018-12-20',NULL,'',NULL,NULL,NULL,NULL,NULL,4),(16341008,'蒋侑伸','1998-08-30','男','汉','重庆',NULL,'软件工程',NULL,'2016-10-26','2016-11-16',NULL,NULL,'2017-09-17',NULL,NULL,NULL,NULL,NULL,'',NULL,NULL,NULL,NULL,NULL,NULL,'',NULL,NULL,NULL,NULL,NULL,4),(16341009,'李帅霖','1997-09-11','男','汉','四川成都',NULL,'软件工程',NULL,'2016-10-26','2016-11-16',NULL,NULL,'2018-03-18',NULL,NULL,NULL,NULL,NULL,'',NULL,NULL,NULL,NULL,NULL,NULL,'',NULL,NULL,NULL,NULL,NULL,4),(16341010,'李松','1997-09-07','男','汉','江西吉安',NULL,'软件工程',NULL,'2016-10-26','2016-11-16',NULL,NULL,NULL,NULL,NULL,NULL,NULL,NULL,'',NULL,NULL,NULL,NULL,NULL,NULL,'',NULL,NULL,NULL,NULL,NULL,4),(16341012,'梁钰波','1999-02-16','男','汉','广西梧州',NULL,'软件工程',NULL,'2016-10-26','2016-11-16',NULL,NULL,NULL,NULL,NULL,NULL,NULL,NULL,'',NULL,NULL,NULL,NULL,NULL,NULL,'',NULL,NULL,NULL,NULL,NULL,4),(16341013,'卢展程','1998-09-18','男','壮','广西上林',NULL,'软件工程',NULL,'2016-10-26','2016-11-16',NULL,NULL,NULL,NULL,NULL,NULL,NULL,NULL,'',NULL,NULL,NULL,NULL,NULL,NULL,'',NULL,NULL,NULL,NULL,NULL,4),(16341014,'马英帅','1998-09-16','男','汉','河北邯郸',NULL,'软件工程',NULL,'2016-10-26','2016-11-16',NULL,NULL,NULL,NULL,NULL,NULL,NULL,NULL,'',NULL,NULL,NULL,NULL,NULL,NULL,'',NULL,NULL,NULL,NULL,NULL,4),(16341015,'任浩博','1998-05-04','男','汉','河北张家口',NULL,'软件工程',NULL,'2016-10-26','2016-11-16',NULL,NULL,NULL,NULL,NULL,NULL,NULL,NULL,'',NULL,NULL,NULL,NULL,NULL,NULL,'',NULL,NULL,NULL,NULL,NULL,4),(16341016,'屠划','1998-10-29','男','汉','浙江乐清',NULL,'软件工程',NULL,'2016-10-26','2016-11-16',NULL,NULL,NULL,NULL,NULL,NULL,NULL,NULL,'',NULL,NULL,NULL,NULL,NULL,NULL,'',NULL,NULL,NULL,NULL,NULL,4),(16341017,'王港龙','1997-07-18','男','汉','重庆垫江',NULL,'软件工程',NULL,'2016-10-26','2016-11-16',NULL,NULL,NULL,NULL,NULL,NULL,NULL,NULL,'',NULL,NULL,NULL,NULL,NULL,NULL,'',NULL,NULL,NULL,NULL,NULL,4),(16341019,'吴庆','1997-08-19','男','苗','重庆秀山',NULL,'软件工程',NULL,'2016-10-26','2016-11-16',NULL,NULL,NULL,NULL,NULL,NULL,NULL,NULL,'',NULL,NULL,NULL,NULL,NULL,NULL,'',NULL,NULL,NULL,NULL,NULL,4),(16341020,'徐崧洋','1998-07-10','男','汉','四川泸州',NULL,'软件工程',NULL,'2016-10-26','2016-11-16',NULL,NULL,NULL,NULL,NULL,NULL,NULL,NULL,'',NULL,NULL,NULL,NULL,NULL,NULL,'',NULL,NULL,NULL,NULL,NULL,4),(16341022,'张恒瑞','1998-05-18','男','汉','河北邯郸',NULL,'软件工程',NULL,'2016-10-26','2016-11-16',NULL,NULL,'2018-09-20',NULL,NULL,NULL,NULL,NULL,'',NULL,NULL,NULL,NULL,NULL,NULL,'',NULL,NULL,NULL,NULL,NULL,4),(16341023,'周芙蓉','1997-04-11','男','汉','浙江杭州',NULL,'软件工程',NULL,'2016-10-26','2016-11-16',NULL,NULL,NULL,NULL,NULL,NULL,NULL,NULL,'',NULL,NULL,NULL,NULL,NULL,NULL,'',NULL,NULL,NULL,NULL,NULL,4),(16341024,'周翔宇','1998-09-09','男','汉','河南焦作',NULL,'软件工程',NULL,'2016-10-26','2016-11-16',NULL,NULL,NULL,NULL,NULL,NULL,NULL,NULL,'',NULL,NULL,NULL,NULL,NULL,NULL,'',NULL,NULL,NULL,NULL,NULL,4),(16341025,'朱满','1998-08-04','男','汉','河南南阳',NULL,'软件工程',NULL,'2016-10-26','2016-11-16',NULL,NULL,'2018-03-18',NULL,NULL,NULL,NULL,NULL,'',NULL,NULL,NULL,NULL,NULL,NULL,'',NULL,NULL,NULL,NULL,NULL,4),(16363015,'彭威',NULL,'男','','',NULL,'',NULL,'2018-10-22','2018-09-20',NULL,NULL,NULL,NULL,NULL,NULL,NULL,NULL,'',NULL,NULL,NULL,NULL,NULL,NULL,'',NULL,NULL,NULL,NULL,NULL,2),(17340002,'冯奕凯',NULL,'男','','',NULL,'',NULL,'2018-10-24','2018-09-07',NULL,NULL,NULL,NULL,NULL,NULL,NULL,NULL,'',NULL,NULL,NULL,NULL,NULL,NULL,'',NULL,NULL,NULL,NULL,NULL,2),(17340004,'韩京',NULL,'男','','',NULL,'',NULL,'2018-10-24','2018-09-05',NULL,NULL,NULL,NULL,NULL,NULL,NULL,NULL,'',NULL,NULL,NULL,NULL,NULL,NULL,'',NULL,NULL,NULL,NULL,NULL,2),(17340006,'黄康睿',NULL,'男','','',NULL,'',NULL,'2018-10-24','2018-09-07',NULL,NULL,NULL,NULL,NULL,NULL,NULL,NULL,'',NULL,NULL,NULL,NULL,NULL,NULL,'',NULL,NULL,NULL,NULL,NULL,2),(17340008,'李佳黛',NULL,'男','','',NULL,'',NULL,'2018-10-24','2018-09-06',NULL,NULL,NULL,NULL,NULL,NULL,NULL,NULL,'',NULL,NULL,NULL,NULL,NULL,NULL,'',NULL,NULL,NULL,NULL,NULL,2),(17340010,'刘莉红','1999-08-05','女','汉','四川省成都市',NULL,'保密管理',NULL,'2017-10-22','2017-09-24',NULL,NULL,'2018-03-11',NULL,NULL,NULL,NULL,NULL,'',NULL,NULL,NULL,NULL,NULL,NULL,'',NULL,NULL,NULL,NULL,NULL,2),(17340012,'任双寅','1998-12-11','男','汉','安徽省芜湖市',NULL,'保密管理',NULL,'2017-10-22','2017-09-24',NULL,NULL,'2018-03-11',NULL,NULL,NULL,NULL,NULL,'',NULL,NULL,NULL,NULL,NULL,NULL,'',NULL,NULL,NULL,NULL,NULL,2),(17340015,'唐炳鑫',NULL,'男','','',NULL,'',NULL,'2018-10-24','2018-10-19',NULL,NULL,NULL,NULL,NULL,NULL,NULL,NULL,'',NULL,NULL,NULL,NULL,NULL,NULL,'',NULL,NULL,NULL,NULL,NULL,2),(17340016,'唐璐瑶','1999-07-05','女','汉','河南省新郑市',NULL,'保密管理',NULL,'2017-10-22','2017-09-24',NULL,NULL,'2018-09-20',NULL,NULL,NULL,NULL,NULL,'',NULL,NULL,NULL,NULL,NULL,NULL,'',NULL,NULL,NULL,NULL,NULL,2),(17340017,'王诗游','1999-04-16','女','汉','广东省中山市',NULL,'保密管理',NULL,'2017-10-22','2017-09-24',NULL,NULL,'2018-03-11',NULL,NULL,NULL,NULL,NULL,'',NULL,NULL,NULL,NULL,NULL,NULL,'',NULL,NULL,NULL,NULL,NULL,2),(17340019,'王雅君','1999-01-11','女','汉','内蒙古赤峰市',NULL,'保密管理',NULL,'2017-10-22','2017-09-24',NULL,NULL,'2018-09-20',NULL,NULL,NULL,NULL,NULL,'',NULL,NULL,NULL,NULL,NULL,NULL,'',NULL,NULL,NULL,NULL,NULL,2),(17340022,'熊书扬','0199-08-24','女','汉','河南省信阳市',NULL,'保密管理',NULL,'2017-10-22','2017-09-24',NULL,NULL,'2018-09-20',NULL,NULL,NULL,NULL,NULL,'',NULL,NULL,NULL,NULL,NULL,NULL,'',NULL,NULL,NULL,NULL,NULL,2),(17340024,'闫静雅','1999-08-14','女','汉','河南省许昌市',NULL,'保密管理',NULL,'2017-10-22','2017-09-24',NULL,NULL,'2018-03-11',NULL,NULL,NULL,NULL,NULL,'',NULL,NULL,NULL,NULL,NULL,NULL,'',NULL,NULL,NULL,NULL,NULL,2),(17341061,'黄勇','1997-11-01','男','汉','陕西省商洛市山阳县漫川关镇李家坪村红星组','+8613242870462','计算机类',NULL,'2017-10-20','2016-01-18',NULL,NULL,'2016-02-28',NULL,'2017-03-08','2017-03-08','2017-03-14','2017-05-18','汪绍银 席永红','2017-03-14','2017-05-18',NULL,NULL,'2017-05-19','2017-05-25','席永红','2017-06-20','2017-06-30','2018-05-03','2018-07-18','2020-06-27',1),(17341073,'蓝靖瑜','1999-01-22','男','汉','广东省东莞市虎门镇丰泰华园山庄9栋5D','+8615626261384','计算机类','2013-02-15','2017-09-01','2017-12-22',NULL,NULL,'2018-09-22',NULL,NULL,NULL,NULL,NULL,'',NULL,NULL,NULL,NULL,NULL,NULL,'',NULL,NULL,NULL,NULL,NULL,1),(17341074,'蓝煜航','1999-09-06','男','畲','福建省上杭县民兴路七巷11号','+8613246863236','信息安全','2011-05-04','2017-11-20','2018-03-16',NULL,NULL,'2018-09-22',NULL,NULL,NULL,NULL,NULL,'',NULL,NULL,NULL,NULL,NULL,NULL,'',NULL,NULL,NULL,NULL,NULL,1),(17341095,'廖德洋','1997-10-27','男','汉族','','','计算机类',NULL,'2017-10-20','2018-03-21',NULL,NULL,'2018-09-22',NULL,NULL,NULL,NULL,NULL,'',NULL,NULL,NULL,NULL,NULL,NULL,'',NULL,NULL,NULL,NULL,NULL,1),(17341096,'廖浩淳','1999-08-27','男','汉族','广东省深圳市龙岗区南湾街道南晶小区二栋1609','+8613510088509','计算机类','2013-05-04','2017-10-20','2018-03-21',NULL,NULL,'2018-09-22',NULL,NULL,NULL,NULL,NULL,'',NULL,NULL,NULL,NULL,NULL,NULL,'',NULL,NULL,NULL,NULL,NULL,1),(17341097,'廖永滨','1999-02-05','男','汉族','广东省汕头市潮南区司马浦镇司下五村渠东6号','+8613825811770','计算机类','2013-03-01','2017-10-20','2018-03-21',NULL,NULL,'2018-09-22',NULL,NULL,NULL,NULL,NULL,'',NULL,NULL,NULL,NULL,NULL,NULL,'',NULL,NULL,NULL,NULL,NULL,1),(17341099,'廖泽祥','1998-08-26','男','汉族','汕头市潮阳区贵屿镇下陇村泰安路1号','','计算机类',NULL,'2017-10-20','2018-03-21',NULL,NULL,'2018-09-22',NULL,NULL,NULL,NULL,NULL,'',NULL,NULL,NULL,NULL,NULL,NULL,'',NULL,NULL,NULL,NULL,NULL,1),(17341105,'刘晨飞','1999-12-01','男','汉','黑龙江省牡丹江市新港小区','+8615013045485','计算机类',NULL,'2017-10-20','2018-03-21',NULL,NULL,'2018-09-22',NULL,NULL,NULL,NULL,NULL,'',NULL,NULL,NULL,NULL,NULL,NULL,'',NULL,NULL,NULL,NULL,NULL,1),(17341114,'刘雨萱','1999-07-22','女','汉族','河北省唐山市路北区幸福花园','+8613242870068','信息安全','2012-12-09','2018-03-21','2018-03-21',NULL,NULL,'2018-09-22',NULL,NULL,NULL,NULL,NULL,'',NULL,NULL,NULL,NULL,NULL,NULL,'',NULL,NULL,NULL,NULL,NULL,1),(17341117,'卢曼宁','1999-06-29','女','汉','广西南宁市纬武路区直机关干休所','+8613977188261','计算机类','2014-12-01','2018-03-27','2018-03-27','2018-04-01',NULL,NULL,NULL,NULL,NULL,NULL,NULL,NULL,NULL,NULL,NULL,NULL,NULL,NULL,NULL,NULL,NULL,NULL,NULL,NULL,1),(17341120,'罗镜泉','1998-02-23','男','汉族','广东省汕头市濠江区礐石街道澳头村',NULL,'计算机类',NULL,NULL,'2018-09-09',NULL,NULL,NULL,NULL,NULL,NULL,NULL,NULL,'',NULL,NULL,NULL,NULL,NULL,NULL,'',NULL,NULL,NULL,NULL,NULL,3),(17341121,'吕子豪','1999-11-01','男','汉族','河北省邢台市桥东高开区',NULL,'计算机类',NULL,NULL,'2018-09-08',NULL,NULL,NULL,NULL,NULL,NULL,NULL,NULL,'',NULL,NULL,NULL,NULL,NULL,NULL,'',NULL,NULL,NULL,NULL,NULL,3),(17341133,'谯琬山','1999-01-27','女','汉族','四川省广安市广安区建新街1号7幢',NULL,'计算机类',NULL,NULL,'2018-09-08',NULL,NULL,NULL,NULL,NULL,NULL,NULL,NULL,'',NULL,NULL,NULL,NULL,NULL,NULL,'',NULL,NULL,NULL,NULL,NULL,3),(17341135,'沈圣智','1999-09-16','男','汉族','山东省菏泽市太原路',NULL,'计算机类',NULL,NULL,'2017-09-22',NULL,NULL,'2018-03-20',NULL,NULL,NULL,NULL,NULL,'',NULL,NULL,NULL,NULL,NULL,NULL,'',NULL,NULL,NULL,NULL,NULL,3),(17341136,'时文程','1998-11-20','男','汉族','安徽省合肥市庐江县石头镇黄蜀山村山塘村民组 16号',NULL,'计算机类',NULL,'2017-10-22','2018-05-16',NULL,NULL,NULL,NULL,NULL,NULL,NULL,NULL,'',NULL,NULL,NULL,NULL,NULL,NULL,'',NULL,NULL,NULL,NULL,NULL,3),(17341141,'谭湘濛','2000-08-05','女','汉族','湖南省衡阳市祁东县上正街149号',NULL,'计算机类',NULL,NULL,'2018-09-09',NULL,NULL,NULL,NULL,NULL,NULL,NULL,NULL,'',NULL,NULL,NULL,NULL,NULL,NULL,'',NULL,NULL,NULL,NULL,NULL,3),(17341152,'王亚宁','1998-12-20','男','汉族','安徽省宿州市萧县酒店乡孟武楼村',NULL,'计算机类',NULL,NULL,'2018-09-11',NULL,NULL,NULL,NULL,NULL,NULL,NULL,NULL,'',NULL,NULL,NULL,NULL,NULL,NULL,'',NULL,NULL,NULL,NULL,NULL,3),(17341155,'王永康','1999-01-22','男','汉族','江西省赣州市南康区塔凹',NULL,'计算机类',NULL,'2017-10-01','2018-03-08',NULL,NULL,'2018-09-20',NULL,NULL,NULL,NULL,NULL,'',NULL,NULL,NULL,NULL,NULL,NULL,'',NULL,NULL,NULL,NULL,NULL,3),(17341157,'王梓翰','1998-10-23','男','汉族','四川省南部县上河城4栋',NULL,'计算机类',NULL,'2017-10-01','2017-09-26',NULL,NULL,'2018-09-20',NULL,NULL,NULL,NULL,NULL,'',NULL,NULL,NULL,NULL,NULL,NULL,'',NULL,NULL,NULL,NULL,NULL,3),(17341160,'吴飚','1998-10-19','男','汉族','广东省高州市宝光街道红花车田村28号',NULL,'计算机类',NULL,'2017-10-01','2017-10-19',NULL,NULL,'2018-09-20',NULL,NULL,NULL,NULL,NULL,'',NULL,NULL,NULL,NULL,NULL,NULL,'',NULL,NULL,NULL,NULL,NULL,3),(17341161,'吴慧','1999-10-01','女','汉族','江西省赣州市南康区锦绣城',NULL,'计算机类',NULL,'2017-10-01','2018-03-05',NULL,NULL,'2018-09-20',NULL,NULL,NULL,NULL,NULL,'',NULL,NULL,NULL,NULL,NULL,NULL,'',NULL,NULL,NULL,NULL,NULL,3),(17341163,'吴坎','1999-06-21','男','汉族','安徽省铜陵市五环国际22栋602室',NULL,'计算机类',NULL,'2017-10-01','2017-10-09',NULL,NULL,'2018-09-20',NULL,NULL,NULL,NULL,NULL,'',NULL,NULL,NULL,NULL,NULL,NULL,'',NULL,NULL,NULL,NULL,NULL,3),(17341167,'吴治锋','1998-08-21','男','汉族','广东省潮州市湘桥区城新西路新南一街5号',NULL,'计算机类',NULL,NULL,'2018-05-29',NULL,NULL,NULL,NULL,NULL,NULL,NULL,NULL,'',NULL,NULL,NULL,NULL,NULL,NULL,'',NULL,NULL,NULL,NULL,NULL,3),(17341169,'席子怡','2000-06-24','女','汉族','山西省临汾市尧都区段店乡孟家庄村北东西路南三路三号',NULL,'计算机类',NULL,NULL,'2018-09-13',NULL,NULL,NULL,NULL,NULL,NULL,NULL,NULL,'',NULL,NULL,NULL,NULL,NULL,NULL,'',NULL,NULL,NULL,NULL,NULL,3),(17341171,'谢崇谦','1998-08-18','男','汉族','广东省中山市石岐区东盛花园映-居22幢501房',NULL,'计算机类',NULL,'2018-03-28','2018-03-09',NULL,NULL,'2018-09-20',NULL,NULL,NULL,NULL,NULL,'',NULL,NULL,NULL,NULL,NULL,NULL,'',NULL,NULL,NULL,NULL,NULL,3),(18339002,'陈家博',NULL,'男','','',NULL,'',NULL,'2018-10-22','2018-09-29',NULL,NULL,NULL,NULL,NULL,NULL,NULL,NULL,'',NULL,NULL,NULL,NULL,NULL,NULL,'',NULL,NULL,NULL,NULL,NULL,2),(18339008,'李小曼',NULL,'男','','',NULL,'',NULL,NULL,'2019-03-05',NULL,NULL,NULL,NULL,NULL,NULL,NULL,NULL,'',NULL,NULL,NULL,NULL,NULL,NULL,'',NULL,NULL,NULL,NULL,NULL,2),(18339010,'李优',NULL,'男','','',NULL,'',NULL,'2018-10-22','2018-09-19',NULL,NULL,NULL,NULL,NULL,NULL,NULL,NULL,'',NULL,NULL,NULL,NULL,NULL,NULL,'',NULL,NULL,NULL,NULL,NULL,2),(18339025,'张一准',NULL,'男','','',NULL,'',NULL,'2018-10-22','2018-10-01',NULL,NULL,NULL,NULL,NULL,NULL,NULL,NULL,'',NULL,NULL,NULL,NULL,NULL,NULL,'',NULL,NULL,NULL,NULL,NULL,2),(18340060,'黄涵','1999-08-18','男','汉','湖北省来凤县旧司镇都司村4组17号','+8615172834322','计算机类','2015-05-04','2018-10-19','2018-12-25',NULL,NULL,NULL,NULL,NULL,NULL,NULL,NULL,'',NULL,NULL,NULL,NULL,NULL,NULL,'',NULL,NULL,NULL,NULL,NULL,1),(18340069,'黄轩腾','2000-08-15','男','汉','福建省漳州市芗城区国道南上街农业银行304','+8615059633159','计算机类','2013-11-01','2018-10-19','2018-10-10','2018-11-11',NULL,NULL,NULL,NULL,NULL,NULL,NULL,NULL,NULL,NULL,NULL,NULL,NULL,NULL,NULL,NULL,NULL,NULL,NULL,NULL,1),(18340075,'黄卓燊','1999-10-03','男','汉','广州市番禺区市桥大北路康富花园业兴大厦3座301','+8613286836183','计算机类','2014-01-19','2018-10-19','2018-10-12','2018-11-11',NULL,NULL,NULL,NULL,NULL,NULL,NULL,NULL,NULL,NULL,NULL,NULL,NULL,NULL,NULL,NULL,NULL,NULL,NULL,NULL,1),(18340076,'黄子聿','2000-02-13','男','汉','广州市黄埔区越秀岭南山畔6栋3103','+8613660101182','计算机类',NULL,'2018-10-19','2018-10-10','2018-11-11',NULL,NULL,NULL,NULL,NULL,NULL,NULL,NULL,NULL,NULL,NULL,NULL,NULL,NULL,NULL,NULL,NULL,NULL,NULL,NULL,1),(18340120,'刘业畅','1999-07-18','男','汉族','河南省商丘市夏邑县火店乡火店北街学校巷621号',NULL,'计算机类',NULL,'2018-10-23','2017-08-01',NULL,NULL,NULL,NULL,NULL,NULL,NULL,NULL,'',NULL,NULL,NULL,NULL,NULL,NULL,'',NULL,NULL,NULL,NULL,NULL,3);
/*!40000 ALTER TABLE `info_member` ENABLE KEYS */;
UNLOCK TABLES;

--
-- Table structure for table `info_school`
--

DROP TABLE IF EXISTS `info_school`;
/*!40101 SET @saved_cs_client     = @@character_set_client */;
/*!40101 SET character_set_client = utf8 */;
CREATE TABLE `info_school` (
  `id` int(11) NOT NULL AUTO_INCREMENT,
  `name` varchar(50) NOT NULL,
  PRIMARY KEY (`id`),
  UNIQUE KEY `name` (`name`)
) ENGINE=InnoDB AUTO_INCREMENT=2 DEFAULT CHARSET=utf8;
/*!40101 SET character_set_client = @saved_cs_client */;

--
-- Dumping data for table `info_school`
--

LOCK TABLES `info_school` WRITE;
/*!40000 ALTER TABLE `info_school` DISABLE KEYS */;
INSERT INTO `info_school` VALUES (1,'数据科学与计算机学院');
/*!40000 ALTER TABLE `info_school` ENABLE KEYS */;
UNLOCK TABLES;

--
-- Table structure for table `teaching_activity`
--

DROP TABLE IF EXISTS `teaching_activity`;
/*!40101 SET @saved_cs_client     = @@character_set_client */;
/*!40101 SET character_set_client = utf8 */;
CREATE TABLE `teaching_activity` (
  `id` int(11) NOT NULL AUTO_INCREMENT,
  `name` varchar(100) NOT NULL,
  `date` datetime(6) NOT NULL,
  `end_time` datetime(6) NOT NULL,
  `credit` double NOT NULL,
  `visualable_others` tinyint(1) NOT NULL,
  `atv_type` varchar(10) NOT NULL,
  `cascade` tinyint(1) NOT NULL,
  PRIMARY KEY (`id`),
  UNIQUE KEY `teaching_activity_name_date_8b93b872_uniq` (`name`,`date`)
) ENGINE=InnoDB AUTO_INCREMENT=11 DEFAULT CHARSET=utf8;
/*!40101 SET character_set_client = @saved_cs_client */;

--
-- Dumping data for table `teaching_activity`
--

LOCK TABLES `teaching_activity` WRITE;
/*!40000 ALTER TABLE `teaching_activity` DISABLE KEYS */;
INSERT INTO `teaching_activity` VALUES (1,'组织生活会','2019-01-03 20:00:00.000000','2019-01-03 20:40:00.000000',1,0,'集中学习',1),(4,'学习强国APP学习','2019-02-26 00:00:00.000000','2019-02-28 23:59:00.000000',0.1,0,'个人自学',0),(6,'组织生活会','2019-02-27 21:00:00.000000','2019-02-27 22:00:00.000000',1,0,'集中学习',0),(8,'学习强国APP学习','2019-03-01 00:00:00.000000','2019-05-31 23:59:00.000000',0.2,0,'个人自学',0),(9,'习近平三十讲','2019-03-04 00:00:00.000000','2019-03-31 23:59:00.000000',0.5,0,'个人自学',0),(10,'大学生服务外包讲座','2019-03-05 14:00:00.000000','2019-03-05 16:00:00.000000',2,1,'集中教育',1);
/*!40000 ALTER TABLE `teaching_activity` ENABLE KEYS */;
UNLOCK TABLES;

--
-- Table structure for table `teaching_activity_branch`
--

DROP TABLE IF EXISTS `teaching_activity_branch`;
/*!40101 SET @saved_cs_client     = @@character_set_client */;
/*!40101 SET character_set_client = utf8 */;
CREATE TABLE `teaching_activity_branch` (
  `id` int(11) NOT NULL AUTO_INCREMENT,
  `activity_id` int(11) NOT NULL,
  `branch_id` int(11) NOT NULL,
  PRIMARY KEY (`id`),
  UNIQUE KEY `teaching_activity_branch_activity_id_branch_id_ac2e2548_uniq` (`activity_id`,`branch_id`),
  KEY `teaching_activity_branch_branch_id_f5603176_fk_info_branch_id` (`branch_id`),
  CONSTRAINT `teaching_activity_br_activity_id_f5ddd2e9_fk_teaching_` FOREIGN KEY (`activity_id`) REFERENCES `teaching_activity` (`id`),
  CONSTRAINT `teaching_activity_branch_branch_id_f5603176_fk_info_branch_id` FOREIGN KEY (`branch_id`) REFERENCES `info_branch` (`id`)
) ENGINE=InnoDB AUTO_INCREMENT=11 DEFAULT CHARSET=utf8;
/*!40101 SET character_set_client = @saved_cs_client */;

--
-- Dumping data for table `teaching_activity_branch`
--

LOCK TABLES `teaching_activity_branch` WRITE;
/*!40000 ALTER TABLE `teaching_activity_branch` DISABLE KEYS */;
INSERT INTO `teaching_activity_branch` VALUES (1,1,1),(4,4,1),(6,6,1),(8,8,1),(9,9,1),(10,10,1);
/*!40000 ALTER TABLE `teaching_activity_branch` ENABLE KEYS */;
UNLOCK TABLES;

--
-- Table structure for table `teaching_sharing`
--

DROP TABLE IF EXISTS `teaching_sharing`;
/*!40101 SET @saved_cs_client     = @@character_set_client */;
/*!40101 SET character_set_client = utf8 */;
CREATE TABLE `teaching_sharing` (
  `id` int(11) NOT NULL AUTO_INCREMENT,
  `when` datetime(6) NOT NULL,
  `title` varchar(100) DEFAULT NULL,
  `impression` longtext NOT NULL,
  `added` tinyint(1) NOT NULL,
  `member_id` int(11) NOT NULL,
  PRIMARY KEY (`id`),
  KEY `teaching_sharing_member_id_660ef371_fk_info_member_netid` (`member_id`),
  CONSTRAINT `teaching_sharing_member_id_660ef371_fk_info_member_netid` FOREIGN KEY (`member_id`) REFERENCES `info_member` (`netid`)
) ENGINE=InnoDB AUTO_INCREMENT=352 DEFAULT CHARSET=utf8;
/*!40101 SET character_set_client = @saved_cs_client */;

--
-- Dumping data for table `teaching_sharing`
--

LOCK TABLES `teaching_sharing` WRITE;
/*!40000 ALTER TABLE `teaching_sharing` DISABLE KEYS */;
INSERT INTO `teaching_sharing` VALUES (9,'2019-02-28 15:25:16.492425','去年国家资助学生超9800万人次 资助金额超2000亿元','苦什么不能苦孩子穷什么不能穷教育，资助贫困家庭学生顺利完成学业，是教育脱贫攻坚工作的重要组成部分，是阻断贫困代际传递的治本之策。',1,17341114),(10,'2019-02-28 16:21:06.885988','国务院台湾事务办公室2月27日例行新闻发布会','制度不同，不是统一的障碍，更不是分裂的借口。“一国两制”的提出，本来就是为了照顾台湾现实情况，维护台湾同胞利益福祉。',1,15336121),(11,'2019-02-28 20:19:17.942179','习近平为第五批全国干部学习培训教材作序 要求加快推进马克思主义学习型政党学习大国建设','我们党依靠学习创造了历史，更要依靠学习创造未来。要加快推进建设马克思主义学习型政党，学习大国建设，坚持把学习习近平新时代社会主义思想作为重中之重。善于学习，就是善于进步，党的历史经验和现实发展告诉我们，没有全党大学习，没有干部大培训，就没有事业大发展。面对伟大斗争，伟大工程，伟大事业，伟大梦想的波澜',1,18340069),(12,'2019-02-28 20:25:46.610130','栗战书同人大代表座谈：认真履行宪法法律赋予职责','人大代表作为国家权力机关的组成人员，在我国的经济、政治与其他方面的社会生活中，发挥着重要作用。全国和地方各级人大代表，代表人民的利益和意志，依照宪法和法律赋予本级人大的各项职权，参加行使国家权力。人民代表大会在国家政权体系中处于主导和中心地位，是整个政权体系的基础。人民代表大会重大作用的发挥，依赖于',1,17341117),(13,'2019-02-28 20:29:23.879468','长江经济带三大城市群的“对话”：串起万里黄金水道的新使命','推动长江经济带发展，是党中央、国务院主动适应把握引领经济发展新常态、科学谋划中国经济新棋局作出的既利当前又惠长远的重大决策部署，对于实现“两个一百年”奋斗目标和中华民族伟大复兴的中国梦，具有重大现实意义和深远历史意义。牢固树立“创新、协调、绿色、开放、共享”的发展理念始终贯穿在长江经济带建设中，坚持',1,17341117),(14,'2019-02-28 20:36:08.652839','人民日报评论：把党的政治建设摆在首位','把党的政治建设应摆在首位，有利于维持党的活力、保持党的纯洁。近几年来党重拳反腐，一批“老虎”、“苍蝇”先后落马，体现了党反腐的决心、为人民服务的初心。',1,18340075),(15,'2019-02-28 20:37:00.471498','习近平：在新的起点上深化国家监察体制改革','深化国家监察体制改革是贯彻党的十九大精神、健全党和国家监督体系的重要部署，是推进国家治理体系和治理能力现代化的一项重要改革。抓贪官是治标，改革体制是治本，坚持标本兼治，方能巩固扩大反腐败斗争成果，将权力关进制度的笼子中',1,17341099),(17,'2019-02-28 20:40:45.481641','钟声：“中国绿”为地球添生机','我国大力推进生态文明建设，为世界环境保护事业作出了自己的贡献。为自己负责，也为世界负责，这是大国风范。中国绿，值得我们点赞。',1,18340075),(18,'2019-02-28 21:01:34.610875','每日金句|习近平论人才资源的重要性','如今中国特色社会主义进入了新时代，这是我国发展新的历史方位。面对新的国际形势，我国原有的粗放型发展方式已经不能适应新时代的要求，我们必须走实现创新型发展道路，而实现创新型发展，人才资源已成为最重要的战略资源，人才在综合国力竞争中越来越具有决定性意义',1,17341114),(19,'2019-02-28 21:11:33.643309','习近平总书记重要讲话引发两岸社会深思“一国两制”','两岸的和平统一是所有中华同胞共同的心愿，在新的历史起点上，大陆与台湾的联系的进一步加深是大势所趋。坚持一国两制，坚持九二共识，制度不同不是分裂的借口，只有合力探求友好的发展方式，促进统一才是富国强国、赢得未来的道路',1,17341097),(23,'2019-02-28 21:24:45.831620','《求是》杂志发表习近平总书记重要文章《在新的起点上深化国家监察体制改革》','深化国家监察体制改革的目标是构建集中统一、权威高效的国家监察体系，形成以党内监督为主、其他监督相贯通的监察合力。坚持推进国家监察体制改革，保证公权力的正确行使，促进干部为人民做实事。',1,16337174),(26,'2019-02-28 21:47:56.364831','长江经济带三大城市群的“对话”：串起万里黄金水道的新使命','自推动长江经济带发展座谈会召开以来，三年的时间内，三大长江流域城市群在不断探索如何实现长江经济带最大效益，城市之间慢慢形成产业合作、共同繁荣的发展模式，实践证明只有共享共建、转变传统产业才能实现高质量发展。',1,16337174),(27,'2019-02-28 21:57:16.780510','重点领域改革向纵深推进 进一步激发微观主体活力','进一步推进高质量发展，不单单只是追求gdp总值，而且健康全面的深度发展。在不破坏绿水青山的前提下，让企业与经济快速切稳步的发展，创造更有意义的金山银山！以增强微观主体活力为重点，推动相关改革走深走实，深刻领会高质量发展内涵。同时加强人才培养，因为人才资源是第一资源，也是创新活动中最为活跃、最为积极的',1,18340060),(28,'2019-03-01 08:00:10.423276','康震讲《唐诗宋词的风骨气韵》之《芙蓉楼送辛渐》','即景生情，寓情于景，含蓄蕴藉，韵味无穷。自比冰壶，表达自己开朗胸怀和坚强性格。我觉得老师讲的十分好！',1,17341114),(29,'2019-03-01 08:53:19.886900','防范化解各领域重大风险，习近平有明确要求','总书记在讲话中提出全党要增强“四个意识”、坚定“四个自信”、做到“两个维护”，自觉在思想上政治上行动上同党中央保持高度一致，要养成防患未然的忧患意识。如果我们不学时政就容易迷失方向，就好比不学业务不会说行话，不敢想就不敢干，这样永远无法成功。',1,17341074),(30,'2019-03-01 09:06:15.280621','全国红色故事讲解员大赛集中展示活动在上海举行','“传承红色基因，弘扬革命精神”。在当今社会，许多人的思想受到当下流行文化，国外不符我国国情文化等冲击，造成了价值观上的一些歪曲，如前段时间摸黑革命英雄历史事迹等事件。全国红色故事讲解员大赛的举办，无疑是对广大民众普及红色故事、用红色故事感染人们的绝佳机会',1,17341073),(31,'2019-03-01 09:37:52.887509','习近平：在新的起点上深化国家监察体制改革','深化国家监察体制改革是贯彻党的十九大精神、健全党和国家监督体系的重要部署，是推进国家治理体系和治理能力现代化的一项重要改革。这一举措有利于党对反腐败工作的统一领导，有利于对公权力监督的全覆盖，有利于坚持标本兼治、巩固扩大反腐败斗争成果。',1,18340069),(32,'2019-03-01 11:45:49.369749','长江经济带三大城市群的“对话”：串起万里黄金水道的新使命','一条大江，将全国大约40%的人口紧密的联系在了一起。川渝，鄂，江浙沪皖，这三大城市群，拥有雄厚的经济的基础。曾经他们各自发展自己的经济，进行竞争比拼，经济发展得到了高速发展，而如今中国已经进入了新时期，曾经的发展方式似乎已经不完全适合。各个省市之间，应该合作起来互帮互助！最为典型的即是川渝由曾经的相背而行，到如今的互帮互助，重庆利用自己直辖市的优势帮助四川贫困人口，增加收入。四川则利用自己资源丰富的优势为重庆提供原料！相信长江流域在这样的氛围下会更好更快的发展',1,18340060),(33,'2019-03-01 16:20:13.201703','反家庭暴力法实施三周年 越来越多的家暴受害者敢于求助','家暴现象往往受到陈腐落后的观念影响。反家庭暴力法对家庭暴力的清晰界定和对家庭暴力零容忍的鲜明态度，使社会公众不再单纯地把家庭暴力视为不可言说的家庭丑事和家庭私事。受害者要敢于维权，且掌握搜集证据等手段。而对于社会公众，每个人都应知道自己有权中止家暴，敢于和善于遏制暴力言行和协助受害者。',1,17341099),(34,'2019-03-01 16:23:55.166236','江西省委宣传部黄璜问：如何从网络大国迈向网络强国？','信息时代的到来，网络技术对强国有着至关重要的作用，对于政治建设更有巨大作用。中国网民数量庞大，活用网络，对科技，对民生都有巨大的帮助。',1,17341097),(35,'2019-03-01 18:28:28.281576','集中力量支持深度贫困地区脱贫攻坚——一份来自全国人大常委会专题调研组的报告','2020年要实现全面小康，剩下一千六百多万贫困人口，是一件不容易的事。要做到真脱贫，越往后困难就越大，扶贫难度递增，返贫几率递增。但是我觉得，越是到最后关键时刻，越是会有更多的人会参与到扶贫事业中，实现全部贫困人口脱贫也会更有希望。',1,18340075),(36,'2019-03-01 19:00:05.923601','农业农村部：扶持小农户 发展现代农业','推动小农户的现代化改造，实现小农户与现代化农业接轨，更有利于提高乡村发展建设质效，加快乡村振兴步伐。尤其是在当下农村青壮年多在城市务工，老弱妇幼成为农业生产主力的前提下，加快小农户与现代化农业衔接的意义则更为重大。',1,17341117),(37,'2019-03-01 19:04:40.799525','全国红色故事讲解员大赛集中展示活动在上海举行','红色文化蕴涵了党在长期领导中国革命与建设的伟大实践中所创造和积累的丰富历史经验，包括重要革命纪念地、纪念物、标志物及其所承载的革命历史、革命精神等，其中包含的革命历史、革命传统精神和党的理想信念等都是对广大党员开展党性教育的独特资源',1,17341117),(38,'2019-03-01 21:09:18.604589','习近平在中央党校（国家行政学院）中青年干部培训班开班式上发表重要讲话','培养选拔优秀年轻干部是一件大事，关乎党的命运、国家的命运、民族的命运、人民的福祉，是百年大计。政治上的坚定、党性上的坚定都离不开理论上的坚定。这就要求我们加强理论学习，掌握和运用辩证唯物主义和历史唯物主义，掌握贯穿其中的马克思主义立场、观点、方法，深入认识共产党执政规律、社会主义建设规律、人类社会发展规律。',1,18340069),(39,'2019-03-01 21:13:57.070057','新时代全面依法治国的根本遵循','依法治国对国家的发展有着极为重要的意义。法律时刻保障着人民的切身利益。普及法律知识，健全法律体制，让制度更优，让人民法律意识更深，对营造和谐社会大环境十分重要。学法知法，从群众起。',1,17341097),(40,'2019-03-02 13:21:00.809360','31省份2018年GDP出炉 18地增速跑赢全国','在过去的2018年中，我国的GDP总值在整体上仍然是处于稳定增长的形式！值得一提的事广东省与江苏省两省以九万亿的GDP总值领跑全国，将第三名的山东省远远甩到身后。同时，东西部的差距仍然很大，但是从增长速率西部地区的速率快于东部地区，由此看来东西部差距正在不断地缩小。中国正在向更好的方向发展',1,18340060),(46,'2019-03-02 14:36:09.334076','全军部队贯彻落实习近平主席全国两会重要讲话精神纪实','近年来，人民军队不断实现历史性的跨越。聚焦强军目标，踏上强军兴军新征程，人民军队取得历史性成就、发生历史性变革，国防和军队建设进入新时代。人民军队正以时不我待、只争朝夕的紧迫感和使命感，朝着实现党在新时代的强军目标、全面建成世界一流军队阔步前行。',1,18340076),(47,'2019-03-02 14:49:19.088686','习近平：在新的起点上深化国家监察体制改革','深化国家监察体制改革是推进国家治理体系和治理能力现代化的一项重要改革。目前，我国监察体制改革已初显成效。因此，更要进一步深化改革，完善纪检监察体制机制，使制度更加完善有效。',1,18340076),(48,'2019-03-02 15:06:52.669585','人民日报评论：年轻干部要加强理论修养 不断修炼自我','“一年之计，莫如树谷；十年之计，莫如树木；终身之计，莫如树人。”实现中华民族伟大复兴，坚持和发展中国特色社会主义，关键在党，关键在人，归根到底在培养造就一代又一代可靠接班人，时代的接力棒最终要交接到我们这一代青年的手里。我们要强化自我修炼、自我约束、自我学习。我们应该深刻学习习近平新时代中国特色社会主义思想，时时对照、躬身践行，才能不断自我完善、自我提高。',1,17341074),(49,'2019-03-02 18:14:54.264111','每日金句|习近平论理论学习','要紧密结合新时代新实践，紧密结合思想和工作实际，有针对性地重点学习，多思多想、学深悟透，知其然又知其所以然。实事求是，与时俱进，是党的指导思想活的灵魂',1,15336121),(50,'2019-03-02 18:42:41.246299','全军部队贯彻落实习近平主席全国两会重要讲话精神纪实','军队是国家的守卫者，寄托着全国人民的期望，同时军人更是全国人民心灵的一处港湾，他们既背负着护国职责，更是有着道德重任。全军部队贯彻习近平总书记全国两会重要讲话精神，既是为了提高军人们整体素质，也让人民对于军队更加信任',1,17341073),(51,'2019-03-02 19:24:53.592219','中央政治局同志向党中央和习近平总书记述职','近期，中央政治局通知按规定向党中央和习近平总书记书面述职。十九届重要政治局要履行好党和人民赋予的历史责任，永葆共产党人的政治本色，也要锐意进取，攻坚克难，为全党做好示范和表率。',1,18340069),(52,'2019-03-03 11:52:45.513634','每日金句|习近平论社会主义协商民主的发展方向','人民政协的政治协商是中国共产党领导的多党合作的重要体现，是党和国家实行科学民主决策的重要环节，是党提高执政能力的重要途径。把政治协商纳入决策程序，就国家和地方的重要问题在决策之前和决策执行过程中进行协商，是政治协商的重要原则。',1,15336121),(53,'2019-03-03 12:10:29.560518','2019年铁路春运收官 发送旅客首次突破4亿人次','春运一直是每年春节期间的热点话题，随着12306的普及，越来越多的人选择铁路方式出行，这一方面显示了我国高铁网建设的成果，同时也带来了巨大的挑战。在春节期间，我们可以明显的看见铁路部门采取的措施，如武警值守，开设绿色通道等，充分响应了为人民服务的号召',1,17341073),(54,'2019-03-03 13:25:28.326031','奋进 向着第一个百年奋斗目标——写在2019年全国两会召开之际','时至建国70周年，距离我国的第一个百年计划越来越近，党中央和地方干部在不断地加强国家建设，精准扶贫工作仍在不断地激烈的进行着，在最后的一年里如何将精准扶贫工作做好做实又是一门深刻的话题，如何让全国的全面小康如约而至，就看这关键的一年！我相信，在全国人民的一致努力下，一定可以实现',1,18340060),(55,'2019-03-03 13:38:56.256351','习近平为第五批全国干部学习培训教材作序 要求加快推进马克思主义学习型政党学习大国建设','党的历史经验和现实发展都告诉我们，我们依靠学习创造了历史，更要依靠学习走向未来。所以要求全党要加快推进马克思主义学习型政党、学习大国建设，坚持把学习贯彻新时代中国特色社会主义思想作为重中之重。只有思想跟上去了，才能实现跟上时代前进步伐、跟上事业发展需要。',1,17341074),(56,'2019-03-03 19:35:07.315565','以习近平同志为核心的党中央引领中国改革开放迈入新天地',']改革开放是中国共产党在社会主义初级阶段基本路线的两个基本点之一。中共十一届三中全会以来进行社会主义现代化建设的总方针、总政策，是强国之路，是党和国家发展进步的活力源泉，深化改革开放需坚持社会主义方向。',1,17341117),(57,'2019-03-03 19:35:00.000000','每日金句|习近平论社会主义协商民主的发展方向','竞争、对抗性的民主机制并不是实现民主的唯一方式，协商、合作性的民主机制同样可以成为发展中国家的民主政治模式，这是中国对人类民主政治文明发展的重大贡献，我国的协商民主既关注决策的结果，又关注决策的过程，从而拓宽了民主的深度；协商民主既关注多数人的意见，又关注少数人的意见，从而拓宽了民主的广度。',1,17341117),(59,'2019-03-03 19:58:19.418105','涨知识！一文告诉你两会那些事儿','两会是中国社会主义制度实现的根基之一。要实现人民民主，就要充分发挥两会的重要作用。依法治国，让工人阶级参与进来，实现社会主义事业的进步。关注人民群众的心声，中国将越来越强大！',1,17341097),(60,'2019-03-03 20:01:11.309504','我国规划新一代长征火箭型谱，重型火箭将于2030年首飞','时代在发展，在进步。科技力量始终是衡量一个国家综合国力强弱的一个重要因素。中国要富强，就要加大力度发展科技。我们也能看到，在这些年来，中国科技实力的强大！科技强国，我看行！',1,17341097),(61,'2019-03-03 20:52:24.071163','以习近平同志为核心的党中央引领中国改革开放迈入新天地','实践是发展的，改革不可能毕其功于一役、一劳永逸。新时期已经从以经济体制改革为主，转变为全面深化经济、政治、文化、社会、生态文明体制和党的建设制度改革。全面深化改革的重大部署，既是改革历史发展的必然逻辑，更是现实发展的客观需要，是我们党应对新情况、新挑战，克服各种困难和风险，大力推进中国特色社会主义事业，全面建成小康社会，进而实现中国梦的重大举措。',1,16337174),(62,'2019-03-03 21:02:53.603191','习近平：在新的起点上深化国家监察体制改革','深化国家监察体制改革，要以新时代中国特色社会主义思想为指导，坚持目标导向，坚持问题导向，继续把纪检监察体制改革推向前进。“善禁者，先禁其身而后人；不善禁者，先禁人而后身。”，广大纪检监察干部要做党和人民的忠诚卫士，坚定理想信念，提高政治能力，加强自我约束，在遵纪守法、严于律己上作表率。',1,16337191),(64,'2019-03-03 21:08:06.103940','十三届全国人大二次会议京外代表团抵京侧记：带着民意和信心而来','人大代表们陆续抵京，代表人民的心声开启新一年的人大之旅。习主席曾说过，有一批基层人民担任人大代表，是我国社会主义制度的优势。正是因为有这样的优势，人民的归属感不断提升，人大会议越来越让人民期待。',1,18340075),(65,'2019-03-03 21:12:15.746767','习近平在中央党校（国家行政学院）中青年干部培训班开班式上发表重要讲话','优秀的年轻干部关乎着党的命运、国家的命运、民族的命运、人民的福祉，是百年大计。习近平强调干部要全面系统、及时跟进、深入思考学习，坚定理想信念，牢记党的初心和使命，并且不断提升自己的党性修养、道德水平，在工作中坚持知行合一、敢于担当。',1,16337174),(66,'2019-03-03 21:40:32.677315','习近平：加强党对全面依法治国的领导','依规治党深入党心，依法治国才能深入民心。执法部门代表的是人民利益，决不能成为家族势力、黑恶势力的保护伞。近年来，司法机关依法纠正了呼格吉勒图案、聂树斌案、念斌案等一批冤假错案，受到广大群众好评。中国走向世界，以负责任大国参与国际事务，必须善于运用法治。在对外斗争中，我们要拿起法律武器，占领法治制高点，敢于向破坏者、搅局者说不。',1,16337191),(67,'2019-03-03 21:53:49.402309','奋进 向着第一个百年奋斗目标——写在2019年全国两会召开之际','两会将部署全年的工作，对基层工作者来说，最强的力量就是说到做到，最好的落实就是一抓到底从。春天出发，加满油，把稳舵，鼓足劲，在以习近平同志为核心的党中央坚强领导下，中国人民必将书写新的时代华章。',1,17341099),(69,'2019-03-03 22:45:17.397549','习近平等党和国家领导人出席全国政协十三届二次会议开幕会','今天政协开幕，全国政协委员将认真履行职责，广泛凝心聚力，强化使命担当，为决胜全面建成小康社会、夺取新时代中国特色社会主义伟大胜利作出新的更大贡献。',1,18340076),(73,'2019-03-04 18:29:09.247651','以习近平同志为核心的党中央引领中国改革开放迈入新天地','党的十一届三中全会是划时代的，开启了改革开放和社会主义现代化建设的历史新时期，党的十八届三中全会也是划时代的，开启了全面深化改革，系统整体设计推进改革的新时代，开创了我国改革开放的新局面。以习近平同志为核心的党中央站在更高起点，相继推出一系列具有重大历史意义和现实意义的改革举措，全面深化改革沿着既定方向一往无前。宏伟目标指引前进方向，新时代的召唤催人奋进，我们誓将改革开放进行到底。',1,18340069),(74,'2019-03-04 18:34:13.040847','习近平在中央党校（国家行政学院）中青年干部培训班开班式上发表重要讲话','党的性质反映了党的特征，党性是一个立场问题，党性并不等于阶级性。革命导师列宁就指出：严格的党性是高度发展的阶级斗争的随行者和结果。党性要求在对事要做任何估计时，都必须直率而公开地站到一定社会集团的立场上。这就要求共产党员的立场，旗帜要鲜明，要坚信共产主义。',1,17341117),(75,'2019-03-04 18:35:48.011104','习近平：在新的起点上深化国家监察体制改革','国家监察体制改革是全面从严治党、实现党内监督与人民监督有机结合的需要。只有坚持全面从严治党，集中有效的反腐败力量，才能从根本上解决腐败问题。推进国家监察体制改革，特别是设置国家监察委员会，是全面从严治党的需要。',1,17341117),(76,'2019-03-04 18:43:46.540793','我国农村承包地确权登记颁证基本完成','做到真正的民族复兴，切实为人民服务，关键在农村，此举有助于维护农民的合法权益，减少占地、荒地等不良现象的发生，也有助于打压当地黑势力的气焰，在实现基本完成后，仍需继续推进工作，争取早日全面完成',1,17341073),(77,'2019-03-04 18:49:32.954544','以习近平同志为核心的党中央引领中国改革开放迈入新天地','改革开放每一步都不是轻而易举的，未来必定会面临这样那样的风险挑战，甚至会遇到难以想象的惊涛骇浪。全面深化改革作为一项复杂的系统工程，不可能走一步看一步，也不可能胡子眉毛一把抓，更不可能头痛医头、脚痛医脚，必须统筹谋划，探索行之有效的思路和打法。党的十八届三中全会翻开了以勇气为桨、以创新为帆，长风破浪的改革新篇，用成功实践彰显出其划时代的伟大意义。',1,17341096),(78,'2019-03-04 18:49:45.696795','人民日报评论：坚持知行合一 主动担当作为','根据习近平总书记在中青年干部会议上的讲话，我深刻体会到要实现中华民族伟大复兴，绝不是轻轻松松、敲锣打鼓就能实现的。时时刻刻提醒自己要牢记空谈误国、实干兴邦的道理，坚持知行合一、真抓实干，做实干家。所谓的坚持知行合一， 主动担当作为，扛起责任与使命。',1,17341074),(79,'2019-03-04 18:49:45.707321','习近平等党和国家领导人出席全国政协十三届二次会议开幕会','今年的政协报告展现了新时代人民政协的新面貌新气象，过去的一年中，政协全面贯彻中共十九大精神，推动各项工作取得新进展。今年是新中国成立70周年，也是人民政协成立70周年，相信政协将会为全面建设小康社会、实现中华民族伟大复兴中国梦贡献更大的力量！',1,16337174),(80,'2019-03-04 18:49:54.659850','供给侧结构性改革再迎“提质升级” 重点领域有望破局','未来在推进供给侧结构性改革的过程中，要增加改革的针对性、灵活性、有效性和精准性，更多满足市场、用户、消费者的个性化、多元化、差异化需求，使得供给侧结构性改革具备持续长久推动经济增长的能力。',1,17341096),(81,'2019-03-04 18:54:57.349112','新华社评论：会上看承诺，会后重落实','两会期间，数场“部长通道”采访活动备受关注。凝聚民心、彰显决心、增强信心，两会继续开通部长级工作。会上看承诺，会后看落实。不少去年全国两会“部长通道”上的承诺得到了兑现。相信这种改革的体质建设将继续带来新愿景、新承诺，为共创更加美好的未来展现新作为。',1,17341074),(82,'2019-03-04 18:56:51.394155','听总书记讲新时代学雷锋','社会在发展进步，但雷锋精神却永远不会过时。雷锋精神是崇高的，有时代意义的。如果每个人都能学习雷锋精神，将奉献精神，将爱心给予他人，社会会越来越美好。',1,17341097),(83,'2019-03-04 19:03:34.227887','听总书记讲新时代学雷锋','在现代社会雷锋精神依旧有着深刻的社会价值，志愿活动尤其体现这种精神，作为社会贡献的前行者和引领者，充分践行了社会主义核心价值体系，是社会的宝贵财富',1,16337112),(84,'2019-03-04 19:04:11.339582','重要事业、重要战线！习近平谈文艺、社科工作','文艺事业是党和人民的重要事业，实现中华民族的伟大复兴需要发挥文艺和文艺工作者的重要作用。在国家着力构建中国特色哲学社会科学的同时文艺工作者也需要做真善美的追求者和传播者，自觉与人民同呼吸共命运。',1,16337112),(85,'2019-03-04 19:08:23.453768','钟声：读懂中国与世界共同发展的内在逻辑','中国的日益强盛使得在经济全球化的环境下，越来越多的国际人士聚焦中国，试图从中国的发展策略、治国理念中寻找启示。在决胜全面建成小康社会第一个百年奋斗目标的关键之年，中国必将向世界展现出巨大的潜力，为推动世界经济发展贡献力量。',1,16337174),(86,'2019-03-04 19:09:01.563235','第一讲：习近平新时代中国特色社会主义思想是党和国家必须长期坚持的指导思想','随着中国的发展与富强，中国特色社会主义的道路也在不断延伸，其思想内涵也在不断丰富与发展。中国特色社会主义取得的成就大家有目共睹，只有坚持下去，才是实现中华民族伟大复兴的正确道路。而要发展下去，就要坚持以民为本，为人民谋求福利。我相信，睡着制度的不断完善，中国的社会主义之路将越走越好！',1,17341097),(87,'2019-03-04 19:14:11.968998','第一讲：习近平新时代中国特色社会主义思想是党和国家必须长期坚持的指导思想','必须长期坚持习近平新时代中国特色社会主义思想、坚持用习近平新时代中国特色社会主义思想武装全党是灵魂，应该成为我们重要的思想武器，要贯穿在其他每个部分中。坚持用习近平新时代中国特色社会主义思想武装全党是有实际含义的，包含进一步解放思想的要求。',1,16337106),(88,'2019-03-04 19:15:32.554138','第八讲：以人民为中心是新时代坚持和发展中国特色社会主义根本立场','第八讲，即强调坚持以人民为中心。其中提到，人民对美好生活的向往，就是我们奋斗的目标。这是站稳了人民的立场，这也是立党为公，执政为民的体现。同时提到要依靠人民来实现伟大事业，这是尊重人民的主体地位，保持党同人民群众的联系，是我党突出的经验与优势。',1,16337106),(89,'2019-03-04 19:18:32.567345','这六年，习近平两会上的暖心话','什么地方人民感觉不幸福、不快乐、不满意，我们就在哪方面下功夫；   这是中国共产党人对广大人民群众的承诺，从这几年的实际行动中，我们发现共产党人做到了！在中国共产党人的领导下，中国这片土地上将会处处充满阳光，到处都是快乐，幸福！！习近平主席句句暖心话，句句深入人心！让人民群众感受到了党的温馨！',1,18340060),(90,'2019-03-04 19:31:02.430159','第三讲：实现中华民族伟大复兴是近代以来中华民族最伟大的梦想','中华民族伟大复兴绝不是轻轻松松就能实现的，需要群众，人民，党各方面的不懈努力。中国梦，决不仅仅是梦，是一种期许，是未来，是中华民族的希望。东方已然破晓，红日初升，其道大光，河出伏流，一泻汪洋，怀梦想走向远方，中国能行！即便未来不可预料，我们依旧 —— 选择希望 (ง •̀_•́)ง',1,17341097),(91,'2019-03-04 19:54:45.952039','代表委员话经济：创造新供给满足新需求','促进形成强大国内市场，是未来我国经济增长的重要亮点与动力所在。一大批创新成果为实现高质量发展提供了强有力的科技支撑。我们要把握好机遇，坚持创新驱动、转型升级，迈向高质量发展。',1,18340076),(92,'2019-03-04 20:03:05.814569','钟声：读懂中国与世界共同发展的内在逻辑','中国仅仅用了十几年就取得了其他国家一百多年才能去得的发展成就。在全世界也发挥着越来越重要的作用。国际社会期待从两会中读懂中国与世界共同发展的内在逻辑，从中国理念、中国智慧中探寻破解时代难题的信心与启示。',1,18340076),(93,'2019-03-04 20:06:25.959709','第一讲：习近平新时代中国特色社会主义思想是党和国家必须长期坚持的指导思想','什么是中国特色社会主义思想？新时代中国特色社会主义思想,是对马克思列宁主义、毛泽东思想、邓小平理论、  “三个代表”重要思想、科学发展观的继承和发展,是马克思主义中国化最新成果,是党和人民实践经验和集体智慧的结晶,是中国特色社会主义理论体系的重要组成部分,是全党全国人民为实现中华民族伟大复兴而奋斗的行动指南,必须长期坚持并不断发展。新时代，新时期，中国面临着新的矛盾，新的困难，中国共产党人将继续领导中国人民走向全面小康，同时中国也正在一步一步的建设一带一路，并且表态，中国愿意让各个国家搭乘中国高速发...',1,18340060),(94,'2019-03-04 20:16:21.736944','第一讲：习近平新时代中国特色社会主义思想是党和国家必须长期坚持的指导思想','习近平新时代中国特色社会主义思想来源于实践的艰辛探索和积累，系统回答了“新时代坚持和发展什么样的中国特色社会主义、怎样坚持和发展中国特色社会主义”这样一个重大时代课题。党的十八大以来，我们党以巨大的政治勇气和强烈的责任担当，提出一系列新理念新思想新战略，出台一系列重大方针政策，推出一系列重大举措，推进一系列重大工作，解决了许多长期想解决而没有解决的难题，办成了许多过去想办而没有办成的大事，推动党和国家事业发生历史性变革，彰显出习近平新时代中国特色社会主义思想的巨大力量。今后，全党的重大政治任务就是学...',1,16337191),(95,'2019-03-04 20:26:10.754682','第一讲：习近平新时代中国特色社会主义思想是党和国家必须长期坚持的指导思想','习近平新时代中国特色社会主义思想是在中国特色社会主义进入新时代、科学社会主义迈向新阶段、当今世界历经新变局、我们党面临执政新考验的历史条件下形成和发展起来的。是党和国家必须长期坚持的指导思想和马克思主义中国化的最新成果。坚持这一思想可适应国情做出政策指导方针，促进国家进一步发展。',1,16337112),(96,'2019-03-04 20:26:31.536710','第二讲：坚持和发展中国特色社会主义是当代中国发展进步的根本方向','把国家建设成社会主义强国，坚持发展中国特色社会主义是一项长期任务，中国特色社会主义进入新时代意味着中华民族伟大复兴的光明前景。我们需要坚持习近平新时代中国特色社会主义思想，全面贯彻党的基本理论、路线和方略，坚定文化自信、理论自信，不断提高党和国家事业发展水平、马克思主义理论水平、社会现代化建设水平。',1,16337112),(97,'2019-03-04 21:49:26.916049','第一讲：习近平新时代中国特色社会主义思想是党和国家必须长期坚持的指导思想','习近平新时代中国特色社会主义思想，是党和人民实践经验和集体智慧的结晶，内涵十分丰富，包括新时代坚持和发展中国特色社会主义的总目标、总任务、总体布局、战略布局和发展方向、发展方式、发展动力、战略步骤、外部条件、政治保证等方面的基本问题，对中国社会的方方面面和党的建设等各个方面作出理论分析和政策指导，是党和国家必须长期坚持的指导思想。',1,16337174),(98,'2019-03-04 22:03:24.134731','辽宁打造新时代学雷锋高地','雷锋是时代的楷模，雷锋精神是永恒的。实现中华民族伟大复兴，需要更多时代楷模。我们既要学习雷锋的精神，也要学习雷锋的做法，把崇高理想信念和道德品质追求转化为具体行动，体现在平凡的工作生活中，作出自己应有的贡献，把雷锋精神代代传承下去。',1,17341099),(99,'2019-03-04 22:05:13.614512','第二讲：坚持和发展中国特色社会主义是当代中国发展进步的根本方向','经过长期探索，我们已经找到一条适合中国国情的正确发展道路，中国特色社会主义是中国共产党和中国人民团结的旗帜、奋进的旗帜、胜利的旗帜。一个国家的发展道路合不合适，只有这个国家的人民才最有发言权。改革开放以来，党团结带领全国各族人民，高举中国特色社会主义伟大旗帜，不懈奋斗，推动我国经济实力、科技实力、国防实力、综合国力进入世界前列，推动我国国际地位实现前所未有的提升，中华民族正以崭新姿态屹立于世界的东方。只要我们紧紧依靠13亿多中国人民，坚定不移走自己的路，我们就一定能战胜一切艰难险阻，不断取得新的成绩...',1,16337191),(100,'2019-03-04 22:30:17.987424','第二讲：坚持和发展中国特色社会主义是当代中国发展进步的根本方向','中国特色社会主义思想是党和人民经过长期努力奋斗，取得的宝贵成果。改革开放以来，党和国家取得一切成绩和进步的根本原因，归结起来就是：开辟了中国特色社会主义道路，形成了中国特色社会主义理论体系，确立了中国特色社会主义制度，发展了中国特色社会主义文化，这是中国特色社会主义的根本标志。习近平强调“一切向前走，都不能忘记走过的路……面向未来，面对挑战，全党同志一定要不忘初心、继续前进”，我们要更加自觉地坚定这四个方面的自信，即道路自信、理论自信、制度自信、文化自信。',1,16337174),(101,'2019-03-04 22:47:59.535015','120倍偿还50年前欠款 浙江乌镇98岁“诚信奶奶”冒雨还债','人无信不立。诚信是做人的基本准则，失去诚信，人就无法在社会立足;拥有诚信，就拥有了立足之本。国无信无以自强。国家机构、国家领导也要处处以诚信为本，不弄虚作假，不负人民期望。如此人民更有幸福感，国家更富盛强。',1,18340075),(102,'2019-03-04 23:01:11.254675','我国今年计划发射8-10颗北斗导航卫星','我国北斗系统的不断完善、不断进步，一方面体现我国对自研技术的重视，另一方面体现我国日益进步的科研力量。钻研自主知识产权的技术，不再依赖外国，是我国迈向科技强国的必经之路，也是中华民族伟大复兴的必由之路。相信在未来的5G时代，我们会有更多属于自己的技术，自力更生迈向未来。',1,18340075),(103,'2019-03-04 23:11:26.972937','第一讲：习近平新时代中国特色社会主义思想是党和国家必须长期坚持的指导思想','每个时代都需要引领性的思想理论。习总书记的思想是在马克思列宁主义，毛泽东思想，邓小平理论，三个代表重要思想科学发展观的基础上从2013年开始逐步建立完善起来的，直到2017年底才基本成型，有了自己的内核。新时代理论突出体现了与时俱进，不断前进的理念。必须长期坚持新时代中国特色社会主义思想，这样中国特色社会主义道路才会越走越好',1,17341105),(104,'2019-03-04 23:15:22.052430','第二讲：坚持和发展中国特色社会主义是当代中国发展进步的根本方向','历史已经证明无论是君主立宪制还是民主共和制都不适合中国的发展。无论是洋务运动，戊戌变法，辛亥革命，还是照搬照抄苏联的社会主义制度，都救不了中国。只有坚持和发展中国特色社会主义，才是中国发展进步的根本方向。只有坚持“四个自信”，不忘初心，继续前进，我们的国家才能迅速发展，更快走向社会主义现代化',1,17341105),(105,'2019-03-04 23:57:36.116885','听总书记讲新时代学雷锋','积小善为大善，善莫大焉，这和我们党‘为人民服务’‘做人民勤务员’是一脉相承的，所以雷锋精神永远值得弘扬。”党的宗旨是为人民服务，雷锋精神完美阐释了党的宗旨，是我们所有人值得学习的。',1,15336121),(106,'2019-03-05 00:07:54.745128','第一讲：习近平新时代中国特色社会主义思想是党和国家必须长期坚持的指导思想','任何一种思想的确立，都有其内在的理论逻辑。作为马克思主义中国化最新成果和中国共产党人新的行动指南，习近平新时代中国特色社会主义思想更是一个集时代性、原创性与系统性于一体的科学体系。习近平新时代中国特色社会主义指导思想的逐步完善让中国特色社会主义制度进一步发展，我们应始终高举中国特色社会主义的旗帜，坚定不移地走中国特色社会主义，坚持党的领导，我们才能实现中华民族的伟大复兴，建成富强民主文明和谐美丽的社会主义工业化强国',1,15336121),(107,'2019-03-05 00:15:54.490026','第二讲：坚持和发展中国特色社会主义是当代中国发展进步的根本方向','只有社会主义才能救中国，只有坚持和发展中国特色社会主义才能实现中华民族伟大复兴。坚持和发展中国特色社会主义是改革开放以来党的全面理论和实践的主题，是当代中国发展进步的根本方向。习近平总书记指出，中国特色社会主义是党和人民长期奋斗、创造、积累的根本成就。经过长期努力，中国特色社会主义进入了新时代，这是我国发展新的历史方位。新时代新作风，中国特色社会主义进入了新的历史时期并不是说我们要改变我们的道路，而是应该继续坚持和发展中国特色社会主义，继续坚持党的领导',1,15336121),(108,'2019-03-05 11:53:32.643423','风正帆悬——人民政协 70年再出发','2019年，人民政协将迎来70周年华诞，要把加强思想政治引领、广泛凝聚共识作为履职工作的中心环节，加强各党派团体、各族各界人士大团结大联合，担负起把中共中央对人民政协工作的要求落实下去、把海内外中华儿女实现中华民族伟大复兴中国梦的智慧和力量凝聚起来的政治责任，以优异成绩迎接新中国成立70周年。',1,18340069),(109,'2019-03-05 11:55:21.991497','代表委员畅谈新中国七十年辉煌历程：可爱的中国（社会建设篇）','新中国成立七十年来，党和国家始终坚持在发展中保障和改善民生，全面推进幼有所育、学有所教、劳有所得、病有所医、老有所养、住有所居、弱有所扶，不断改善人民生活、增进人民福祉。全面建成小康社会惠及十几亿人口，是实现中华民族伟大复兴的重要基础和关键一步，是每一个中国人的幸福所在、责任所在。',1,17341074),(110,'2019-03-05 11:56:07.798583','为党和人民继续前进提供强大精神激励——全国政协文艺界社科界委员畅谈聆听习近平总书记讲话心得','习近平总书记指出:一切优秀文艺工作者的艺术生命都源于人民，一切优秀文艺创作都为了人民。当今时代文艺作品必须具有振奋人心、催人奋进的力量。那些优秀的文艺作品代表着时代进步的思想，理应再次吹响了以文化自信为底蕴、以伟大灵魂和作品为动力，为党和人民继续前进提供强大精神激励的进军号角。',1,17341074),(111,'2019-03-05 11:56:52.780399','国务院办公厅关于成立中国国际进口博览会组委会的通知','国务院办公厅着手组建中国国际进口博览会组委会，标志着在经济全球化、货物互通往来的当下，我国政府积极融入时代潮流，并争做时代领航员的决心，此次国际进口博览会组委会的组建，将推动落实我们国家邀请其他国家、地区和国际组织参展，也有助于提升我国的国际地位',1,17341073),(112,'2019-03-05 11:58:12.082831','第二十九讲：努力掌握马克思主义思想方法和工作方法','“八个坚持”的思想方法和工作方法是对习近平总书记强调的思维方法的发展，实事求是、问题导向与调查研究其实是一回事，搞清楚“实事”要认真调查研究，“求是”才能解决问题，实事求是的方法在于不断解放思想，解放思想的实质是厚今薄古，讲发展必须讲马克思主义中国化的其他成果，他们的历史使命已经完成，有益成分已经吸收到新思想中，讲思想武装与指导实践必须明确强调新思想。',1,16337106),(113,'2019-03-05 11:58:22.222864','第二十七讲：促进“一带一路”国际合作','方略论是新思想的主要内容，其他各讲共同构成方略论，其中包括理念论以及各方面建设内容，具体剖析如下。理念论除了新发展理念还包括全面深化改革、全面开放、法治国家，这些都具有指导思想的意义。值得注意的是，由全面扩大开放到形成全面开放新格局的提法是重要变化。',1,16337106),(114,'2019-03-05 20:10:07.445075','习近平：在新的起点上深化国家监察体制改革','党的十八大以来对国家监察体制进行了改革，党对反腐败工作的统一领导加群，进一步实现了对公权利监督的全覆盖，坚持了标本兼治，巩固扩大了反腐斗争成果。',1,16337112),(115,'2019-03-05 20:10:30.037055','习近平：加强党对全面依法治国的领导','党的十八大以来，提出一系列全面依法治国新理念新思想新战略，明确了全面依法治国的指导思想、发展道路、工作布局、重点任务，是马克思主义法治思想中国化的最新成果，是全面依法治国的根本遵循，必须长期坚持、不断丰富发展。',1,16337112),(116,'2019-03-05 20:11:38.892555','第三讲：实现中华民族伟大复兴是近代以来中华民族最伟大的梦想','中国共产党人的初心和使命就是为中国人民谋幸福、为中国民族谋复兴。中国共产党是为人民谋利益的政党，具有统一的动员组织能力，积累了实现中华民族伟大复习的丰富经验，义务反顾肩负起中华民族伟大复兴的历史使命。我们也要为实现国家富强、民族振兴、人民幸福而努力奋斗。',1,16337112),(117,'2019-03-05 20:12:07.609672','第四讲：党和国家事业历史性、根本性的变革和成就','面对世界经济持续低迷，发展不均衡、不可持续问题突出，国内经济“三期叠加”，十八大以来党和国家事业进行了历史性变革，有效提高了国家机构依法履职能力，有效促进了社会公平正义，维护了人民群众合法权益，显著增强了党运用法律手段和治理国家的能力。',1,16337112),(118,'2019-03-05 22:34:45.790200','以精品奉献人民，用明德引领风尚','科技进步和创新是增强综合国力的决定性因素，世界范围内的竞争、综合国力的竞争，关键是科学技术的竞争，教育是培养人才的基础，对经济和发展具有先导性、全局性，增强创新能力关系到中华民族的兴衰存亡，创新是一个民族的灵魂，是一个国家兴旺发达的不竭动力。',1,17341117),(119,'2019-03-05 22:35:10.996409','【央视快评】与人民心心相印 与人民团结奋斗','中国人民的伟大团结精神是在历史继承中形成的，这种历史继承既包括对中国传统文化的继承，也包括对马克思主义和中国共产党在实践中形成的红色文化的传承。传承好伟大团结精神需要有伟大目标指引、伟大道路落实和伟大政党带领。发展好伟大精神要继续推动党的伟大团结、人民的伟大团结和民族的伟大团结。',1,17341117),(120,'2019-03-05 22:36:06.601614','为党和人民继续前进提供强大精神激励——全国政协文艺界社科界委员畅谈聆听习近平总书记讲话心得','文艺作品的创作与时代的发展息息相关，好的文艺作品能够代表一个时代的风貌，引领一个时代的风气，烙下时代的印记。文艺工作者应该铭记以人民为中心，创作接地气的好作品，真正用心弘扬中国特色社会主义新时代的伟大精神。',1,16337174),(121,'2019-03-05 22:36:18.519138','【央视快评】与人民心心相印 与人民团结奋斗','我们党一直强调人民当家做主，而党也始终坚持人民的主体地位，坚持为人民服务。过去的一年，十三届全国人大及其常委会，坚持党的领导，为人民认真履职，推进了社会各行各业的立法工作，密切联系群众，广纳群言，实现了良好开局。',1,16337174),(122,'2019-03-05 22:51:17.811035','听总书记讲新时代学雷锋','雷锋精神，人人可学；奉献爱心，处处可为。积小善为大善，善莫大焉。当有人需要帮助时，大家搭把手、出份力，社会将变得更加美好。这和我们党\"为人民服务’‘做人民勤务员’是一脉相承的，所以雷锋精神永远值得弘扬。',1,17341096),(124,'2019-03-06 00:03:41.748677','助推经济高质量发展 新型基建将是2019年投资重点','做好顶层设计和政策协调，避免出现盲目建设、重复建设甚至是恶性竞争的情况；要着力引入民间资本参与新型基础设施建设，形成多元化的投融资体系，并加快探索新型基础设施建设的商业可持续模式，做到风险可控。',1,17341096),(125,'2019-03-06 08:17:04.283660','图解|政府工作报告@所有人：2019年一起实现这些“小目标”！','3月5日国务院总理李克强代表国务院向十三届全国人大二次会议作政务工作报告，提出了对2019年的工作期望，并整理出了若干个小目标，对于普通人民群众而言以往许多国家发展目标是脱离生活的数据，此番将总目标拆分成若干个小目标，能更好的激发人们的积极性，增加工作效率',1,17341073),(126,'2019-03-06 09:14:41.163479','以精品奉献人民，用明德引领风尚','从习近平总书记提出的希望，我深刻的感悟到一个国家、一个民族不能没有灵魂。文化文艺工作、哲学社会科学工作就属于培根铸魂的工作，在党和国家全局工作中居于十分重要的地位，在新时代坚持和发展中国特色社会主义中具有十分重要的作用。总书记希望大家承担记录新时代、书写新时代、讴歌新时代的使命，勇于回答时代课题。这也是我们为之努力奋斗的目标。',1,17341074),(127,'2019-03-06 09:19:20.407150','【央视快评】与人民心心相印 与人民团结奋斗','全国人大代表大会观点提出要增强政治观念、法治观念、群众观念，履行宪法法律赋予的职责，发挥来自人民、植根人民的特点，接地气、察民情、聚民智，激扬人民情怀，反映人民心声。由衷提出必须坚持国家一切权力属于人民，坚持人民主体地位，支持和保证人民通过人民代表大会行使国家权力。要广纳群言，广谋良策，广聚共识，找到最大公约数，形成最大凝聚力。',1,17341074),(128,'2019-03-06 09:24:06.895767','第四讲：党和国家事业历史性、根本性的变革和成就','中国的发展经历了许多的困难与挫折，社会主义事业开展也面临过许多困难。但是，党和人民群众从未轻言放弃。在确立了中国特色社会主义路线后，在纠正了一些错误后，中国的发展令世人震惊。航空，海洋，农业，信息业，中国发挥着越来越重要的作用，经济影响力影响国际。我相信，中华复兴指日可待！',1,17341097),(129,'2019-03-06 10:16:41.382261','以精品奉献人民，用明德引领风尚','一个国家、一个民族不能没有灵魂。文化文艺工作、哲学社会科学工作就属于培根铸魂的工作，在党和国家全局工作中居于十分重要的地位，在新时代坚持和发展中国特色社会主义中具有十分重要的作用。',1,17341099),(130,'2019-03-06 11:41:06.986759','第五讲：中国特色社会主义新时代标示我国发展新的历史方位','实现两个一百年目标，是中国的发展的目标，是社会主义建设进程中的关键步伐。新时代中国的发展要多元，经济，政治，文化，科技等等多个领域一起发展，要有伟大事件，敢于拼搏。如今，全面建成小康社会的关键目标正在实现，我们要拼搏，要努力，要有中国梦，不畏一切昂首向前！',1,17341097),(131,'2019-03-06 12:53:11.657304','习近平总书记在参加内蒙古代表团审议时的重要讲话产生热烈反响','总书记在参加内蒙古代表团审议时强调，要保持加强生态文明建设的战略定力，探索以生态优先，绿色发展为导向的高质量发展新路子，加大生态系统保护力度，打好污染防治攻坚战。这表明生态文明建设在新时代党和国家事业发展中的地位，这也需要我们大学生贡献自己的力量。',1,18340069),(132,'2019-03-06 13:30:52.280102','人民日报评论：以生态优先、绿色发展为导向','绿水青山也是金山银山。环境就是民生，过去的数十年间，秉承生态优先，我们国家从万里飞沙的沙漠逐步演变为如今的绿色奇迹，这需要我们继续坚持下去，我们也应从每个人做起，保护生态环境\n',1,16337171),(133,'2019-03-06 13:31:35.831482','人民日报评论：坚持知行合一 主动担当作为','空谈误国，实干兴邦。习总书记在会上强调了做实干家的重要性。在日常的学习和生活中，我们也需要主动的担当作为，要持续不停的奋斗，这是我们所需要注意的。',1,16337171),(134,'2019-03-06 13:35:25.551282','第一讲：习近平新时代中国特色社会主义思想是党和国家必须长期坚持的指导思想','习近平新时代中国特色社会主义思想是我国发展的新历史方位，如今我们的社会主要矛盾发生了变化，我们的经济高速增长，我们有了新的奋斗目标，我们在国际舞台也扮演了越来越重要的角色。然而现在世界形势依旧是严峻的充满挑战的，在当下时代背景下孕育的习近平新时代中国特色社会主义理论，可以指导我们更好的开辟光明的未来,我们要坚定不移的坚持中国特色社会主义',1,16337171),(135,'2019-03-06 13:36:08.305868','第二讲：坚持和发展中国特色社会主义是当代中国发展进步的根本方向','中国特色社会主义是党和人民付出各种代价取得的宝贵成果，具有非常重大的历史意义。我们要注重五位一体的格局，坚持中国特色社会主义的道路，继续构筑中国精神、中国价值、中国力量。只有坚持中国特色社会主义才能实现中华民族的伟大复兴。',1,16337171),(136,'2019-03-06 14:41:46.999894','9图带你看习近平参加内蒙古代表团审议讲话金句','习近平主席参加内蒙古代表团审议讲话中，提到的重中之重便是继续加强环境保护和环境建设，绝对不能，不允许以发展经济而破坏环境为代价！绿水青山就是金山银山！！曾经中国的西北漫天黄沙，而如今，一片片绿色奇军在大漠之央。北方的环境越来越美好。相信坚持习近平的领导，祖国会越来越美',1,18340060),(137,'2019-03-06 20:57:39.097548','第三讲：实现中华民族伟大复兴是近代以来中华民族最伟大的梦想','新民主主义革命中，打败了日本帝国主义，推翻国民党反动统治，完成新民主主义革命，建立了中华人民共和国。社会主义革命和社会主义建设，确立了社会主义基本制度，消灭了一切剥削制度，推进了社会主义建设。改革开放新的伟大革命，极大激发了广大人民群众的创造性，极大解放和发展了社会生产力，极大增强了社会发展活力，人民生活显著改善，综合国力显著增强，国际地位显著提高。中国梦的本质是国家富强、民族振兴、人民幸福。实现中华民族伟大复兴需要每一个人付出艰苦努力，担负自己的责任。',1,16337191),(138,'2019-03-06 21:18:25.962842','第二十二讲：建设美丽中国','这一讲集中体现了我国在推进生态文明建设的决心之大、力度之强、成效之显著。\"绿水青山就是金山银山。\"\"在发展中保护，在保护中发展。\"我们是这个讲的，也是这么做的:雄安新区规划高铁站时对白洋淀的避让就是最好的例子。前段时间NASA的卫星发现中国近二十年来新增的植被占全球新增绿色面积的四分之一，就是中国绿色发展的践行成效。',1,18340075),(139,'2019-03-06 21:19:20.503041','第四讲：党和国家事业历史性、根本性的变革和成就','十八大以来，全党全国的发展观念发生深刻变化，推动我国经济由高速增长阶段转向高质量发展阶段。中国特色社会主义法治体系日益完善。倡导“绿水青山就是金山银山”，强调“要像保护眼睛一样保护生态环境”，显著增强了全党全国贯彻绿色发展理念的自觉性和主动性。坚持统筹国内国际两个大局，推进全方位外交，提出构建人类命运共同体，形成了全方位、多层次、立体化的中国特色大国外交布局。这些历史性的改革最根本、最重要的在于有习近平新时代中国特色社会主义思想的科学指引，有以习近平同志为核心的党中央的坚强领导。',1,16337191),(140,'2019-03-06 21:25:06.677575','第三讲：实现中华民族伟大复兴是近代以来中华民族最伟大的梦想','在实现中华民族伟大复兴的路上，中国很好的诠释了\"穷则独善其身，达则兼济天下\"这句古话。习主席曾说过，中国永远不称霸。我认为中国的复兴理念蕴含追求和平与共同发展两点。中国不干涉他国内政，是追求和平的重要体现;中国在多次国际会议中释放共同发展的信息:一带一路与人类命运共同体。毋庸置疑，这样的祖国，颇具大国风范。',1,18340075),(141,'2019-03-06 21:47:37.873643','第三讲：实现中华民族伟大复兴是近代以来中华民族最伟大的梦想','标示我国发展新历史方位的新时代是在党和国家事业历史性、根本性变革和成就的基础上开辟的。新时代是中华民族伟大复兴的新台阶，进入新时代的根本原因在于坚持和发展了中国特色社会主义。',1,16337106),(142,'2019-03-06 21:47:58.473625','第四讲：党和国家事业历史性、根本性的变革和成就','关于主要矛盾的论述可以进一步深化。如果社会主要矛盾没有变化，新时代就是缺乏依据的。我们对社会主要矛盾的认识应该深入到具体分析其主要方面，主要矛盾的主要方面是可以发生阶段性变化的。当前主要矛盾的主要方面可以说是日益增长的物质财富同较大的分配差距之间的矛盾。',1,16337106),(143,'2019-03-06 22:15:56.779240','习近平总书记在参加内蒙古代表团审议时的重要讲话产生热烈反响','党的十八大提出了创造性提出了“五位一体”总体布局，党的十九大明确以“五位一体”的总体布局推进中国特色社会主义事业，经济、政治、文化、社会、生态文明五个方面是一个有机整体。生态文明建设是基础，要放在突出地位，具有重大现实意义和深远历史意义。',1,16337174),(144,'2019-03-06 22:44:24.395915','教育部部长就“学术不端”作出回应：坚决不允许','要充分尊重和信任科研人员，赋予创新团队和领军人才更大的人财物支配权和技术路线决策权。要大力简除烦苛，使科研人员潜心向学、创新突破。加强科研伦理和学风建设，惩戒学术不端，力戒浮躁之风。',1,17341096),(145,'2019-03-06 22:47:01.239363','起草组负责人解读政府工作报告：“改革”出现105次为历年之最','改革开放是决定当代中国命运的关键一招，也是实现“两个一百年”奋斗目标的关键一招。前瞻未来，必须以更大的力度推进改革，进一步着力优化营商环境，进一步激发市场活力和社会创造力，培育新动能，推动经济高质量发展。',1,17341096),(146,'2019-03-06 22:57:22.846066','政协委员在全国政协十三届二次会议记者会上谈“打赢三大攻坚战”','要实现精准扶贫，就要确保扶贫资金的每一分钱都用在贫困群众身上，特别是要关注产业扶贫、教育扶贫、生态扶贫、移民搬迁和社保兜底这些政策在基层落实的精准情况，确保能够精准脱贫。扶贫资金来之不易，每一分钱都要精打细算，要用好、用活、用出成效，特别是要让每一笔扶贫资金的效益最大化。',1,17341099),(147,'2019-03-06 23:04:49.736659','养老机构等级国家标准出台：养老院将有“五星级”','养老机构的服务质量直接关系到入住老年人的切身利益、养老机构的生存与发展、社会对政府监管工作的满意度，养老机构等级国家标准的出台有利于养老服务质量的提高。',1,16337112),(148,'2019-03-06 23:05:49.361050','第五讲：中国特色社会主义新时代标示我国发展新的历史方位','中国特色社会主义进入新时代是我国发展新的历史方位，这一政治论断是在党科学把握时代趋势、国际局势、世情国情党情深刻变化的基础上作出的，这要求我们以新思想为科学指引、进行新的伟大实践、有新的理念举措和精神风貌。',1,16337112),(149,'2019-03-06 23:06:11.160203','第六讲：我国社会主要矛盾的变化是关系全局的历史性变化','我国社会主要矛盾已经转化为人民日益增长的美好生活需要和不平衡不充分的发展之间的矛盾。满足人民对美好生活的需要要调整和完善发展策略、各项政策，坚持在发展中保障和改善民生，不断促进社会公平正义，使人民更有获得感、幸福感、安全感。',1,16337112),(150,'2019-03-06 23:32:48.833220','第六讲：我国社会主要矛盾的变化是关系全局的历史性变化','改革开放以来的四十年间，中国发展十分迅速，实现了经济，文化等多个领域的飞跃。实现了两个两百年的目标，我们充满相信。而今，全面建成小康社会目标已然近在咫尺，为确保经济的稳健发展，我们依旧不能松懈。改善民生，改善医疗、教育条件等等依旧是重要的发力点，我们有信心做好这些，中国的未来不可估量。',1,17341097),(151,'2019-03-07 13:14:05.417521','多地为污染防治划重点 大气污染防治仍是重中之重','多地为污染防治划重点，在当今社会，保护环境就是保护和发展生产力，实践证明环境好能够增加投资吸引力等，因此，在发展经济的同时我们绝不能以破坏环境为代价，要时刻把污染防治放在突出地位',1,17341073),(152,'2019-03-07 13:15:01.633748','今年国办派出180多人旁听全国两会 服务科学决策','为政之道，以顺民心为本。正如王冰峰旁听多场讨论后在笔记本上写下的体会：“走出办公室亲耳聆听代表委员的意见建议，我感到有利于牢固树立民之所望、施政所向的意识，有利于做好政策文件的审核把关，有利于发现政府乃至自己个人在工作中存在的不足',1,17341114),(153,'2019-03-07 13:15:15.799923','改善营商环境给企业家吃了“定心丸”','优化营商环境，就是解放生产力，就是提高综合竞争力，这是一个地方也是一个国家发展的重要软实力。“政府要严守承诺，不能新官不理旧账、对企业不公平对待或搞地方保护”；“保障不同所有制企业在资质许可、政府采购、科技项目、标准制定等方面公平待遇，坚决查处滥用行政权力排除和限制竞争的行为”；“一定要让我们的企业家、市场主体真正感觉到营商环境的切实优化”；要让中国成为世界上的最佳投资地…',1,17341114),(154,'2019-03-07 13:16:05.588888','代表委员审议讨论政府工作报告：以改革激发活力 用创新引领发展','创新是第一动力。改革是活力之源，创新是第一动力，奋斗创造历史，实干成就未来。我们在创业创新历程中更加深刻体会到，创新驱动已成为推动高质量发展的战略支撑。国家强盛离不开科技的振兴，关键领域核心技术必须要攻关、突破。',1,17341074),(155,'2019-03-07 13:16:16.635450','全国政协委员移动履职平台展现新气象：建言资政时刻在线','人民政协不断创新履职方式，让政协委员思想永远在线、智慧时刻连线、联系永不断线。网络议政是开门办事，非常了不起。我们只有会上会下广纳群言，线上线下同步讨论。画好网上网下最大同心圆，为党和国家工作大局作出更大贡献。',1,17341074),(156,'2019-03-07 13:17:13.673654','从全国两会看奋进中国的坚定步伐','开拓更加宽广的高质量发展前景，全国两会展现奋进中国的坚定步伐。抓住重要战略机遇期，顺应时代大势，沿着高质量发展道路坚定前行。迎难而上，开拓进取，中国经济高质量发展的大道必将愈走愈宽。',1,18340076),(157,'2019-03-07 13:17:26.165968','大幅减税降费带给青年更多红利','在产业转型升级的关键时期，政府工作报告提出全年减轻企业税收和社保缴费负担近2万亿元的目标，并重点提及针对制造业、交通运输业的减税方向，这不仅坚定了企业家的信心，也有利于提升我国对国际高端专业人才的吸引力，增强国际竞争力。',1,18340076),(158,'2019-03-07 13:17:57.622151','第六讲：我国社会主要矛盾的变化是关系全局的历史性变化','满足人民对美好生活的需要要调整和完善发展策略、各项政策，坚持在发展中保障和改善民生，不断促进社会公平正义，使人民更有获得感、幸福感、安全感。',1,16337106),(160,'2019-03-07 13:20:19.757782','从全国两会看奋进中国的坚定步伐','抓住重要战略机遇期，顺应时代大势，沿着高质量发展道路坚定前行，中国经济必将开拓更加宽广的发展空间。牢牢把握发展主动权，直面跨越发展关口的问题和挑战，把握时与势激发发展潜力和空间，是发展的应有之义。',1,18340069),(163,'2019-03-07 19:10:22.179103','第三讲：实现中华民族伟大复兴是近代以来中华民族最伟大的梦想','自1840年鸦片战争以来的百年，中国备受压迫，1949年新中国成立，一直到了1978年改革开放后人民的生活才真正意义上好起来了，但这些都远远不够，中国几千年的历史一直是世界的强国，而今天的我们的国家也同样能成为世界强国，实现中华民族伟大复兴是近代以来中华民族最伟大的梦想。',1,15336121),(164,'2019-03-07 19:14:10.681382','第四讲：党和国家事业历史性、根本性的变革和成就','党和国家事业发生历史性变革、取得历史性成就的原因，是全党全国各族人民同心同德、团结奋斗的结果；是各级党组织和广大党员、干部敬业履职、勇于担当的结果；最根本、最重要的在于有习近平新时代中国特色社会主义思想的科学指引，有以习近平同志为核心的党中央的坚强领导。',1,15336121),(165,'2019-03-07 20:51:01.440822','每日金句|习近平论自由贸易试验区建设','中国如今正致力于自由贸易区的建设，自由贸易试验区建设的核心任务是制度创新。这就需要我们突破瓶颈、疏通堵点、激活全盘。坚持建设公平、统一、高效的市场环境。让中国形成法治化、国际化、便利化的营商环境',1,18340060),(166,'2019-03-07 22:28:02.983986','第三讲：实现中华民族伟大复兴是近代以来中华民族最伟大的梦想','实现中华民族伟大复兴是我们几代中国人的夙愿。从古代的繁荣发达到近代的衰败，我们走过了十分漫长的岁月。如今，我党肩负起了实现中国梦的使命，从革命的成功，到改革开放的历史性创举，未来在我党的带领下，中国梦必然可以实现。',1,16337171),(167,'2019-03-07 22:28:21.955682','第四讲：党和国家事业历史性、根本性的变革和成就','13万公里的公路，2万公里的高铁，4000公里的城市轨道交通，短短的几十年，我国就有了翻天覆地的变化，这些历史性的变革给人民带来了如今幸福的生活，我们可以看到，东方大国正在朝气蓬勃的发展，并将取得更辉煌的历史性成就',1,16337171),(168,'2019-03-07 23:21:44.284042','习近平参加内蒙古代表团审议','生态文明建设是“五位一体”总体布局中的一位。我国现在非常重视绿色发展，而内蒙古大草原对我们国家而言是一道非常重要的绿色屏障，我们必须保持加强生态文明建设的战略定力',1,16337171),(169,'2019-03-07 23:21:51.847654','习近平：脱贫攻坚要响鼓重锤','艰苦奋斗、勤俭节约，不仅是我们一路走来、发展壮大的重要保证，也是我们继往开来、再创辉煌的重要保证。不要搞“大跃进”“浮夸风”，不要搞急功近利、虚假政绩的东西，对这类问题现在就要敲打，防患未然，防微杜渐。',1,17341096),(170,'2019-03-07 23:22:04.121224','习近平等党和国家领导人出席十三届全国人大二次会议开幕会','3月，新一届的人民代表大会开幕了，过去一年，我国在全面建成小康社会上又取得了重大进展，形势喜人，同时，如李克强总理所说，我们也需要居安思危，继续砥砺前行，奋勇前进',1,16337171),(171,'2019-03-07 23:25:50.043410','每日金句|习近平论自由贸易试验区建设','深化完善基本体系，突破瓶颈、疏通堵点、激活全盘，创新建设好试验区。加快建立同国际投资和贸易通行规则相衔接的制度体系，形成法治化、国际化、便利化的营商环境，加快形成公平、统一、高效的市场环境。',1,17341096),(172,'2019-03-07 23:41:56.563453','第七讲：坚持党对一切工作的领导','马克思主义是时代的产物,马克思主义正是适应了时代和实践的需要而产生的无产阶级的科学理论。祖国的发展得益于党的不断发展，正是由于指导思想的正确,中国才能不迷失方向。因此，拥护中国共产党，不动摇决心，我们能越走越好！相信党，相信人民，相信自己！',1,17341097),(173,'2019-03-07 23:45:39.750559','第八讲：以人民为中心是新时代坚持和发展中国特色社会主义根本立场','人民群众是最最重要的。为人民服务是党的重要思想，每个党员都应该时刻牢记市民，献身社会主义事业，为人民作出奉献。水能载舟亦能覆舟，只有好好为人民服务，听取群众意见，凝结群众意识，中国才能愈发强大。中华历史文化博大精深，中华民族是个伟大的集体，我们要相信，未来就在我们手中！',1,17341097),(174,'2019-03-07 23:51:58.459702','习近平：脱贫攻坚要响鼓重锤','党的十九大报告明确提出了乡村振兴战略，这是“五位一体”总体布局在乡村领域的具体落实，也是社会主义新农村建设在内涵与外延上的重大提升。乡村振兴的首要问题是更新观念，注重乡村的可持续发展，把农耕文明的精华和现代文明的精华有机结合起来，使传统村落、自然风貌、文化保护和生态宜居诸多因素有机结合在一起，充分体现农村社会主义精神文明',1,17341117),(175,'2019-03-07 23:53:05.418002','代表委员热议“三农”工作：聚力乡村振兴 实干创造幸福','在现阶段，只有实行统筹城乡经济社会发展的方略，才能切实优化经济结构和实现协调的、可持续的发展，才能使广大人民群众共享经济社会发展的成果，才能如期实现全面建设小康社会和现代化的宏伟目标。取消农业税，绝不仅仅是为了农业、农村的发展和农民的富裕，而是关系到实现国家的长治久安和民族的伟大复兴。',1,17341117),(176,'2019-03-08 15:27:15.095250','“国家账本”传递2019年国计民生十大信号','3月5日，十三届全国人大二次会议开始审查预算报告，这份预算报告传递出了大量的信息，涉及到多个方面，其中比较贴近我们的莫过于减少税收以增加市场主体活力，补助资金增长以促进创新创业，养老金标准提高等。从中可以看出我国政府为人民服务、为人民谋福利的决心，给了我们莫大的鼓励',1,17341073),(177,'2019-03-08 15:27:53.831609','尽锐出战 迎难而上 确保脱贫攻坚如期完成','总书记脱贫攻坚的宣言书、动员令，必将激励我们尽锐出战、迎难而上，真抓实干、精准施策，确保脱贫攻坚任务如期完成。我们要拿出“不获全胜、决不收兵”的豪情壮志，咬定青山不放松，以愚公之志苦干实干，彻底打赢这场攻坚战，为全面建成小康社会提供坚强保障。',1,17341074),(178,'2019-03-08 15:28:05.487735','《求是》杂志发表习近平总书记重要文章 《在新的起点上深化国家监察体制改革》','建设法制国家就要规范和正确行使国家监察权。纪检监察机关肩负着党和人民重托，必须牢记打铁必须自身硬的政治要求。众所周知，权力监督的目的是保证公权力正确行使，才更好促进干部履职尽责、干事创业。俗话说:打铁必须自身硬。这正是我们要明白的道理。',1,17341074),(179,'2019-03-08 15:28:46.342014','每日金句|习近平论党的妇女工作','把握实现中华民族伟大复兴的中国梦这一当代中国妇女运动的时代主题，促进男女平等，加强党对妇女工作的领导，组织促进妇女走在时代前列，在改革开放一线建功立业。',1,18340069),(180,'2019-03-08 16:16:25.396431','第九讲：将全面深化改革进行到底','自从改革开放以来，中国发生了翻天覆地的变化，国际影响力也大幅提升。走特色开放的路，才是走向未来的明智之举。因此，全面深化改革，是重中之重。而在深化改革的道路上，我们更要牢牢把握住正确的方向，走中国特色社会主义的道路。从多个层面出发，让制度更合理，让改革更全身深入。',1,17341097),(182,'2019-03-08 19:47:41.054400','第五讲：中国特色社会主义新时代标示我国发展新的历史方位','',0,16337106),(183,'2019-03-08 21:34:46.911401','第五讲：中国特色社会主义新时代标示我国发展新的历史方位','经过改革开放40年努力，我国稳定解决了十几亿人的温饱问题，总体上实现了小康，不久将全面建成小康社会，人民美好生活需要日益广泛。发展不平衡和不充分已经成为满足人民美好生活需要的主要制约因素，比如我国西部地区的发展远落后于沿海地带。当代中国已不再是国际秩序的被动接受者，而是积极的参与者、建设者、引领者。在中国特色社会主义新时代，我们党面临的“四大考验”和“四种危险”仍然是长期的、复杂的、尖锐的、严峻的，全面从严治党永远在路上。新时代，继续奋斗。',1,16337191),(184,'2019-03-08 21:56:57.561587','第六讲：我国社会主要矛盾的变化是关系全局的历史性变化','改革开放以来，我国人民生活水平不断迈上新台阶，人均国内生产总值年均增长约9.5%，已经达到中等偏上收入国家水平。人民美好生活需要日益广泛，不仅对物质文化生活提出了更高要求，而且在民主、法治、公平、正义、安全、环境等方面的要求日益增长。我国社会主要矛盾发生变化，从解决“落后的社会生产”问题到解决“不平衡不充分的发展”问题，但需要认识到我国仍处于并将长期处于社会主义初级阶段没有变，既不落后于时代，也不能脱离实际、超越阶段，这样才能更好发展中国特色社会主义事业。',1,16337191),(185,'2019-03-08 23:06:31.346526','第三讲：实现中华民族伟大复兴是近代以来中华民族最伟大的梦想','实现中华民族伟大复兴是近代以来中华民族最伟大的梦想，从封建社会到资本主义社会，我们经历了很多兴衰。然而中国近现代，是靠中国共产党中国人民才真正站起来了，做自己的主人。中国共产党义无反顾的肩负起实现中华民族伟大复兴历史使命，不忘初心，砥砺前行。改革开放以来，我国实现了巨大的进步。未来我们一定可以实现实现中华民族伟大复兴！',1,17341105),(186,'2019-03-08 23:12:28.199437','每日金句|习近平论党的妇女工作','把握实现中华民族伟大复兴的中国梦是我们这一中国妇女运动的时代主题，促进男女平等，发挥妇女在各个方面的积极作用才能更好促进社会发展',1,17341096),(187,'2019-03-08 23:14:07.110129','第四讲：党和国家事业历史性、根本性的变革和成就','当合国家事业历史性，根本性的变革和成就我们有目共睹，从刚健国时候的一穷二白，到现在的丰衣足食，当合国家取得了突出的成就。从土地改革，到解放西藏，从一五计划，到改革开放，我国经济不断发展，人民生活水平也迅速提高。同时，党和国家还积极治理环境，提出绿水青山就是金山银山，冰天雪地也是金山银山的环保观点。而且，党和国家积极推进科教兴国，人才强国战略，在教育科研上的投资年年增加。这些成就都是有目共睹的，我们也不应故步自封，要争取早日实现全面小康社会',1,17341105),(188,'2019-03-08 23:14:53.629460','央视快评：尽锐出战 迎难而上 确保脱贫攻坚如期完成','脱贫攻坚，必须从严从实，来不得半点形式主义、官僚主义。我们要尽锐出战，迎难而上，确保脱贫攻坚如期完成，为全面建设，脱贫攻坚再加油！在脱贫标准上，既不能脱离实际、拔高标准、吊高胃口，也不能虚假脱贫、降低标准、影响成色。',1,17341096),(189,'2019-03-08 23:22:09.831371','这项工作越到最后时刻越要响鼓重锤','扶贫开发攻坚是实现共同富裕的需要，是社会主义的本质要求。民生导向、共同富裕代表着中国未来的发展方向，是中国共产党不懈追求的终极目标。社会主义的本质是解放生产力，发展生产力，消灭剥削，消除两极分化，最终达到共同富裕。共同富裕的主体是全体中国人民。所以，消除贫困，共同富裕，不仅关系到经济又好又快发展问题，而且关系到全体人民对社会主义制度的信仰问题。',1,17341117),(190,'2019-03-08 23:23:04.524881','广西：减税降费政策“组合拳”助力企业发展','实行结构性减税，结合推进税制改革，用减税、退税或抵免的方式减轻税收负担，促进企业投资和居民消费，是实行积极财政政策的重要内容。增值税转型改革，是我国历史上单项税制改革减税力度最大的一次。此举可有效避免企业设备购置的重复征税，有利于促进企业技术进步、产业结构调整和经济增长方式的转变',1,17341117),(191,'2019-03-08 23:24:49.055304','两会经济观察：扩大对外开放 优化营商环境','开放是一件件身边小事，更是经济发展大事。扩大开放有利于营造更公平的竞争环境，中国用实践证明，开放是推进改革的重要手段。这不仅，提升居民生活质量、助力经济发展，也是全世界的发展机遇。',1,18340076),(192,'2019-03-08 23:25:51.739076','第五讲：中国特色社会主义新时代标示我国发展新的历史方位','经过近代以来的磨难，中华民族已经迎来了从站起来、富起来到强起来的伟大飞跃。社会主义在我国展现出了强大的生命力。如今是中国特色社会主义的新时代，在新时代下我们也要有新气象，新作为，努力朝第二个百年目标奋斗。要有更高的境界，更强的本领，更优的作风，更好的精神状态，不断把中国特色社会主义推向前进',1,16337171),(193,'2019-03-08 23:30:07.499132','每日金句|习近平论党的妇女工作','新时代下，要加强党对妇女的领导工作，促进男女平等，积极发挥妇女在各个行业的积极作用，优势体现，组织妇女走上时代的前列',1,16337171),(194,'2019-03-08 23:33:25.896792','这项工作越到最后时刻越要响鼓重锤','党和政府非常重视扶贫开发工作，牵挂处在贫困地区的人民，给予更多的帮助和支持。在这样的牵挂和人民的努力下，脱贫攻坚战必然可以打好，祖国必然繁荣昌盛',1,16337171),(195,'2019-03-08 23:35:20.010686','第八讲：以人民为中心是新时代坚持和发展中国特色社会主义根本立场','为人民服务，这是党在革命时期开始就践行的准则。从以前的“不拿群众一针一线”到现在的“以人民为中心”，无不诠释了党对人民的高度关注。人民是党的寄托和牵挂，这样时常把人民挂在嘴边的党，无疑是最受群众欢迎的。近年来，习近平多次深入农村，与群众打成一片，是党对人民牵挂的最佳诠释。有这样的主席，有这样的党，中国人民一定有更美好的生活。',1,18340075),(196,'2019-03-08 23:40:31.777974','每日金句|习近平论党的妇女工作','要加强党对妇女工作的领导，坚持中国特色社会主义妇女发展道路，把握实现中华民族伟大复兴的中国梦这一当代中国妇女运动的时代主题，促进男女平等，发挥妇女在各个方面的积极作用，组织动员妇女走在时代前列，在改革发展稳定第一线建功立业。',1,17341114),(197,'2019-03-08 23:47:38.883653','第六讲：我国社会主要矛盾的变化是关系全局的历史性变化','2017年的党代表大会上，习总书记提出，我国社会主要矛盾已经转化为人民日益增长的美好生活需要和不平衡不充分发展之间的矛盾。这是通过历史和现实，理论和实践相结合的分析得出的正确结论，反映了我国社会发展的客观实际',1,16337171),(198,'2019-03-08 23:47:43.813588','第十一讲：决胜全面建成小康社会','决胜全面建成小康社会，是建党100年奋斗的目标。到2020年，我国将全面建成小康社会，扶贫攻坚任务繁重。减少贫困人口数量，不仅体现党“以人民为中心”的理念，更体现社会主义制度的优势。相信在国家、企业、基层干部的支持下，全面小康的道路一定越拓越宽，中国迈向社会主义强国的步子一定越走越大。',1,18340075),(199,'2019-03-08 23:56:44.306321','《流浪地球》来到“学习强国”','',0,17341114),(200,'2019-03-09 00:04:18.277054','这项工作越到最后时刻越要响鼓重锤','习近平总书记参加甘肃代表团审议，着重考察了扶贫工作，强调越到最后时刻越不能落下扶贫工作的开展。要实现我国全面建成小康社会的目标，就一定要实现精准扶贫，一个也不落下，脱贫攻坚，要坚定信心不动摇',1,17341073),(201,'2019-03-09 16:47:20.704405','施一公：中国未来教育目标应培育富有社会责任感的拔尖创新人才','我国在基础研究领域跟西方国家还有很大的差距，还需要更多原创性突破，我国原创性这方面的研究还不能够完全满足社会经济发展的需求。虽然现在我们国家的专利远远多于别的国家，但是普遍质量不高，没有实际意义。尖端核心的技术是买不来的，必须也只能靠我们自己去创造。未来社会更需要的是有责任感，有想法，敢作敢当，有创造力的拔尖创新人才!',1,17341095),(202,'2019-03-09 21:27:11.365248','每日金句|习近平论营造风清气正的政治生态','廉政建设，是党执政建设的形象，关系着党和国家的生死存亡，关系着人心向背。因此，在新时期，加强和改进党的廉政建设，是全面贯彻党的基本理论、基本纲领和实践“三个代表”重要思想的迫切需要，是改革开放和现代化建设新局面的必然要求，是使党永远立于不败之地的重要保证。',1,17341117),(203,'2019-03-09 21:28:21.162383','青年大学习·两会时刻：农村发展大有可为','村振兴是解决中国发展不平衡、不充分的关键。乡村振兴的要害在乡村以外，振兴要放在城市化的背景下，必须按照城乡一体、城乡互动的新型城市化战略来引领，建立城镇对农村的协作和援助机制，推动资源要素向农村转移配置。此外，城镇基础设施建设和公共服务也需向农村和农民延伸。',1,17341117),(204,'2019-03-09 21:40:56.628659','青年大学习·两会时刻：农村发展大有可为','我国是农业大国，重农固本是安民之基、治国之要。新农村建设一定要走符合农村实际的路子，遵循乡村自身发展规律，充分体现农村特点，注意乡土味道，保留乡',1,17341099),(205,'2019-03-09 21:41:46.902732','第十七讲：加快建设社会主义法治国家','健全法制，建立社会主义法制国家，是迈向社会主义强国的必由之路。没有法制，社会就没有秩序;执法不到位，法制就是一纸空文。首先要完善法律法规，其次落实到位。腐败是导致有制度而无落实的重要原因，国家重拳反腐，不仅是严肃党风的要求，也是法制建设的必然要求。相信随着法制的进一步完善，我们的社会将更加和谐、稳定。',1,18340075),(206,'2019-03-09 21:53:04.301989','【一枝一叶总关情】习近平心系中原','3月8日，习近平总书记访问河南省。秉承着实现‘两个一百年’奋斗目标、实现中华民族伟大复兴的中国梦需要中原更加出彩的理念。习总书记认真考察了当地的农业发展，并且给予了充分的肯定。同时习总书记还提出了“四张牌”，把准发展脉搏的理念相信会为以后的发展带来更大的帮助',1,18340060),(207,'2019-03-09 21:59:55.822161','第二十六讲：构建人类命运共同体','人类命运共同体，是中国发出的时代和平之音。这个友好的声音彰显了我国永远不称霸的理念，彰显了我国与世界共同发展的期待，彰显了我国的大国风范。中国在国际会议上的声音越来越得到他国的认可，说明中国的国际地位得到提高，国际社会越来越期待听到中国声音，听到中国方案。',1,18340075),(208,'2019-03-09 22:03:43.716939','海外专家学者高度评价中国外交理念和外交成就','海外专家学者高度评价中国外交理念和外交成就，认为中国为世界和平发展作出了卓越的贡献。中国遵守互利共赢、天下为公、独立自主的准则。作为东亚大国，中国在促进各国化分歧为合作方面发挥了重要作用。',1,18340076),(209,'2019-03-09 22:08:23.054884','从全国人大常委会工作报告看新时代人大工作的责任担当','一年来，十三届全国人大常委会依法履职，开拓进取，实现了良好开局。不仅提供法治保障，服务改革发展稳定大局，还敢于动真碰硬，监督工作出实招见实效，更加强自身建设，持续焕发制度生机。使人民代表大会制度的优越性进一步彰显。',1,18340076),(210,'2019-03-09 22:37:31.845159','习近平参加河南代表团审议讲话金句','乡村振兴的主要方向是农业。农业关乎村民的产业和农村的生态，其首要任务是确保粮食供给，基本手段为保护耕地，具体操作是完善体制。同时，为了达到文化建设和人才建设的目的，地方政府需要在基础设施和文明教育上双管齐下，在产业发展和脱贫攻坚上两面开花。产业发展的要义是开源，脱贫攻坚的要义是精准，因此，需要从源头和供给方面双管齐下。',1,18340069),(211,'2019-03-09 23:06:45.531607','习近平等出席十三届全国人大二次会议第二次全体会议','坚持党的领导、人民当家作主、依法治国有机统一，保证党领导人民有效治理国家。高举中国特色社会主义伟大旗帜，坚持稳中求进工作总基调，贯彻新发展理念，着力提升立法、监督、代表工作、对外交往和自身建设水平，努力开创新时代人大工作新局面。认真学习贯彻习近平新时代中国特色社会主义思想和党的十九大精神',1,17341096),(212,'2019-03-09 23:14:27.845722','习近平支持鼓励她们书写“美丽人生”','妇女是物质文明和精神文明的创造者，是推动社会发展和进步的重要力量。没有妇女，就没有人类，就没有社会。追求男女平等的事业是伟大的。没有妇女解放和进步，就没有人类解放和进步。毛主席一句时代不同了男女都一样，压在干古以来妇女肩上的枷锁解放了！妇女能顶半边天己不再是虚幻，女科学家，女干部，女劳模己不再鲜见，中国梦的实现离开妇女的力量，己不在可能!',1,17341096),(213,'2019-03-09 23:27:40.648126','习近平参加河南代表团审议讲话金句','乡村振兴是一场全面的振兴，包括产业，人才，文化生态等各个方面。中央时刻牵挂着贫困地区，相信在各级政府的努力下，我们一定可以按时按质完成脱贫攻坚任务',1,16337171),(214,'2019-03-09 23:28:01.057148','每日金句|习近平论营造风清气正的政治生态','政治生态清明，从政环境就清凉。近年来的反腐行动，我党取得了很大的进展。我们都应该从自己做起，立正身，讲原则，守纪律，拒绝腐蚀。',1,16337171),(215,'2019-03-09 23:38:30.841755','从区域协调发展看奋进中国的发展新空间','我国幅员辽阔，各地资源禀赋不同，如何发挥各地比较优势，形成优势互补首当其冲成为我国现阶段发展的重点难点。如今，共建\"一带一路\"，推动区域发展格局不断优化，不断增强区域发展协同性成为了时代的引领。正如总书记所说我们要打好攻坚战，做好打持久战的准备。',1,17341074),(216,'2019-03-09 23:40:57.814476','首批153名预算审查监督联系代表看紧政府钱袋子','设立全国人大预算审查监督联系代表，开展预算联网监督有利于推进人大预算审查监督工作创新。关键还是看支出，要看财政投入总量是增还是减，还要看增在哪个地方，减在哪个地方。我们老说好钢用在刀刃上，要发现刃口在哪个地方。经济管理，管控是必须的！',1,17341074),(217,'2019-03-09 23:48:33.037794','第七讲：坚持党对一切工作的领导','坚持党对一切工作的领导是由我们党的性质决定的，是历史和人民的选择，是实现中华民族伟大复兴的根本保证。我国是有着十几亿人口的大国，没有一个政党领导就会四分五裂。同时，我党也在历史的进程中，证明了自己是可以带领国家走上富强，带领人民走向幸福的政党。因此我们必须要坚持党对一切工作的领导',1,16337171),(218,'2019-03-09 23:49:03.523905','[面对面]任正非：时下的华为','正如任正非所提倡的那样，未来的长远的发展一定是建立在基础学科的发展上面的。现在我们国家经济的过快发展，使得出现了太多的泡沫。大家都想着怎么捞钱，真正做学问的少了！这些话我们都应该引以为鉴，我们要创造属于我们的价值！',1,17341095),(219,'2019-03-09 23:50:03.883120','第十讲：坚定不移贯彻新发展理念','现阶段，中国已经进入了发展的全新时期，特别是经济领域。特别是改革开放以来，中国发生了突飞猛进的发展。开放的观点最为重要，因此，我们必须坚持开放，贯彻新的理念。要把重点放在经济与民生等等角度上，只有这样，才能从根本上提高中国的综合国力。发展不能止步！',1,17341097),(220,'2019-03-09 23:51:16.209469','第五讲：中国特色社会主义新时代标示我国发展新的历史方位','中国特色社会主义新时代表示我国发展新的历史方位，使命呼唤担当，使命引领信心，中国共产党坚定信心，奋发有为，让中国特色社会主义展示出了强大的生命力。我们的目标是，到21世纪中叶，全面建成富强民主文明和谐美丽的社会主义现代化强国，为了这个目标，我们要不懈努力',1,17341105),(221,'2019-03-09 23:52:15.138911','第二十六讲：构建人类命运共同体','构建人类命运共同体思想立足于摒弃你输我赢的旧观念，实现各国之间的有效融合与互动。在奉行和平发展、合作共赢原则的基础上，构建对话不对抗、结伴不结盟的伙伴关系，通过对内改革、对外开放，主动参与国际合作，顺应世界格局演变的趋势，维护世界和平。',1,16337106),(222,'2019-03-09 23:53:39.221664','第十讲：坚定不移贯彻新发展理念','创新、协调、绿色、开放、共享的新发 展理念不是凭空得来的，而是在深刻总 结国内外发展经验教训、分析国内外发 展大势的基础上形成的，也是针对我国 发展中的突出矛盾和问题提出来的。 新发展理念深刻揭示了实现更高质量、 更有效率、更加公平、更可持续发展的 必由之路，是引领我国发展全局深刻变 革的科学指引，对于进一步转变发展方 式、优化经济结构、转换增长动力，推动 我国经济实现高质量发展具有重大指 导意义。',1,16337106),(223,'2019-03-09 23:55:15.822494','第十一讲：决胜全面建成小康社会','实现两个一百年目标，是中国的发展的目标，是社会主义建设进程中的关键步伐。而实现这一宏伟目标，要从小步骤来。当前首要任务就是全面建成小康社会。中国特色社会主义的道路是发展的道路，坚持下去，实现中华民族伟大复兴指日可待。我相信，中国全面建成小康社会的任务，必能完成！',1,17341097),(224,'2019-03-09 23:56:03.386526','第八讲：以人民为中心是新时代坚持和发展中国特色社会主义根本立场','人民是历史的创造者，人民对美好生活的向往就是我们的奋斗目标。我党的初衷就是为人民谋幸福，从总书记到各级领导干部都非常挂念人民的生活。不忘初心，一切为了人民，全心全意为人民服务，发展最广大人民的根本利益。同时，我党也依靠人民创造历史伟业，在任何一项政策的制定上都要倾听群众的呼声。',1,16337171),(225,'2019-03-09 23:56:08.814801','第六讲：我国社会主要矛盾的变化是关系全局的历史性变化','我国社会主要矛盾的变化是关系全局的历史性变化，我国的主要矛盾已经转化为人民日益增长的美好生活需要和不平衡不充分的发展之间的矛盾。从原来的落后生产，到现在的不平衡不充分的发展，说明我们已经取得了很大的突破，将生产发展起来。我们现阶段的主要任务，还是进一步解放生产力，发展生产力，逐步实现社会主义现代化，并且为此改善生产关系。这是历史性的转折，也标志着社会主义现代化离我们更近了一步',1,17341105),(226,'2019-03-10 17:08:51.167607','第五讲：中国特色社会主义新时代标示我国发展新的历史方位','顺应时代潮流，把握时代特点，回答时代课题，是中国共产党永葆旺盛生命力和坚强战斗力、不断从胜利走向胜利的一个重要原因。具体问题具体分析，与时俱进，不断发展现有的理论成果，才能实现中国的稳定繁荣发展',1,15336121),(227,'2019-03-10 17:10:21.612396','第六讲：我国社会主要矛盾的变化是关系全局的历史性变化','社会主要矛盾状况及其变化是社会发展阶段性划分的重要依据。党的十九大提出，我国社会主要矛盾已经由人民日益增长的物质文化需要同落后的社会生产之间的矛盾，转化为人民日益增长的美好生活需要和不平衡不充分的发展之间的矛盾。这个论断，反映了我国发展的实际状况，揭示了制约我国发展的症结所在，指明了解决当代中国发展主要问题的根本着力点。',1,15336121),(228,'2019-03-10 17:40:04.561883','第二十八讲：毫不动摇把党建设得更加坚强有力','党和人民事业发展到什么阶段，党的建设就要推进到什么阶段。这是加强党的建设必须把握的基本规律。全面从严治党永远在路上。我们要以习近平新时代中国特色社会主义思想为指导，总结党的十八大以来党建实践的历史性成就和党建理论的重大创新，总结党的建设的基本经验和管党治党的基本规律，开创全面从严治党新局面，不断提高党的执政能力和领导水平，确保我们党永葆旺盛生命力和强大战斗力。',1,17341074),(229,'2019-03-10 17:42:12.125104','第二十三讲：坚持总体国家安全观','习近平总书记强调，要准确把握国家安全形势变化新特点新趋势，坚持总体国家安全观，走出一条中国特色国家安全道路。 习近平指出，增强忧患意识，做到居安思危，是我们治党治国必须始终坚持的一个重大原则。 我们党要巩固执政地位，要团结带领人民坚持和发展中国特色社会主义，保证国家安全是头等大事。 当前我国国家安全内涵和外延比历史上任何时候都要丰富，时空领域比历史上任何时候都要宽广，内外因素比历史上任何时候都要复杂，必须坚持总体国家安全观',1,17341074),(230,'2019-03-10 18:57:54.159482','第十一讲：决胜全面建成小康社会','党的十九大报告明确了新时代的基本方略、奋斗目标、战略安排和工作布局，是我们党在新时代坚持和发展中国特色社会主义的政治宣言和行动纲领。作为当下首要的政治任务，学习贯彻党的十九大精神，“一把手”要起表率带头作用，学思在前，践悟在前。',1,16337106),(231,'2019-03-10 18:58:58.602540',NULL,'中央全面依法治国委员会的组建和依法治国委员会两次会议的召开,使法治中国建设迈入系统推进的新阶段,依法治国委员会确定的年度工作任务基本完成,宪法学习宣传教育落点实、效果好,一批涉及高质量发展、保障和改善民生的重要法律法规陆续出台,法治政府建设扎实推进,司法体制改革蹄疾步稳,法治社会建设全面深化,全面依法治国迈出新步伐。',0,16337106),(232,'2019-03-10 21:56:52.979653','向总书记汇报，大凉山传来好消息','精准扶贫是一项艰难的工作，教育和经济两头抓。尽管还有很多堡垒需要攻克，但是时刻有着国家的关怀和党员干部的帮助，贫困人民在小康路上绝不会掉队！四川相对落后的大凉山，甘孜州，阿坝州一定会发展得越来越好!',1,17341095),(233,'2019-03-10 22:14:16.725816','墨梅','蒙曼老师讲了中国诗词中重要的四个意向孝悌忠信，礼义廉耻，梅兰竹菊，风花雪月都源于我国优秀的传统文化。孝悌忠信礼义廉耻源自中国文化的基本价值观；梅兰竹菊是花的四君子，品行高洁。我们要大力继承我国优秀的传统文化。',1,17341095),(234,'2019-03-10 22:25:23.790125','每日金句|习近平论政德','习近平总书记在十三届全国人大一次会议重庆代表团审议时的讲话中再次提到了“政德”一次。那么何为政德呢？在我看来，政德就是大公无私，恪尽职守，坚定不二！大公无私，即执政人员抛下私我，一心为公！恪尽职守，即领导干部做好平时工作的每一步！坚定不二，即在诱惑和大风浪面前，坚守自我，不为所动！每个共产党人都应该拥有良好的政德，这是我们应做的！！',1,18340060),(235,'2019-03-10 22:31:03.535505','粤港澳大湾区如何比肩国际一流 代表委员开出创新“药方”','粤港澳大湾区能否比肩国际一流湾区，要靠创新，加强科技创新合作，营造有利于自主创新的社会环境，实现科技创新的抱团发展，要促进粤港澳三地共同探索，引导三地知识产权金融模式创新，为大湾区建设国际科技创新中心提供更好的现代化金融服务。',1,18340069),(236,'2019-03-10 22:42:05.960875','习近平等分别参加全国人大会议一些代表团审议','要坚持以人民为中心的创作导向，更好满足人民精神文化生活新期待。要做好退役军人工作，满腔热忱为他们服务。要贯彻新时代党的建设总要求，全面加强党的领导和党的建设。要把党中央、国务院决策部署贯彻落实到位，确保实现经济社会发展主要目标任务。要夯实乡村治理这个根基。采取切实有效措施，强化农村基层党组织领导作用，选好配强农村党组织书记，整顿软弱涣散村党组织，深化村民自治实践，加强村级权力有效监督。',1,17341096),(237,'2019-03-10 22:42:55.851851','习近平等党和国家领导人出席十三届全国人大二次会议开幕会','过去一年我国发展面临多年少有的国内外复杂严峻形势，经济出现新的下行压力。在以习近平同志为核心的党中央坚强领导下，全国各族人民以习近平新时代中国特色社会主义思想为指导，砥砺奋进，攻坚克难，完成全年经济社会发展主要目标任务，决胜全面建成小康社会又取得新的重大进展。',1,17341096),(238,'2019-03-10 23:07:39.339440','科研经费“包干制” 也要警惕成为创收捷径','科研经费使用问题是困扰科研工作人员已久的一个问题。更大自主权可以激发创新活力，新政充分体现了国家对科研人员的尊重与信任，将极大激发科研人员的创新活力，有利于鼓励更多年轻人愿意投入科研。这将会是一个制度体系的探索，最终达到提高科研效率、提高创新能力的目的。',1,18340076),(239,'2019-03-10 23:15:33.904920','长江经济带：生态优先 绿色发展','通过坚持实施最严格保护、坚持推进高质量发展，今天的长江经济带在不断释放巨大经济动能的同时，也在坚定地呵护绿水青山、留住诗情画意。使长江经济带正在成为绿色的经济带、协调发展的经济带和生态环境共治的样本。',1,18340076),(240,'2019-03-10 23:32:27.094659','第九讲：将全面深化改革进行到底','改革开放是当代中国发展进步的必由之路，是实现中国梦的必由之路。改革是实现中华民族伟大复兴的关键一招，当年改革开放的决定让我国走上了强起来的道路，如今我党做出了全面深化改革的重大决定，从社会各个方面进行深化改革，全面改革，将细则落实，对我国方方面面产生了诸多积极影响。改革开放一直会是我党最鲜明的旗帜',1,16337171),(241,'2019-03-10 23:32:42.699585','第十讲：坚定不移贯彻新发展理念','发展必须是科学发展，必须坚定不移贯彻创新、协调、绿色、开放、共享的发展理念。新发展理念有很丰富的内涵。创新是引领发展的第一动力；协调是持续健康发展的内在要求；绿色是永续发展的必要条件；开放是国家繁荣发展的必由之路；共享是中国特色社会主义的本质要求。他们相互贯通，相互促进，是具有内在联系的集合体，我们必须统一贯彻。',1,16337171),(242,'2019-03-10 23:33:04.069965','每日金句|习近平论政德','领导干部要讲政德。我们经常听到德智体美全面发展，德是排在第一位的，政德是整个社会道德间乡的风向标。每位干部都需要守公德，严私德，全心全意为人民服务，严格约束自己的操守和行为',1,16337171),(243,'2019-03-10 23:33:35.108826','向秀丽：党的好女儿','在熊熊大火面前，为了厂区和附近居民区居民的安危，党员向秀丽毫不犹豫的用自己的身躯扑向燃烧的酒精，避免了一场恶性爆炸事故的发生，但她自己却牺牲了自己的生命，她的行为令人钦佩。',1,16337171),(244,'2019-03-10 23:53:55.564092','为女性发声 促进职业发展','两性平等是一个宏大而复杂的话题，要在职场消除性别权利不平等现象，也绝不是一蹴而就的事。人社部印发的这份通知，细化了相关法律的精神，提出了明确的监管和处罚措施，是促进性别平等之路上的重要一步。但要真正保护女性的合法权益，还需要全社会一起努力，分摊生育成本，平衡各方利益，最终让整个社会受益。',1,17341099),(245,'2019-03-10 23:54:13.089853','第十二讲：开启全面建设社会主义现代化国家新征程','中国正处于社会发展的关键时期，全面建成小康社会的关键时期。而新时代，中国的发展更是要多元化，从经济，政治，文化，民生，社会，生态等多个方面协力发展。开启全面建设社会主义现代化国家新征程，就要分多步走，要稳健，况且现在社会发展要求也高了，所以我们更不能懈怠。',1,17341097),(246,'2019-03-10 23:55:05.222780','国际社会点赞中国新时代大国外交','中国已成为捍卫多边主义的重要力量，中方倡导的亚洲基础设施投资银行、“一带一路”等成为全球合作典范，对国际秩序产生了积极影响。',1,17341099),(247,'2019-03-10 23:57:07.812049','第十三讲：实现我国经济高质量发展','综合国力的强弱主要决定于经济实力的强弱。发展才是硬道理，只有经济上去了，生活水平才能上去，中国在国际的话语权才能提高。而经济的发展需要我们认识到新的观点，新的理念，要改革，要开放，从多个层面发展，做到齐头并进，有实力，有担当。我们还要灵活多变，让经济活起来！',1,17341097),(248,'2019-03-12 14:42:32.690077','总书记关心的身边事：不断提高人民健康水平','确实是，各地不论是绿化还是市民健身锻炼场所，做的都挺好，农村环境也发生的大变化。人民健康是民族昌盛和国家富强的重要标志，要重点关心独生子女父母亲的养老问题，独生子女工作压力大，没有时间照顾老人。而老龄化一天比一天加大，这个问题应该提到议事日程，具体的实施。',1,17341074),(249,'2019-03-12 14:43:59.842469','发动强军兴军的创新引擎——军队代表委员热议科技兴军','创新能力是一支军队的核心竞争力，也是生成和提高战斗力的加速器。抓创新就是抓发展，谋创新就是谋未来。军队科技工作者要大力弘扬‘两弹一星’精神、载人航天精神，在世界军事高科技竞争中主动作为，努力创造引领世界潮流的科技成果。',1,17341074),(250,'2019-03-12 14:46:33.508165','第十五讲：用更加健全的制度体系保证人民当家作主','中国是社会主义国家，是人民民主专政的国家。只有以人民为发展根本，才是富国强国之道。而要实现更进一步的民主，就要完善各种法律法规，依法治国，健全体制制度。人民代表大会就是很好的制度体现。我们应该坚持下去，以人民为基础，以党为领导，不断地走下去！',1,17341097),(251,'2019-03-12 14:49:51.497054','第十六讲：社会主义协商民主广泛多层制度化发展','社会主义协商民主广泛多层制度化发展是很重要的。中国是走社会主义道路了，所以要坚持中国共产党领导，聚集群众智慧。民主的表现形式有多种，我们要坚信一点，充分的民主体现在健全的制度上。很多届人民政治协商会议取得的成功我们有目共睹。新时代来了，我们相信，中国必将迎来更好的未来。',1,17341097),(252,'2019-03-12 15:18:57.509093','600字极简版！速读最高检工作报告！','3月12日，中国人民共和国最高人民检察院检察长张军在全国人大二次会议中，做出了去年一年的工作报告，期中提及了为民司法，诉讼监督，公益诉讼，提升能力和接受监督。用一系列的硬数据给予了我们满意的答复，每一次的办公，都是为民为公所做，践行社会主义的核心价值观。依法治国，中国将会越来越好',1,18340060),(253,'2019-03-12 15:58:13.231326','三分钟读懂最高法工作报告','最高法报告中体现了许多关于我国法律法规的思想内容，其中，有法可依，有法必依，违法必究，执法必严是我们建成社会主义法治国家的重要基础，必须严格依照法律法规，严厉打击黑恶势力和不法分子，稳固社会根基，服务经济发展、保障社会稳定、全面深化司法体制改革，加快推进队伍建设、防止“灯下黑”等都将是人民法院的工作重点。',1,17341073),(254,'2019-03-12 17:24:55.891640','习近平出席解放军和武警部队代表团全体会议','习近平强军思想，是习近平新时代中国特色社会主义思想的“军事篇”。确立习近平强军思想在国防和军队建设中的指导地位，对于实现党在新时代的强军目标、建成世界一流军队，乃至对于全面建成社会主义现代化强国、实现中华民族伟大复兴，都具有重大而深远的意义。',1,17341117),(255,'2019-03-12 17:25:46.676788','习近平：做实体经济要实实在在、心无旁骛做主业','实体经济是物质财富的源泉。财富是人类社会生存与发展的必要条件，主要来源于物质、精神产品和服务的生产、流通规模的扩大和积累。经济学在相当长的时间里认为物质产品是社会的真正财富，生产物质产品的实体经济则是社会物质财富的主要来源，而实体经济的规模和竞争力则决定了财富的数量和质量。',1,17341117),(257,'2019-03-12 19:16:16.494546','山西国土绿化迈出坚实步伐 3年累计营造林1378万余亩','中央提出了绿水青山就是金山银山的口号。不过要在建设好绿水青山的同时收获金山银山，还是具有一定的挑战性。需要前期一定的投入。我们要借鉴山西退耕还林，创造工作岗位，提高人民生活水平的优秀经验。真正落实时代发展的需要。',1,17341095),(258,'2019-03-12 19:22:56.395042','海南打造全国国产天然橡胶现货交易网络平台','中央成立了海南经济贸易试验区，推进了海南原生经济作物的商品化改革，增加了当地居民的收入。在种植技术的研发，交易平台的打造有好的经验。现在国家同时在大力推进西部大开发，西部要借鉴海南的经验，结合当地特色的经济作物，做好平台，实现商品化，这将为全面小康社会的实现打下坚定基础。',1,17341095),(259,'2019-03-12 22:28:17.509620','代表委员议国是：为全面建成小康社会收官打下决定性基础','今年是我国绝战全面建成小康社会、实现第一个百年奋斗目标的关键之年，习近平总书记强调，坚持稳中求进工作总基调，按照高质量发展要求，统筹推进各项工作，打下决定性基础。尤其是坚持农业农村优先发展、释放全社会创新创业创造动能、保持加强生态文明建设战略定力，弥补短板，高质量发展。',1,16337174),(260,'2019-03-12 22:36:04.899873','总书记关心的身边事：不断提高人民健康水平','人民的生活质量关乎着人民的健康水平，“没有全民健康，就没有全面小康”，社会发展的同时首先要关注人民健康水平，完善医疗保障体系，尤其是推进养老服务业的发展和建设，确保“老有所养、病有所医”。',1,16337174),(261,'2019-03-12 22:36:14.372163','每日金句|习近平论加快构建生态文明体系','要通过加快构建生态文明体系，使我国经济发展质量和效益显著提升，确保到2035年节约资源和保护环境的空间格局、产业结构、生产方式、生活方式总体形成，生态环境质量实现根本好转，生态环境领域国家治理体系和治理能力现代化基本实现，美丽中国目标基本实现。',1,18340069),(262,'2019-03-12 22:46:45.314045','第五讲：中国特色社会主义新时代标示我国发展新的历史方位','经过长期努力，中国特色社会主义进入了新时代，这是我国发展新的历史方位。从十九大到二十大，是两个一百年奋斗目标的历史交汇区，不仅要实现全面小康社会的目标，更要开启全面建设社会主义现代化国家的新征程。我们党在科学把握时代趋势和国际局势重大变化，科学把握世情国情党情深刻变化的基础上，作出了中国特色社会主义进入了新时代这一重大政治论断，反映了我国的实际状况，揭示了制约我国发展的症结所在，指明了解决当代中国发展主要问题的根本着力点。',1,16337174),(263,'2019-03-12 22:57:52.400668','第六讲：我国社会主要矛盾的变化是关系全局的历史性变化','中国特色社会主义进入新时代，我国社会主要矛盾已经转化为人民日益增长的美好生活需要和不平衡不充分的发展之间的矛盾，反映了时代和实践要求。随着社会需求和社会生产两个方面情况的变化，我国的主要矛盾也经历了多次变化。根据详细的数据显示，我国社会生产力水平总体上显著提高，社会生产能力在很多方面进入世界强烈，更加突出的问题是发展不平衡、不充分，这是制约满足人民美好生活需要的主要因素，其他问题归根结底都是由此造成或派生而来。',1,16337174),(264,'2019-03-12 23:23:00.885757','每日金句|习近平论加快构建生态文明体系','绿水青山就是金山银山，注重生态效益可以带来发展质量和效益的提升。到本世纪中叶，建成富强民主文明和谐美丽的社会主义现代化强国，绿色发展方式和生活方式全面形成，人与自然和谐共生，生态文明建设必不可少，功不可没。',1,18340075),(265,'2019-03-12 23:27:46.483683','两会经济观察：供给侧结构性改革的成果要巩固更要提升','尽管2018年国内外形势严峻，但我国仍然完成全年经济社会发展主要目标任务，更为可喜的是，供给侧结构性改革不断深化，实体经济活力持续释放。思危方能居安，供给侧结构性改革的成果要巩固更要提升，这样才能增强微观主体活力，继续推动中国经济高质量发展。',1,18340076),(266,'2019-03-12 23:31:54.772086','这项最普惠的民生工程 习近平始终念兹在兹','要加强宣传教育，创新活动形式，引导广大人民群众积极参加义务植树，不断提高义务植树，义务严格保护森林，增强义务植树效果，把义务植树深入持久开展下去，为全面建成小康社会，实现中华民族伟大复兴的中国梦不断创造更好的生态条件',1,17341096),(267,'2019-03-12 23:34:39.197415','每日科普|中国北斗系统怎样服务全球？','北斗系统是中国自主建设、独立运行，与世界其他卫星导航系统兼容共用的全球卫星导航系统。对我国国家安全具有无可替代的重大意义，也在我国国民经济、百姓生活等方面得到广泛应用，同时走出国门惠及世界。未来我国导航系统必将登上新的高峰。',1,18340076),(268,'2019-03-12 23:36:34.891428','代表委员议国是：为全面建成小康社会收官打下决定性基础','坚持稳中求进工作总基调，按照高质量发展要求，统筹推进稳增长、促改革、调结构、惠民生、防风险、保稳定各项工作，保持经济持续健康发展和社会大局稳定，为全面建成小康社会收官打下决定性基础。建议大力借助现代科技手段更好摸清草原资源家底，遵循生态系统内在的机理和规律，因地制宜、分类施策。',1,17341096),(269,'2019-03-12 23:45:12.680738','第十三讲：实现我国经济高质量发展','我国经济已经从高速增长阶段进入高质量发展阶段，我们需要引领经济发展新常态，把推进供给侧结构性改革作为经济工作的主线，继续解决和发展社会生产力，减少无效和低端供给，扩大有效和中高端供给，增强供给结构对需求变化的适应性和灵活性，提高全要素生产率。',1,16337171),(270,'2019-03-12 23:45:19.927172','习近平出席解放军和武警部队代表团全体会议','通过学习，我们了解到要围绕规划明确的总体布局，突出抓好军事斗争准备急需、作战体系关键支撑、国防和军队改革配套等重点项目，确保重大建设任务落地、关键能力指标实现。要加大攻关力度，加快建设进程，把住时间节点、质量要求，实现进度和标准一起抓。要抓住政策制度改革契机，抓紧健全军事力量建设和军事管理等方面政策制度，为规划任务落实提供有力保障。',1,17341114),(271,'2019-03-12 23:45:42.086568','第十四讲：形成全面开放新格局','开放带来进步，封闭必然落后，中国开放的大门不会关闭，只会越开越大。我国要坚持对外开放，顺应经济全球化潮流，才能更好实现可持续发展。融入世界经济是历史大方向。中国经济要敢于到世界市场的汪洋大海中去游泳。如今我们成功做到了。我们还带领了一带一路亚投行，建立了开放型经济新体制，创建了全方位对外开放新格局。',1,16337171),(272,'2019-03-12 23:46:42.643984','每日金句|习近平论加快构建生态文明体系','生态文明建设功在当代、利在千秋。紧密团结在以习近平同志为核心的党中央周围，充分发挥党的领导和我国社会主义制度能够集中力量办大事的政治优势，加大力度推进生态文明建设、解决生态环境问题，我们就一定能推动形成人与自然和谐发展现代化建设新格局，让中华大地天更蓝、山更绿、水更清、环境更优美',1,17341114),(273,'2019-03-12 23:50:42.192559','每日金句|习近平论加快构建生态文明体系','人应与自然和谐共生，我们要加快构建生态文明体系，全面形成绿色发展方式和生活方式，全面实现生态环境领域国家治理体系和治理能力现代化，早日建成美丽中国',1,16337171),(274,'2019-03-12 23:52:04.969312','这项最普惠的民生工程 习近平始终念兹在兹','植树造林是实现天蓝、地绿、水净的重要途径，是最普惠的民生工程。NASA前段时间公布的数据显示，地球现在有了更多的植被覆盖，而我国的做出了极大的贡献。前人种树后人乘凉，我们都是乘凉者，但更要做一个种树者',1,16337171),(275,'2019-03-13 09:14:00.000000','代表委员议国是：为全面建成小康社会收官打下决定性基础','正如总书记调研时强调的，我们要坚持稳中求进工作总基调，按照高质量发展要求，统筹推进稳增长、促改革、调结构、惠民生、防风险、保稳定各项工作，保持经济持续健康发展和社会大局稳定，为全面建成小康社会收官打下决定性基础。全面建成小康社会需要全社会大家共同努力。',1,17341074),(276,'2019-03-13 09:18:00.000000','央视快评：力戒形式主义 切实为基层减负','为基层松绑减负的务实措施把力戒形式主义、官僚主义作为重要任务。要树立正确的政绩观，以实际行动践行“以人民为中心”的执政理念。必须彻底治理重形式轻落实、以形式代替落实等顽瘴痼疾，倡导实干，为广大基层干部减负。',1,17341074),(277,'2019-03-13 08:18:00.000000','从全国两会看奋进中国的发展活力','全国两会中提出了许多关于发展的理念，谋创新、促改革、抓机遇的氛围格外热烈。坚定信心，咬定高质量发展目标，奋进中国的发展活力更加激越澎湃。政府报告中多次强调创新，创新已是新时代发展的主题，创新就像挖一口深井，过程艰难，但成功后活水就源源不断，我们要坚持创新，持续发展',1,17341073),(278,'2019-03-13 09:49:00.000000','习近平出席解放军和武警部队代表团全体会议','总书记强调要打好我军建设发展“十三五”规划落实攻坚战确保如期完成国防和军队建设目标任务，要围绕规划明确的总体布局，突出抓好军事斗争准备急需、作战体系关键支撑、国防和军队改革配套等重点项目，确保重大建设任务落地、关键能力指标实现，为新时代强军目标的早日实现奠定基础。',1,18340069),(279,'2019-03-13 10:46:00.000000','两会观察：外商投资法草案释放了五大信号','制定外商投资法，是中国扩大对外开放、促进外商投资的重要举措。外商投资法草案释放了中国全面开放、高水平开放的强烈信号，预示着世界第二大经济体将以更大力度、更积极的姿态融入到全球化发展进程中。',1,17341099),(280,'2019-03-13 10:55:00.000000','习近平看望参加政协会议的文艺界社科界委员','新时代呼唤着杰出的文学家、艺术家、理论家，文艺创作、学术创新拥有无比广阔的空间，要坚定文化自信、把握时代脉搏、聆听时代声音，坚持与时代同步伐、以人民为中心、以精品奉献人民、用明德引领风尚。',1,17341099),(281,'2019-03-13 10:55:00.000000','第十七讲：加快建设社会主义法治国家','加快建设社会主义法治国家，健全法治，依法治国。中国正处于发展的绝佳时期，制度上来了，经济才能上来，综合实力才能上来。而走这条路，又必须是自己的路，特色的路。各级政府都应该在党的领导下，走唯一正确的中国特色社会主义道路，这样下来，中国才能更好的发展。',1,17341097),(282,'2019-03-13 11:02:00.000000','第十八讲：推动社会主义文化繁荣兴盛','文化是一个国家、一个民族的灵魂。文化兴国运兴，文化强民族强。没有高度的文化自信，没有文化的繁荣兴盛，就没有中华民族伟大复兴。为了提高自信，我们应该坚持社会主义核心价值观不动摇，相信国家，相信党，珍惜传统文化精髓。从小处，从大局，我们都要对中华文化有自信。',1,17341097),(283,'2019-03-13 11:40:00.000000','第七讲：坚持党对一切工作的领导','坚持党对一切工作的领导是非常重要的中国共产党对一切工作的领导是中国特色社会主义最基本的特指。习近平总书记党中央的核心，全党的核心地位，是在伟大斗争中取得的，我们应该拥护这一伟大制度。这样我们的工作才能更好的发展进行',1,17341105),(284,'2019-03-13 11:50:00.000000','2019年两会，习近平六下团组讲话重点全在这里','习近平总书记在今年的两会期间，六下团组讲话，讲话内容涉及各方各面。在参与文艺社科的讨论中说到，媒体要为民而工作，要求真实而且精品。在与内蒙古代表团的讲话中，强调要坚持生态发展。在其他的谈话中更是把扶贫攻坚列为了重中之重，要求“不获全胜，决不收兵！”这是共产党的决心，更是全中国人民的决心！！',1,18340060),(286,'2019-03-13 16:16:39.705664','每日金句|习近平论中国共产党领导的多党合作和政治协商制度','中国共产党领导的多党合作和政治协商制度，中国特色的政党制度，是我国的一项基本政治制度。中国共产党执政的实质，是代表广大人民掌握人民民主专政的国家政权。各民主党派参政的基本点是：参加国家政权，参与国家大方针和国家领导人选的协商，参与国家事物的管理，参与国家方针、政策、法律、法规的制定和执行。',1,17341117),(322,'2019-03-13 16:16:00.000000','中国载人深潜向海底一万米进发 2020年将投入使用','创新是一个民族进步的灵魂，是一个国家兴旺发达的不竭动力。科学技术的本质就是创新。我国是一个发展中国家，要想赶超发达国家，关键要靠创新。只有把科技进步的基点放在增强自主创新能力和持续创新能力上，才能实现我国科学技术的跨越式发展，真正掌握发展的主动权。没有创新，就要受制于人；没有创新，就不可能赶超发达国家。',1,17341117),(323,'2019-03-13 16:29:00.000000','习近平等出席十三届全国人大二次会议第三次全体会议','人大二次会议在协调中国发展，加快中国社会主义步伐上有着极大的重要性。各领导都就社会各方面问题提出了见解和做法。相信，坚持共产党领导，有条理地解决问题，中国会越来越好',1,17341097),(324,'2019-03-13 16:29:00.000000','习近平参加福建代表团审议讲话金句','“为中小企业、年轻人发展提供有利条件，为高技术企业成长建立加速机制。”习主席的这句话无疑是时代的强音。当今社会是青年的社会，只有青年强国才强，鼓励小企业、青年发展，有利于提高中国的经济活力',1,17341097),(326,'2019-03-13 20:29:00.000000','第七讲：坚持党对一切工作的领导','中国共产党领导是中国特色社会主义最本质的特征。中国的地域辽阔，人口基数大，要把众人的思想和力量统一起来建设社会主义，必须由一个具有高度觉悟性、纪律性和自我牺牲精神的党员组成的能够真正代表和团结人民群众的党的领导。中国特色社会主义是党领导人民经过长期探索取得的根本成就，也只有在党的领导下才能不断向前发展。坚持党对一切工作的领导，坚决维护习近平总书记党中央的核心、全党的核心地位。',1,16337191),(327,'2019-03-13 21:24:27.803401','第九讲：将全面深化改革进行到底','1978年12月，党的十一届三中全会作出改革开放伟大决策。我国经济高速发展，取得了许多辉煌的成绩，经济总量稳居世界第二，人民由满足物质文化生活需要向美好生活目标迈进。全面深化改革的总目标是完善和发展中国特色社会主义制度、推进国家治理体系和治理能力现代化。这里面最核心的是坚持和改善党的领导、坚持和完善中国特色社会主义制度。',1,16337191),(328,'2019-03-13 23:48:00.000000','第十五讲：用更加健全的制度体系保证人民当家作主','人民当家作主是我国核心制度之一，是我们党矢志不渝的奋斗目标。国家的一切权力属于人民，人民依照法律法规，通过各种途径和形式，管理国家事务、经济文化事业、社会事务。我们要始终以人民为中心，维护最广大人民根本利益。',1,16337171),(330,'2019-03-13 23:40:00.000000','共和国是红色的！习近平今年两会这样谈“初心”','要有不怕疲劳、连续作战的顽强作风，要解决现实问题，病急乱投医、崇洋媚外是不行的。要把中国的事情搞清楚，把好脉。要“确保老区苏区在全面建成小康社会进程中一个都不掉队”。“要梳理排查、抓紧工作”，“要坚持精准扶贫、精准脱贫，找到问题根源，增强脱贫措施的实效性”',1,17341096),(331,'2019-03-13 23:42:00.000000','每日金句|习近平论中国共产党领导的多党合作和政治协商制度','坚持中国共产党的领导，不是不要民主了，而是要形成更广泛、更有效的民主。我们应该不忘多党合作建立之初心，坚定不移走中国特色社会主义政治发展道路，把我国社会主义政党制度坚持好、发展好、完善好，政治协商、民主监督、参政议政，就是这种民主最基本的体现。坚持中国共产党的领导，不是不要民主了，而是要形成更广泛、更有效的民主。',1,17341096),(333,'2019-03-13 23:48:37.378363','人工智能发展亟待法律“画方圆”','及时考虑人工智能立法事宜是明智之举。当下人工智能技术的创新节奏不断加快，应用场景也日新月异。人工智能的领地早已不限于下围棋和充当智能手机助手，制造、仓储、交通、汽车、教育、医疗、金融、家居、陪护、娱乐、服务等各行各业都可看到人工智能的身影',1,17341114),(334,'2019-03-13 23:50:10.593629','十八大以来，中央给基层干部减了哪些负','“减负”并不是终极目的，中央提出解决形式主义、为基层松绑“减负”，就是将广大基层干部“从一些无谓的事物中解脱出来”，从提供材料的忙乱中解放出来，激励他们担当作为，崇尚实干，把更多精力用在打好三大攻坚战、推动高质量发展上',1,17341114),(335,'2019-03-13 23:57:01.364403','1分40秒飞越中国，鸟瞰春耕开犁忙','一年之计在于春，农民伯伯农务忙。此下正是阳春三月，春暖花开，是播种希望的季节。我们要把握住这美好春光，才能把握住这接下来的这一年。有付出才可能有收获，拒绝浮躁，脚踏实地。新学期，新气象!',1,17341095),(336,'2019-03-14 00:12:21.921648','共和国是红色的！习近平今年两会这样谈“初心”','靡不有初，鲜克有终。我们的初心是什么?习总书记简明的一针见血的指出了。共和国是红色的，努力建设社会主义强国是我们不可更改的理想。勤俭节约，艰苦奋斗是我们中华民族的传统美德，我们不能因为慢慢经济条件好了就丢失了这些宝贵的品质，我们要从我做起，从身边的小事做起。不忘初心，方得始终!',1,17341095),(337,'2019-03-13 23:26:00.000000','共和国是红色的！习近平今年两会这样谈“初心”','共和国是红色的，如今我国的经济发展起来了，但我们也还是要艰苦奋斗，勤俭节约，反对浪费。这种思想永远不能丢',1,16337171),(338,'2019-03-13 23:26:00.000000','每日金句|习近平论中国共产党领导的多党合作和政治协商制度','我国坚持中国共产党领导的多党合作和政治协商制度，强调社会主义民主。我们要坚定不移的走中国特色社会主义政治发展道路，把我国社会主义政党制度坚持好、发展好、完善好',1,16337171),(339,'2019-03-13 23:29:00.000000','第一讲：习近平新时代中国特色社会主义思想是党和国家必须长期坚持的指导思想','中国特色社会主义是党和人民付出各种代价取得的宝贵成果，具有非常重大的历史意义。坚持中国特色社会主义的道路，只有坚持中国特色社会主义才能实现中华民族的伟大复兴。',1,16337129),(340,'2019-03-14 07:28:14.596657','共和国是红色的！习近平今年两会这样谈“初心”','艰苦奋斗、勤俭节约是中华民族的传统美德，是我们党的传家宝，也是新形势下加强领导干部作风建设的一个重要方面。“艰难困苦，玉汝于成”、“居安思危，戒奢以俭”。中华民族历来以勤劳勇敢、不畏艰苦著称，历来讲求勤俭持家，勤俭办一切事情。我们党是靠艰苦奋斗成长壮大、成就伟业的，是靠勤俭节约发展事业、建设国家的。',1,17341117),(341,'2019-03-14 07:29:17.490992','每日金句|习近平论全面深化改革','创新是一个民族进步的灵魂,是一个国家兴旺发达的不竭动力。文化创新可以推动社会实践的发展,这是文化创新的根本目的,也是检验文化创新的标准所在，能促进民族文化的繁荣,是一个民族永葆生命力和富有凝聚力的重要特征',1,17341117),(342,'2019-03-14 08:17:29.286083','习近平出席解放军和武警部队代表团全体会议讲话金句','要搞好全局统筹，统好任务计划、力量资源、管理流程，确保各项建设有序推进。各级要树立过紧日子思想，严格执行中央八项规定精神和军委十项规定，发扬艰苦奋斗优良作风，把钱用在刀刃上。而军民团结是我军的优良传统，应该坚持为人民服务的思想。',1,18340069),(343,'2019-03-14 08:18:55.782832','每日金句|习近平论全面深化改革','事业发展没有止境，深化改革没有穷期；事业发展全面推进，呼唤着改革全面深化。新时代坚持和发展中国特色社会主义，根本动力仍然是全面深化改革。在新时代的征程上，全党同志一定要适应新时代中国特色社会主义事业发展进程，牢牢把握完善和发展中国特色社会主义制度、推进国家治理体系和治理能力现代化的总目标，统筹推进各领域各方面改革。',1,18340069),(344,'2019-03-14 09:50:00.000000','习近平出席解放军和武警部队代表团全体会议讲话金句','军政军民团结是我们的优良传统和政治优势。国防力量是为了保卫国家，维护治安稳定不可忽视的因素。统筹当前建设实际和长远发展需要，做好需求论证、规划衔接、任务对接，确保国防和军队现代化建设接续推进。国家要把军队建设成为一支能打胜仗，作风优良的人民子弟兵。',1,17341074),(346,'2019-03-14 09:54:00.000000','王有德：筑起消弭沙漠的绿色长城','这个世界治沙史的奇迹，是王有德带着林场职工，在年降水量不到200毫米的沙漠中实现的！这就是实实在在的贡献！这就是最朴实的爱国！而这个世界治沙史的奇迹，是王有德带着林场职工，在年降水量不到200毫米的沙漠中实现的！这就是实实在在的贡献！这就是最朴实的爱国！我们要谨记：绿水青山就是金山银山，我们要给后人留下宝贵的环境财富！',1,17341074),(349,'2019-03-14 13:11:00.000000','第二讲：坚持和发展中国特色社会主义是当代中国发展进步的根本方向','正如习近平总书记所说：只有社会主义才能救中国,只有中国特色社会主义才能发展中国,才能实现中华民族伟大复兴。坚持好、发展好中国特色社会主义,把我国建设成为社会主义现代化强国，是一项长期任务,需要一代又一代人接续奋斗。为了实现伟大的共产主义，我们这一代青年应该跟随共产党的脚步，继续发展中国特色社会主义，同时要有四个自信——中国特色社会主义道路自信、理论自信、制度自信、文化自信！历史和现实都告诉我们,一场社会革命 要取得最终胜利,往往需要一个漫长的历史过程。我们要做的即是多好我们所处的过程中的每一个细节。',1,18340060),(350,'2019-03-14 14:22:15.116678','第十讲：坚定不移贯彻新发展理念','2008年国际金融危机深层次影响持续蔓延，世界经济进入深度调整期，国际贸易低迷。过去发展中简单地追求增长速度已经行不通，必须确立新发展理念来引领和推动我国经济从高速增长阶段转向高质量发展阶段。发展不平衡不充分的一些突出问题尚未解决，群众在就业、教育、医疗、居住、养老等方面面临不少难题。必须树立创新、协调、绿色、开放、共享的发展理念，提高贯彻新发展理念的能力和水平。',1,16337191),(351,'2019-03-14 14:31:34.639356','第十一讲：决胜全面建成小康社会','20世纪90年代，党的十五大提出21世纪中国社会发展的“三步走”发展目标。全面建成小康社会是实现中华民族伟大复兴的重要基础、关键一步。“小康”讲的是发展水平，“全面”讲的是发展的平衡性、协调性、可持续性。目前，经过发展，创新驱动成效显著，人民生活水平和质量普遍提高，生态环境质量总体改善。全党全国各族人民要继续团结一致，夺取决胜全面建成小康社会的伟大胜利。',1,16337191);
/*!40000 ALTER TABLE `teaching_sharing` ENABLE KEYS */;
UNLOCK TABLES;

--
-- Table structure for table `teaching_takepartin`
--

DROP TABLE IF EXISTS `teaching_takepartin`;
/*!40101 SET @saved_cs_client     = @@character_set_client */;
/*!40101 SET character_set_client = utf8 */;
CREATE TABLE `teaching_takepartin` (
  `id` int(11) NOT NULL AUTO_INCREMENT,
  `credit` double DEFAULT NULL,
  `activity_id` int(11) NOT NULL,
  `member_id` int(11) NOT NULL,
  `last_modified` datetime(6) NOT NULL,
  PRIMARY KEY (`id`),
  UNIQUE KEY `teaching_takepartin_activity_id_member_id_3b4305ab_uniq` (`activity_id`,`member_id`),
  KEY `teaching_takepartin_member_id_79f6fabe_fk_info_member_netid` (`member_id`),
  CONSTRAINT `teaching_takepartin_activity_id_10744c51_fk_teaching_activity_id` FOREIGN KEY (`activity_id`) REFERENCES `teaching_activity` (`id`),
  CONSTRAINT `teaching_takepartin_member_id_79f6fabe_fk` FOREIGN KEY (`member_id`) REFERENCES `info_member` (`netid`)
) ENGINE=InnoDB AUTO_INCREMENT=162 DEFAULT CHARSET=utf8;
/*!40101 SET character_set_client = @saved_cs_client */;

--
-- Dumping data for table `teaching_takepartin`
--

LOCK TABLES `teaching_takepartin` WRITE;
/*!40000 ALTER TABLE `teaching_takepartin` DISABLE KEYS */;
INSERT INTO `teaching_takepartin` VALUES (33,1,1,16337113,'2019-03-02 19:55:52.243017'),(34,1,1,17341061,'2019-03-02 19:55:52.243017'),(35,1,1,15336117,'2019-03-02 19:55:52.243017'),(36,1,1,15336141,'2019-03-02 19:55:52.243017'),(37,1,1,15336095,'2019-03-02 19:55:52.243017'),(38,1,1,15336101,'2019-03-02 19:55:52.243017'),(39,1,1,15336102,'2019-03-02 19:55:52.243017'),(40,1,1,15336121,'2019-03-02 19:55:52.243017'),(41,1,1,16337071,'2019-03-02 19:55:52.243017'),(42,1,1,16337098,'2019-03-02 19:55:52.243017'),(43,1,1,16337108,'2019-03-02 19:55:52.243017'),(45,1,1,16337094,'2019-03-02 19:55:52.243017'),(46,1,1,16337099,'2019-03-02 19:55:52.243017'),(47,1,1,16337106,'2019-03-02 19:55:52.243017'),(48,1,1,16337112,'2019-03-02 19:55:52.243017'),(49,1,1,16337129,'2019-03-02 19:55:52.243017'),(50,1,1,16337154,'2019-03-02 19:55:52.243017'),(51,1,1,17341073,'2019-03-02 19:55:52.243017'),(52,1,1,17341074,'2019-03-02 19:55:52.243017'),(53,1,1,17341095,'2019-03-02 19:55:52.243017'),(54,1,1,17341096,'2019-03-02 19:55:52.243017'),(55,1,1,17341097,'2019-03-02 19:55:52.243017'),(56,1,1,17341099,'2019-03-02 19:55:52.243017'),(57,1,1,17341105,'2019-03-02 19:55:52.243017'),(58,1,1,17341114,'2019-03-02 19:55:52.243017'),(59,1,1,17341117,'2019-03-02 19:55:52.243017'),(60,1,1,18340069,'2019-03-02 19:55:52.243017'),(61,1,1,18340075,'2019-03-02 19:55:52.243017'),(62,1,1,18340076,'2019-03-02 19:55:52.243017'),(64,1,1,16337109,'2019-03-02 19:55:52.243017'),(65,0.3,4,17341073,'2019-03-02 19:55:52.243017'),(66,0.6,4,17341117,'2019-03-02 19:55:52.243017'),(67,0.3,4,17341074,'2019-03-02 19:55:52.243017'),(68,0.5,4,16337174,'2019-03-02 19:55:52.243017'),(70,0.4,4,18340069,'2019-03-02 19:55:52.243017'),(71,0.2,4,18340076,'2019-03-02 19:55:52.243017'),(72,0.5,4,17341114,'2019-03-02 19:55:52.243017'),(73,0.5,4,18340075,'2019-03-02 19:55:52.243017'),(77,0.2,4,17341099,'2019-03-02 19:55:52.243017'),(81,2.5,6,17341073,'2019-03-02 19:55:52.243017'),(82,2.5,6,17341097,'2019-03-02 19:55:52.243017'),(83,2.5,6,17341099,'2019-03-02 19:55:52.243017'),(84,2.5,6,17341105,'2019-03-02 19:55:52.243017'),(85,2.5,6,17341095,'2019-03-02 19:55:52.243017'),(86,2.5,6,17341114,'2019-03-02 19:55:52.243017'),(87,2.5,6,17341117,'2019-03-02 19:55:52.243017'),(88,2.5,6,16337106,'2019-03-02 19:55:52.243017'),(89,1,6,16337109,'2019-03-02 19:55:52.243017'),(90,1,6,16337113,'2019-03-02 19:55:52.243017'),(91,1,6,16337108,'2019-03-02 19:55:52.243017'),(92,1,6,16337071,'2019-03-02 19:55:52.243017'),(93,1,6,16337112,'2019-03-02 19:55:52.243017'),(94,1,6,16337191,'2019-03-02 19:55:52.243017'),(95,1,6,16337174,'2019-03-02 19:55:52.243017'),(96,1,6,16337171,'2019-03-02 19:55:52.243017'),(97,1,6,16337098,'2019-03-02 19:55:52.243017'),(98,1,6,16337094,'2019-03-02 19:55:52.243017'),(99,1,6,16337129,'2019-03-02 19:55:52.243017'),(100,1,6,16337154,'2019-03-02 19:55:52.243017'),(101,1,6,17341061,'2019-03-02 19:55:52.243017'),(102,1,6,17341096,'2019-03-02 19:55:52.243017'),(103,1,6,17341074,'2019-03-02 19:55:52.243017'),(104,1,6,15336121,'2019-03-02 19:55:52.243017'),(105,1,6,15336095,'2019-03-02 19:55:52.243017'),(106,1,6,15336102,'2019-03-02 19:55:52.243017'),(107,1,6,16337099,'2019-03-02 19:55:52.243017'),(108,1,6,15336117,'2019-03-02 19:55:52.243017'),(113,0.1,4,15336121,'2019-03-02 19:55:52.243017'),(114,0.1,4,17341097,'2019-03-02 19:55:52.243017'),(115,0.1,4,18340060,'2019-03-02 19:55:52.243017'),(116,1.5,8,17341114,'2019-03-13 23:50:10.991551'),(117,4.3,8,17341074,'2019-03-14 11:10:03.608727'),(118,2.1,8,17341073,'2019-03-13 13:29:33.546872'),(119,2.7,8,18340069,'2019-03-14 08:19:04.932875'),(120,2.1,8,18340060,'2019-03-14 14:35:36.813282'),(121,2.2,8,17341099,'2019-03-13 13:32:14.168467'),(122,0.8,8,17341097,'2019-03-13 17:21:06.737855'),(123,1,8,18340075,'2019-03-12 23:23:00.914002'),(124,3.8,8,17341117,'2019-03-14 07:29:30.612820'),(125,2.9,8,18340076,'2019-03-12 23:34:39.223878'),(136,0.4,8,15336121,'2019-03-04 23:57:36.136303'),(137,2,8,16337174,'2019-03-12 22:36:07.359023'),(138,0.2,8,16337191,'2019-03-03 21:40:49.464286'),(139,4,8,17341096,'2019-03-14 01:05:12.932724'),(140,1,8,16337112,'2019-03-06 23:05:01.636595'),(141,5,9,16337106,'2019-03-10 18:58:05.227731'),(142,0.5,9,18340060,'2019-03-04 20:06:25.979535'),(143,8,9,17341097,'2019-03-13 13:33:10.473193'),(144,5.5,9,16337191,'2019-03-14 14:32:46.159139'),(145,3,9,16337112,'2019-03-06 23:06:16.826488'),(146,3,9,16337174,'2019-03-12 22:57:55.915924'),(147,3.5,9,17341105,'2019-03-13 13:34:49.951028'),(148,3,9,15336121,'2019-03-10 17:10:21.635479'),(150,2,10,16337098,'2019-03-05 16:36:49.963470'),(151,2,10,16337099,'2019-03-05 16:37:02.315755'),(152,2,10,16337071,'2019-03-05 16:37:31.852054'),(153,2,10,15336102,'2019-03-05 16:37:37.767173'),(154,2,10,16337113,'2019-03-05 16:37:42.137704'),(155,2,10,16337109,'2019-03-05 16:37:47.616935'),(156,3.2,8,16337171,'2019-03-14 01:20:19.253955'),(157,7.5,9,16337171,'2019-03-13 23:50:30.893252'),(158,3.5,9,18340075,'2019-03-12 18:12:29.247114'),(159,1.6,8,17341095,'2019-03-14 00:12:22.544167'),(160,1,9,17341074,'2019-03-10 17:42:16.058030'),(161,0.5,9,16337129,'2019-03-14 01:22:00.075199');
/*!40000 ALTER TABLE `teaching_takepartin` ENABLE KEYS */;
UNLOCK TABLES;

--
-- Table structure for table `user_user`
--

DROP TABLE IF EXISTS `user_user`;
/*!40101 SET @saved_cs_client     = @@character_set_client */;
/*!40101 SET character_set_client = utf8 */;
CREATE TABLE `user_user` (
  `is_superuser` tinyint(1) NOT NULL,
  `username` varchar(50) NOT NULL,
  `password` varchar(128) NOT NULL,
  `last_login` datetime(6) NOT NULL,
  `email` varchar(254) NOT NULL,
  `is_staff` tinyint(1) NOT NULL,
  `is_active` tinyint(1) NOT NULL,
  `date_joined` datetime(6) NOT NULL,
  PRIMARY KEY (`username`)
) ENGINE=InnoDB DEFAULT CHARSET=utf8;
/*!40101 SET character_set_client = @saved_cs_client */;

--
-- Dumping data for table `user_user`
--

LOCK TABLES `user_user` WRITE;
/*!40000 ALTER TABLE `user_user` DISABLE KEYS */;
INSERT INTO `user_user` VALUES (1,'000000','pbkdf2_sha256$120000$4IfAQhOuzuME$1+fY5YL8tDvjgH2q8zBHF64DMCJFrzBXVVro4Rlnp7g=','2019-03-14 15:10:40.226333','965524991@qq.com',1,1,'2019-02-09 22:47:00.000000'),(0,'100001','pbkdf2_sha256$120000$1hPukEohn6se$EKHemTe/X9OOJmF7As/uZ/7vZD+WELAGjrNzL9/f8ME=','2019-03-14 13:12:50.832928','',1,1,'2019-02-15 13:50:00.000000'),(0,'15331331','pbkdf2_sha256$120000$3w2MPnN160A3$9JyO8YUOmrCMhU/wKVilrY9GcB0dV45dLcpOAFfzaaw=','2019-02-24 15:29:15.854842','1519781737@qq.com',1,1,'2019-02-24 15:29:00.000000'),(0,'15336095','pbkdf2_sha256$120000$3S1CyC6qcoEE$H/GwOQsVYCmTYDKKl9PJISQQAihMksb2tWX/WitalJk=','2019-02-15 13:40:09.923372','943246342@qq.com',1,1,'2019-02-15 13:40:04.791453'),(0,'15336102','pbkdf2_sha256$120000$S8LqwNlkOJVc$RW1TyfuX7iRv4QkXG6322tkdtMVDN3JRHVZ6Bo9uORc=','2019-03-14 12:06:10.881959','1120834275@qq.com',1,1,'2019-02-17 16:34:13.289286'),(0,'15336117','pbkdf2_sha256$120000$DBhExQfzGzCU$MJKuDS+PxhNwoaGCEwH3i+gmEJsSUp0nK7d5Rli3owg=','2019-03-05 11:44:57.794810','liuzhh58@mail2.sysu.edu.cn',1,1,'2019-02-17 16:52:16.984093'),(0,'15336121','pbkdf2_sha256$120000$b7dZuafg2fK1$QbmsdjUaXRm3pNkFvx+1DsegM2J2LMavcO0+vdGCgpk=','2019-03-13 21:41:41.597320','1278569186@qq.com',1,1,'2019-02-15 13:47:58.209737'),(0,'15336141','pbkdf2_sha256$120000$QpR1Sx35sMeb$SIlKlk5yKfRHMsUc5S2OkVTlg/0rqxoUyedvQuZI1YA=','2019-02-17 16:42:48.144790','961862555@qq.com',1,1,'2019-02-17 16:42:44.251988'),(0,'16337071','pbkdf2_sha256$120000$rihQ3Uo0TtFV$XhGZ0xzt7dgZwXLsx8jt3QNtkbpifOxtVxuh0ICGuPM=','2019-03-14 11:25:58.977713','guory5@mail2.sysu.edu.cn',1,1,'2019-02-16 12:34:51.505340'),(0,'16337094','pbkdf2_sha256$120000$4yF7roeYOm1F$EpiLVuMrz9ManXLlShawvhKUxh1iNZMuzmdGAlZMPvY=','2019-03-01 22:34:00.684445','2217549130@qq.com',1,1,'2019-02-15 20:34:46.868799'),(0,'16337098','pbkdf2_sha256$120000$MQOLJdvO7nKy$fW9puqdRVj66gM6d7QcMfvwjz51H0Xz386o5i+6fiJs=','2019-02-25 15:03:43.290976','1240945617@qq.com',1,1,'2019-02-17 19:34:03.367241'),(0,'16337099','pbkdf2_sha256$120000$exsiJnPPHUJI$OMJTg2LWOomq1nVqkbUm/1/Bby8d7sw2RXNhl1czqnE=','2019-03-01 21:32:33.993532','2659117250@qq.com',1,1,'2019-03-01 21:32:30.054774'),(0,'16337106','pbkdf2_sha256$120000$ICjDrCEy9TMP$K18gHLuSv5DnMk+iFTqDPBOecFXIsebbGuL+pej0mfo=','2019-03-04 18:51:57.083416','422874005@qq.com',1,1,'2019-02-16 12:24:11.097475'),(0,'16337108','pbkdf2_sha256$120000$oIZwKBGXkECP$hbUSAbJpRGxh3tFgFQ5sfJhxVZL/EYNHKlUlVErZvI4=','2019-03-14 11:20:49.278494','3463141351@qq.com',1,1,'2019-02-15 16:09:43.270776'),(0,'16337109','pbkdf2_sha256$120000$1l26xUBZmTTp$4zU/SKDjlP+xCW618Wk9PbV1SGJ4z4f4joiN6c5BDNI=','2019-03-01 21:32:39.637452','1214097402@qq.com',1,1,'2019-02-15 16:32:00.000000'),(0,'16337112','pbkdf2_sha256$120000$mrHXalCCFTRp$RpvIwhEfsDqH3HuU2H2TkuWQ18AZamdrrWIdaiLEOYg=','2019-03-14 10:06:42.957925','1073334177@qq.com',1,1,'2019-02-17 13:39:28.943935'),(0,'16337113','pbkdf2_sha256$120000$CAoxKRgSXQuH$uw6ReylBgE+E4hCorgsmgTyHUrR/Qf/iknezESz083w=','2019-03-14 15:11:39.357715','laomd@mail2.sysu.edu.cn',1,1,'2019-02-09 23:12:00.000000'),(0,'16337129','pbkdf2_sha256$120000$h7sx7c3KG19Q$cJJ58IYR6fM1d5+XR3nULvZbgNRErEDkHfbh6ZcIBNA=','2019-03-13 22:11:20.630196','3470568233@qq.com',1,1,'2019-02-17 12:51:26.842229'),(0,'16337154','pbkdf2_sha256$120000$raaiOAAy6d3f$H9klz89hGzc7woSAp4MpDR4C/Lj89XF+tzIPtz1f4FA=','2019-02-23 09:41:26.881740','1045991549@qq.com',1,1,'2019-02-22 13:06:04.877703'),(0,'16337171','pbkdf2_sha256$120000$PUs25ftsRlVB$V/mVhfqHBZeuGeRVasVoqD6VMOhs0Ng+IF8ppn2eaFg=','2019-03-08 23:34:22.847872','1141574974@qq.com',1,1,'2019-02-15 15:48:05.023276'),(0,'16337174','pbkdf2_sha256$120000$ZNBayU6kwOit$Res/s7DvcRpda2tYIcOkf3/5YwK8k6ppq99W5WEDBUc=','2019-03-09 21:36:12.085784','578928088@qq.com',1,1,'2019-02-26 18:54:16.793741'),(0,'16337191','pbkdf2_sha256$120000$YMyhnfX1oMbw$kRP7EFSeymlxlViH558HEOw7HIu/swr+UpD00qcvXlA=','2019-03-14 14:36:14.154604','1136150296@qq.com',1,1,'2019-02-19 01:55:18.471600'),(0,'16337260','pbkdf2_sha256$120000$LYPE6Snw1FkL$lxFa60f+YjmJVEgkzp7lJ4WYf9SM63g+95Rsx4lX020=','2019-02-16 11:22:57.706182','1053331679@qq.com',1,1,'2019-02-15 00:15:00.000000'),(0,'17341061','pbkdf2_sha256$120000$Vp848TsOUxjx$LkHaDbJapPwYJtpbCBzw5P12oi0tQTHJmQp7rqOUdRc=','2019-03-08 18:21:43.878642','1173685903@qq.com',1,1,'2019-02-15 18:48:31.535741'),(0,'17341073','pbkdf2_sha256$120000$C65cgZ6Yk6t7$dk0a9rDJqdj8J9Gcy3R0UX3nIJjbThQUF35cLsWQkZA=','2019-03-14 13:55:49.353497','463275460@qq.com',1,1,'2019-02-15 13:24:14.865594'),(0,'17341074','pbkdf2_sha256$120000$AT1x9x5TWYWe$oEmEQ0WXnvA0neFrVBXZW8YQIJn6bBWqjzBpQacD+CM=','2019-03-12 14:59:46.145269','1103597762@qq.com',1,1,'2019-02-15 15:11:09.184800'),(0,'17341087','pbkdf2_sha256$120000$HlDkgSpiCzpy$AR7F4NeGDMR32qBSZBp9gxzaapmpqkZgB1ZcgVHM2aQ=','2019-02-23 09:48:06.673354','at8397756@163.com',1,1,'2019-02-15 13:30:59.410680'),(0,'17341096','pbkdf2_sha256$120000$h4QDv3rhvEXA$HX57tMXGKXvJEzqLOj/q7wtpie3d39KPt08bJJhl8OM=','2019-03-13 23:50:46.006186','1015118636@qq.com',1,1,'2019-02-15 18:11:33.597040'),(0,'17341097','pbkdf2_sha256$120000$iQ0yt4XjfAgB$fMpzJTcJU7lnyC9+9LunSek4ros2UHzGfKwbClJKjoA=','2019-03-13 21:29:34.056642','1293338675@qq.com',1,1,'2019-02-15 13:53:39.611199'),(0,'17341099','pbkdf2_sha256$120000$cna1biHKG7Rz$wmXcdIaGlEsTG300Ak9UCzP5rd63CTqM9JtQj3GqEA4=','2019-03-10 14:20:04.936052','2236849604@qq.com',1,1,'2019-02-17 19:38:09.293315'),(0,'17341105','pbkdf2_sha256$120000$tebAGXW6mKy5$yOPxen3YYl4j4TuVctwAAcvaEKUuVoLSOKpGhsW4D5I=','2019-02-17 16:54:35.153988','1193491740@qq.com',1,1,'2019-02-17 16:53:16.780051'),(0,'17341114','pbkdf2_sha256$120000$u2Y8QuCCfwK9$v2YOFLPho8X6sK2ovVX+YC2x17Xxn8iSPhG2mo7ZC/E=','2019-02-16 19:54:09.257121','3044897992@qq.com',1,1,'2019-02-15 18:14:41.072356'),(0,'17341117','pbkdf2_sha256$120000$M0P5w45n4rQp$r5uujFODF+X4Fjn+53K8QO4r/WJl4XyyuZ9+/B42r1M=','2019-03-14 08:36:30.165840','729228747@qq.com',1,1,'2019-02-15 17:43:22.946148'),(0,'18340060','pbkdf2_sha256$120000$hSHOvFI3qtfp$RBJe6DTYOgKAqSmTXpjaQz1Zc/F1iz8A1unDwQFMEpA=','2019-03-08 17:43:55.991141','1770631002@qq.com',1,1,'2019-02-15 21:31:39.456144'),(0,'18340069','pbkdf2_sha256$120000$3I462IWHzmay$U/oFl8YJUDEepkQWljlZ2uL6chd2k9vKs5BFNr2qsuY=','2019-03-14 00:00:28.733004','314200068@qq.com',1,1,'2019-02-15 13:32:45.226887'),(0,'18340074','pbkdf2_sha256$120000$hpMOVg9IplvZ$ge6U+tMs1gGN0S3hwjzLytpR0Sbdy0Cy6fDRiLitnxI=','2019-02-18 23:45:33.850793','1525876369@qq.com',1,1,'2019-02-16 00:08:11.099614'),(0,'18340075','pbkdf2_sha256$120000$rzvEOwl7fFXd$jEl7DwMkPwWZ/32igEbPts10FiiOp2/rZN0p/rZb2kk=','2019-03-08 18:53:48.578407','974238840@qq.com',1,1,'2019-02-15 13:50:13.486467'),(0,'18340076','pbkdf2_sha256$120000$Lb3eKj4fjv1E$4Fn+KpF1ExMxwZTu0DTHvvFcoCkm5kCXq7BKlageGkc=','2019-03-08 18:36:28.432775','280189627@qq.com',1,1,'2019-02-18 20:48:46.185505');
/*!40000 ALTER TABLE `user_user` ENABLE KEYS */;
UNLOCK TABLES;

--
-- Table structure for table `user_user_groups`
--

DROP TABLE IF EXISTS `user_user_groups`;
/*!40101 SET @saved_cs_client     = @@character_set_client */;
/*!40101 SET character_set_client = utf8 */;
CREATE TABLE `user_user_groups` (
  `id` int(11) NOT NULL AUTO_INCREMENT,
  `user_id` varchar(50) NOT NULL,
  `group_id` int(11) NOT NULL,
  PRIMARY KEY (`id`),
  UNIQUE KEY `user_user_groups_user_id_group_id_bb60391f_uniq` (`user_id`,`group_id`),
  KEY `user_user_groups_group_id_c57f13c0_fk_auth_group_id` (`group_id`),
  CONSTRAINT `user_user_groups_group_id_c57f13c0_fk_auth_group_id` FOREIGN KEY (`group_id`) REFERENCES `auth_group` (`id`),
  CONSTRAINT `user_user_groups_user_id_13f9a20d_fk_user_user_username` FOREIGN KEY (`user_id`) REFERENCES `user_user` (`username`)
) ENGINE=InnoDB AUTO_INCREMENT=53 DEFAULT CHARSET=utf8;
/*!40101 SET character_set_client = @saved_cs_client */;

--
-- Dumping data for table `user_user_groups`
--

LOCK TABLES `user_user_groups` WRITE;
/*!40000 ALTER TABLE `user_user_groups` DISABLE KEYS */;
INSERT INTO `user_user_groups` VALUES (34,'100001',3),(49,'15331331',2),(13,'15336095',1),(37,'15336102',1),(39,'15336117',1),(14,'15336121',1),(38,'15336141',1),(32,'16337071',1),(28,'16337094',1),(41,'16337098',1),(51,'16337099',1),(31,'16337106',1),(21,'16337108',1),(52,'16337109',2),(36,'16337112',1),(2,'16337113',2),(35,'16337129',1),(47,'16337154',1),(20,'16337171',1),(50,'16337174',1),(45,'16337191',1),(9,'16337260',2),(26,'17341061',1),(10,'17341073',1),(19,'17341074',1),(11,'17341087',1),(24,'17341096',1),(18,'17341097',1),(42,'17341099',1),(40,'17341105',1),(25,'17341114',1),(23,'17341117',1),(29,'18340060',1),(12,'18340069',1),(30,'18340074',1),(15,'18340075',1),(44,'18340076',1);
/*!40000 ALTER TABLE `user_user_groups` ENABLE KEYS */;
UNLOCK TABLES;

--
-- Table structure for table `user_user_user_permissions`
--

DROP TABLE IF EXISTS `user_user_user_permissions`;
/*!40101 SET @saved_cs_client     = @@character_set_client */;
/*!40101 SET character_set_client = utf8 */;
CREATE TABLE `user_user_user_permissions` (
  `id` int(11) NOT NULL AUTO_INCREMENT,
  `user_id` varchar(50) NOT NULL,
  `permission_id` int(11) NOT NULL,
  PRIMARY KEY (`id`),
  UNIQUE KEY `user_user_user_permissions_user_id_permission_id_64f4d5b8_uniq` (`user_id`,`permission_id`),
  KEY `user_user_user_permi_permission_id_ce49d4de_fk_auth_perm` (`permission_id`),
  CONSTRAINT `user_user_user_permi_permission_id_ce49d4de_fk_auth_perm` FOREIGN KEY (`permission_id`) REFERENCES `auth_permission` (`id`),
  CONSTRAINT `user_user_user_permi_user_id_31782f58_fk_user_user` FOREIGN KEY (`user_id`) REFERENCES `user_user` (`username`)
) ENGINE=InnoDB DEFAULT CHARSET=utf8;
/*!40101 SET character_set_client = @saved_cs_client */;

--
-- Dumping data for table `user_user_user_permissions`
--

LOCK TABLES `user_user_user_permissions` WRITE;
/*!40000 ALTER TABLE `user_user_user_permissions` DISABLE KEYS */;
/*!40000 ALTER TABLE `user_user_user_permissions` ENABLE KEYS */;
UNLOCK TABLES;

--
-- Table structure for table `xadmin_bookmark`
--

DROP TABLE IF EXISTS `xadmin_bookmark`;
/*!40101 SET @saved_cs_client     = @@character_set_client */;
/*!40101 SET character_set_client = utf8 */;
CREATE TABLE `xadmin_bookmark` (
  `id` int(11) NOT NULL AUTO_INCREMENT,
  `title` varchar(128) NOT NULL,
  `url_name` varchar(64) NOT NULL,
  `query` varchar(1000) NOT NULL,
  `is_share` tinyint(1) NOT NULL,
  `content_type_id` int(11) NOT NULL,
  `user_id` varchar(50) DEFAULT NULL,
  PRIMARY KEY (`id`),
  KEY `xadmin_bookmark_content_type_id_60941679_fk_django_co` (`content_type_id`),
  KEY `xadmin_bookmark_user_id_42d307fc_fk_user_user_username` (`user_id`),
  CONSTRAINT `xadmin_bookmark_content_type_id_60941679_fk_django_co` FOREIGN KEY (`content_type_id`) REFERENCES `django_content_type` (`id`),
  CONSTRAINT `xadmin_bookmark_user_id_42d307fc_fk_user_user_username` FOREIGN KEY (`user_id`) REFERENCES `user_user` (`username`)
) ENGINE=InnoDB AUTO_INCREMENT=7 DEFAULT CHARSET=utf8;
/*!40101 SET character_set_client = @saved_cs_client */;

--
-- Dumping data for table `xadmin_bookmark`
--

LOCK TABLES `xadmin_bookmark` WRITE;
/*!40000 ALTER TABLE `xadmin_bookmark` DISABLE KEYS */;
INSERT INTO `xadmin_bookmark` VALUES (6,'家庭住址','重庆市','重庆市',1,4,'16337106');
/*!40000 ALTER TABLE `xadmin_bookmark` ENABLE KEYS */;
UNLOCK TABLES;

--
-- Table structure for table `xadmin_log`
--

DROP TABLE IF EXISTS `xadmin_log`;
/*!40101 SET @saved_cs_client     = @@character_set_client */;
/*!40101 SET character_set_client = utf8 */;
CREATE TABLE `xadmin_log` (
  `id` int(11) NOT NULL AUTO_INCREMENT,
  `action_time` datetime(6) NOT NULL,
  `ip_addr` char(39) DEFAULT NULL,
  `object_id` longtext,
  `object_repr` varchar(200) NOT NULL,
  `action_flag` varchar(32) NOT NULL,
  `message` longtext NOT NULL,
  `content_type_id` int(11) DEFAULT NULL,
  `user_id` varchar(50) NOT NULL,
  PRIMARY KEY (`id`),
  KEY `xadmin_log_content_type_id_2a6cb852_fk_django_content_type_id` (`content_type_id`),
  KEY `xadmin_log_user_id_bb16a176_fk_user_user_username` (`user_id`),
  CONSTRAINT `xadmin_log_content_type_id_2a6cb852_fk_django_content_type_id` FOREIGN KEY (`content_type_id`) REFERENCES `django_content_type` (`id`),
  CONSTRAINT `xadmin_log_user_id_bb16a176_fk_user_user_username` FOREIGN KEY (`user_id`) REFERENCES `user_user` (`username`)
) ENGINE=InnoDB AUTO_INCREMENT=227 DEFAULT CHARSET=utf8;
/*!40101 SET character_set_client = @saved_cs_client */;

--
-- Dumping data for table `xadmin_log`
--

LOCK TABLES `xadmin_log` WRITE;
/*!40000 ALTER TABLE `xadmin_log` DISABLE KEYS */;
INSERT INTO `xadmin_log` VALUES (107,'2019-02-17 00:39:46.890743','223.104.65.71','3','党辅','change','修改 permissions',11,'000000'),(108,'2019-02-17 00:40:14.101039','223.104.65.71','2','支书','change','修改 permissions',11,'000000'),(109,'2019-02-17 00:52:25.675296','223.104.65.71','3','组织生活会(3)','delete','',7,'16337113'),(110,'2019-02-17 02:36:19.709552','223.104.65.71','3','党辅','change','修改 permissions',11,'000000'),(111,'2019-02-17 02:36:31.867499','223.104.65.71','2','支书','change','修改 permissions',11,'000000'),(112,'2019-02-17 20:23:42.137368','112.96.184.136','18340074','18340074','change','没有字段被修改。',1,'18340074'),(113,'2019-02-20 01:58:19.324694','117.136.76.78','2','支书','change','修改 permissions',11,'000000'),(114,'2019-02-20 01:58:46.438511','117.136.76.78','3','党辅','change','修改 permissions',11,'000000'),(115,'2019-02-20 01:59:25.788295','117.136.76.78','1','普通成员','change','修改 permissions',11,'000000'),(116,'2019-02-20 02:07:37.428529','117.136.76.78',NULL,'','delete','批量删除 1 个 我的账号',NULL,'000000'),(117,'2019-02-21 14:18:13.484100','223.104.90.9',NULL,'','delete','批量删除 1 个 成员信息',NULL,'16337113'),(118,'2019-02-21 14:20:33.479465','223.104.90.9',NULL,'','delete','批量删除 1 个 成员信息',NULL,'16337113'),(119,'2019-02-24 15:34:38.319535','120.236.174.165','15331331','15331331','change','修改 groups',1,'000000'),(120,'2019-02-24 17:06:16.972324','120.236.174.165',NULL,'','delete','批量删除 9 个 成员信息',NULL,'000000'),(121,'2019-02-24 17:32:06.836549','120.236.174.165',NULL,'','delete','批量删除 9 个 成员信息',NULL,'000000'),(122,'2019-02-26 18:49:30.588056','120.236.174.151',NULL,'','delete','批量删除 1 个 学时统计',NULL,'16337113'),(123,'2019-02-27 11:44:14.462269','120.236.174.165',NULL,'','delete','批量删除 1 个 成员信息',NULL,'16337113'),(124,'2019-02-27 11:44:42.808772','120.236.174.165',NULL,'','delete','批量删除 1 个 成员信息',NULL,'16337113'),(125,'2019-02-28 00:13:41.030183','120.236.174.151',NULL,'','delete','批量删除 1 个 学时统计',NULL,'16337113'),(126,'2019-02-28 00:14:07.858131','120.236.174.151',NULL,'','delete','批量删除 1 个 学时统计',NULL,'16337113'),(127,'2019-02-28 00:14:29.806513','120.236.174.151',NULL,'','delete','批量删除 1 个 学时统计',NULL,'16337113'),(128,'2019-02-28 00:18:06.756925','120.236.174.151',NULL,'','delete','批量删除 1 个 学时统计',NULL,'16337113'),(129,'2019-02-28 00:18:21.925940','120.236.174.151',NULL,'','delete','批量删除 1 个 学时统计',NULL,'16337113'),(130,'2019-02-28 00:19:17.843307','120.236.174.151',NULL,'','delete','批量删除 3 个 学时统计',NULL,'16337113'),(131,'2019-02-28 00:20:11.098428','120.236.174.151',NULL,'','delete','批量删除 2 个 会议/活动',NULL,'16337113'),(132,'2019-02-28 12:44:33.102894','120.236.174.151','2','支书','change','修改 permissions',11,'000000'),(133,'2019-02-28 12:44:40.308457','120.236.174.151','1','普通成员','change','修改 permissions',11,'000000'),(134,'2019-02-28 12:44:46.266871','120.236.174.151','3','党辅','change','修改 permissions',11,'000000'),(135,'2019-02-28 12:52:16.618036','120.236.174.151',NULL,'','delete','批量删除 1 个 学习强国APP学习',NULL,'000000'),(136,'2019-02-28 12:52:33.354768','120.236.174.151','2','支书','change','修改 permissions',11,'000000'),(137,'2019-02-28 12:54:40.249445','120.236.174.151','2','支书','change','修改 permissions',11,'000000'),(138,'2019-02-28 12:54:58.314419','120.236.174.151','2','支书','change','修改 permissions',11,'000000'),(139,'2019-02-28 12:55:28.941824','120.236.174.151',NULL,'','delete','批量删除 2 个 学习强国APP学习',NULL,'16337113'),(140,'2019-02-28 12:57:34.534227','120.236.174.151',NULL,'','delete','批量删除 1 个 学时统计',NULL,'16337113'),(141,'2019-02-28 12:57:40.916019','120.236.174.151',NULL,'','delete','批量删除 1 个 学习强国APP学习',NULL,'16337113'),(142,'2019-02-28 13:13:35.222207','120.236.174.151',NULL,'','delete','批量删除 1 个 学习强国APP学习',NULL,'16337113'),(143,'2019-02-28 13:16:47.435916','120.236.174.151',NULL,'','delete','批量删除 1 个 学时统计',NULL,'16337113'),(144,'2019-02-28 13:16:52.943784','120.236.174.151',NULL,'','delete','批量删除 2 个 学习强国APP学习',NULL,'16337113'),(145,'2019-02-28 13:41:29.288046','120.236.174.151','2','支书','change','修改 permissions',11,'000000'),(146,'2019-02-28 13:47:00.392127','120.236.174.151',NULL,'','delete','批量删除 1 个 学习强国打卡',NULL,'16337113'),(147,'2019-02-28 20:39:46.289668','120.236.174.151',NULL,'','delete','批量删除 1 个 学习强国打卡',NULL,'16337113'),(148,'2019-02-28 21:17:14.619658','120.236.174.151',NULL,'','delete','批量删除 1 个 学习强国打卡',NULL,'16337113'),(149,'2019-02-28 21:21:53.615261','120.236.174.151',NULL,'','delete','批量删除 1 个 学习强国打卡',NULL,'16337113'),(150,'2019-02-28 21:22:56.775428','120.236.174.151',NULL,'','delete','批量删除 1 个 学习强国打卡',NULL,'16337113'),(151,'2019-02-28 21:26:35.298152','120.236.174.151','23','16337174 吕高雅馨 《求是》杂志发表习近平总书记重要文章《在新的起点上深化国家监察体制改革》','change','修改 title 和 added',18,'16337113'),(152,'2019-02-28 22:10:12.724678','120.236.174.151','2','支书','change','修改 permissions',11,'000000'),(153,'2019-03-01 21:31:30.229300','120.236.174.151',NULL,'','delete','批量删除 1 个 我的账号',NULL,'16337113'),(154,'2019-03-02 13:47:05.851881','120.236.174.151','41','18340060 黄涵 知识抢答赛','delete','',18,'16337113'),(155,'2019-03-02 13:51:12.803204','120.236.174.151','42','18340060 黄涵 知识抢答赛','delete','',18,'16337113'),(156,'2019-03-02 13:52:22.916368','120.236.174.151','43','16337113 劳马东 习近平：提高防控能力着力防范化解重大风险 保持经济持续健康发展社会大局稳定_共产党员网','delete','',18,'16337113'),(157,'2019-03-02 14:12:23.272896','120.236.174.151','44','16337113 劳马东 习近平：提高防控能力着力防范化解重大风险 保持经济持续健康发展社会大局稳定_共产党员网','delete','',18,'16337113'),(158,'2019-03-02 16:09:11.337139','120.236.174.151','45','16337113 劳马东 习近平：提高防控能力着力防范化解重大风险 保持经济持续健康发展社会大局稳定_共产党员网','delete','',18,'16337113'),(159,'2019-03-02 16:28:27.396143','120.236.174.151',NULL,'','delete','批量删除 2 个 学时统计',NULL,'16337113'),(160,'2019-03-02 20:10:24.546777','120.236.174.151',NULL,'','delete','批量删除 1 个 学时统计',NULL,'16337113'),(161,'2019-03-03 20:58:29.011933','120.236.174.151',NULL,'','delete','批量删除 1 个 学习打卡',NULL,'000000'),(162,'2019-03-03 20:58:35.718457','120.236.174.151','57','17341117 卢曼宁 每日金句|习近平论社会主义协商民主的发展方向','change','修改 impression',18,'000000'),(163,'2019-03-03 21:04:18.391693','120.236.174.151','63','16337113 劳马东 None','delete','',18,'16337113'),(164,'2019-03-03 22:32:45.826377','120.236.174.151',NULL,'','delete','批量删除 1 个 学习打卡',NULL,'16337113'),(165,'2019-03-03 22:54:51.507918','120.236.174.151','70','16337113 劳马东 习近平新时代中国特色社会主义思想三十讲课件','delete','',18,'16337113'),(166,'2019-03-03 22:57:48.477916','120.236.174.151','71','16337113 劳马东 习近平新时代中国特色社会主义思想三十讲课件','delete','',18,'16337113'),(167,'2019-03-03 23:00:30.754155','120.236.174.151','72','16337113 劳马东 习近平新时代中国特色社会主义思想三十讲课件','delete','',18,'16337113'),(168,'2019-03-05 12:00:26.361053','120.236.174.151',NULL,'','delete','批量删除 1 个 学时统计',NULL,'16337113'),(169,'2019-03-05 22:36:56.752156','120.236.174.151',NULL,'','delete','批量删除 1 个 成员信息',NULL,'16337113'),(170,'2019-03-05 22:52:50.419601','120.236.174.151','123','17341096 廖浩淳 听总书记讲新时代学雷锋','delete','',18,'16337113'),(171,'2019-03-05 23:10:27.308649','120.236.174.151','2','支书','change','修改 permissions',12,'000000'),(172,'2019-03-05 23:11:24.248182','120.236.174.151','3','党辅','change','修改 permissions',12,'000000'),(173,'2019-03-05 23:11:46.274371','120.236.174.151','1','普通成员','change','修改 permissions',12,'000000'),(174,'2019-03-06 00:17:01.749749','120.236.174.151',NULL,'','delete','批量删除 1 个 成员信息',NULL,'16337113'),(175,'2019-03-07 13:20:11.052157','120.236.174.165',NULL,'','delete','批量删除 1 个 学习打卡',NULL,'16337113'),(176,'2019-03-07 13:20:48.857057','120.236.174.165','161','16337113 劳马东 第四讲：党和国家事业历史性、根本性的变革和成就','delete','',8,'16337113'),(177,'2019-03-07 13:24:51.183865','120.236.174.165',NULL,'','delete','批量删除 1 个 学习打卡',NULL,'16337113'),(178,'2019-03-08 17:05:30.685387','120.236.174.151',NULL,'','delete','批量删除 1 个 学习打卡',NULL,'16337113'),(179,'2019-03-09 10:19:42.076762','120.236.174.144','16337171','16337171','change','没有字段被修改。',1,'16337113'),(180,'2019-03-10 23:13:34.473842','120.236.174.165','16337109','16337109','change','修改 groups',1,'000000'),(181,'2019-03-12 18:32:52.427835','223.104.63.101',NULL,'','delete','批量删除 1 个 学习打卡',NULL,'000000'),(182,'2019-03-13 13:28:27.933674','120.236.174.165','275','17341074 蓝煜航 代表委员议国是：为全面建成小康社会收官打下决定性基础','change','修改 when',8,'000000'),(183,'2019-03-13 13:28:41.312878','120.236.174.165','276','17341074 蓝煜航 央视快评：力戒形式主义 切实为基层减负','change','修改 when',8,'000000'),(184,'2019-03-13 13:29:46.105956','120.236.174.165','277','17341073 蓝靖瑜 从全国两会看奋进中国的发展活力','change','修改 when',8,'000000'),(185,'2019-03-13 13:31:31.510051','120.236.174.165','278','18340069 黄轩腾 习近平出席解放军和武警部队代表团全体会议','change','修改 when',8,'000000'),(186,'2019-03-13 13:33:30.396643','120.236.174.165','279','17341099 廖泽祥 两会观察：外商投资法草案释放了五大信号','change','修改 when',8,'000000'),(187,'2019-03-13 13:33:37.608847','120.236.174.165','280','17341099 廖泽祥 习近平看望参加政协会议的文艺界社科界委员','change','修改 when',8,'000000'),(188,'2019-03-13 13:33:49.122914','120.236.174.165','281','17341097 廖永滨 第十七讲：加快建设社会主义法治国家','change','修改 when',8,'000000'),(189,'2019-03-13 13:34:04.010864','120.236.174.165','282','17341097 廖永滨 第十八讲：推动社会主义文化繁荣兴盛','change','修改 when',8,'000000'),(190,'2019-03-13 13:35:28.039482','120.236.174.165','283','17341105 刘晨飞 第七讲：坚持党对一切工作的领导','change','修改 when',8,'000000'),(191,'2019-03-13 13:35:36.306275','120.236.174.165','284','18340060 黄涵 2019年两会，习近平六下团组讲话重点全在这里','change','修改 when',8,'000000'),(192,'2019-03-13 15:43:22.019597','120.236.174.151','285','16337113 劳马东 None','delete','',8,'000000'),(193,'2019-03-13 17:11:17.910485','120.236.174.151','320','17341097 廖永滨 习近平参加福建代表团审议讲话金句','change','没有字段被修改。',8,'16337113'),(194,'2019-03-13 17:13:29.443886','120.236.174.151',NULL,'','delete','批量删除 15 个 学习打卡',NULL,'16337113'),(195,'2019-03-13 17:13:47.467219','120.236.174.151',NULL,'','delete','批量删除 5 个 学习打卡',NULL,'16337113'),(196,'2019-03-13 17:24:50.778422','120.236.174.151','324','17341097 廖永滨 习近平参加福建代表团审议讲话金句','change','修改 when',8,'16337113'),(197,'2019-03-13 17:24:59.229901','120.236.174.151','323','17341097 廖永滨 习近平等出席十三届全国人大二次会议第三次全体会议','change','修改 when',8,'16337113'),(198,'2019-03-13 17:25:13.809077','120.236.174.151','322','17341117 卢曼宁 中国载人深潜向海底一万米进发 2020年将投入使用','change','修改 when',8,'16337113'),(199,'2019-03-13 17:25:13.975984','120.236.174.151','322','17341117 卢曼宁 中国载人深潜向海底一万米进发 2020年将投入使用','change','修改 when',8,'16337113'),(200,'2019-03-13 18:17:57.594456','120.236.174.151',NULL,'','delete','批量删除 1 个 学习打卡',NULL,'16337113'),(201,'2019-03-13 21:15:24.611525','120.236.174.151','326','16337191 潘春燕 第七讲：坚持党对一切工作的领导','change','修改 when',8,'16337113'),(202,'2019-03-13 21:16:41.731371','120.236.174.151','326','16337191 潘春燕 第七讲：坚持党对一切工作的领导','change','没有字段被修改。',8,'16337113'),(203,'2019-03-14 01:02:27.166548','120.236.174.165','328','16337171 罗俊伟 第十五讲：用更加健全的制度体系保证人民当家作主','change','修改 when',8,'16337113'),(204,'2019-03-14 01:03:26.481664','120.236.174.165','330','17341096 廖浩淳 共和国是红色的！习近平今年两会这样谈“初心”','change','修改 title 和 added',8,'000000'),(205,'2019-03-14 01:04:02.690855','120.236.174.165',NULL,'','delete','批量删除 1 个 学习打卡',NULL,'000000'),(206,'2019-03-14 01:04:15.410824','120.236.174.165','331','17341096 廖浩淳 每日金句|习近平论中国共产党领导的多党合作和政治协商制度','change','修改 title 和 added',8,'000000'),(207,'2019-03-14 01:04:43.601853','120.236.174.165',NULL,'','delete','批量删除 1 个 学习打卡',NULL,'000000'),(208,'2019-03-14 01:20:44.915306','120.236.174.165','337','16337171 罗俊伟 共和国是红色的！习近平今年两会这样谈“初心”2','change','修改 title',8,'000000'),(209,'2019-03-14 01:20:55.249765','120.236.174.165','338','16337171 罗俊伟 每日金句|习近平论中国共产党领导的多党合作和政治协商制度','change','修改 title',8,'000000'),(210,'2019-03-14 01:21:04.735222','120.236.174.165','337','16337171 罗俊伟 共和国是红色的！习近平今年两会这样谈“初心”2','change','没有字段被修改。',8,'000000'),(211,'2019-03-14 01:22:18.829872','120.236.174.165','337','16337171 罗俊伟 共和国是红色的！习近平今年两会这样谈“初心”','change','修改 title',8,'000000'),(212,'2019-03-14 01:22:44.685736','120.236.174.165','339','16337129 李智源 第一讲：习近平新时代中国特色社会主义思想是党和国家必须长期坚持的指导思想','change','修改 when',8,'000000'),(213,'2019-03-14 01:22:57.108219','120.236.174.165','338','16337171 罗俊伟 每日金句|习近平论中国共产党领导的多党合作和政治协商制度','change','修改 when',8,'000000'),(214,'2019-03-14 01:23:04.138824','120.236.174.165','337','16337171 罗俊伟 共和国是红色的！习近平今年两会这样谈“初心”','change','修改 when',8,'000000'),(215,'2019-03-14 01:26:55.169142','120.236.174.165','2','支书','change','修改 permissions',12,'000000'),(216,'2019-03-14 01:27:40.917513','120.236.174.165','3','党辅','change','修改 permissions',12,'000000'),(217,'2019-03-14 11:02:48.470469','120.236.174.165','346','17341074 蓝煜航 王有德：筑起消弭沙漠的绿色长城','change','修改 title 和 added',8,'000000'),(218,'2019-03-14 11:09:32.334457','120.236.174.165','347','17341074 蓝煜航 王有德：筑起消弭沙漠的绿色长城','delete','',8,'000000'),(219,'2019-03-14 11:09:41.025820','120.236.174.165','344','17341074 蓝煜航 习近平出席解放军和武警部队代表团全体会议讲话金句','change','修改 title 和 added',8,'000000'),(220,'2019-03-14 11:09:45.634545','120.236.174.165','345','17341074 蓝煜航 习近平出席解放军和武警部队代表团全体会议讲话金句','delete','',8,'000000'),(221,'2019-03-14 11:32:44.615837','120.236.174.165',NULL,'','delete','批量删除 9 个 成员信息',NULL,'000000'),(222,'2019-03-14 11:49:54.365672','120.236.174.165','4','本科生国防党支部(数据科学与计算机学院)','create','已添加。',3,'100001'),(223,'2019-03-14 11:50:04.458061','120.236.174.165','5','计算机本科生第四党支部(数据科学与计算机学院)','create','已添加。',3,'100001'),(224,'2019-03-14 12:04:04.763764','120.236.174.165','2','保密管理本科生党支部(数据科学与计算机学院)','change','修改 branch_name',3,'000000'),(225,'2019-03-14 14:31:47.790227','120.236.174.151','349','18340060 黄涵 第二讲：坚持和发展中国特色社会主义是当代中国发展进步的根本方向','change','修改 title 和 added',8,'000000'),(226,'2019-03-14 14:32:17.397402','120.236.174.151','348','18340060 黄涵 第二讲：坚持和发展中国特色社会主义是当代中国发展进步的根本方向','delete','',8,'000000');
/*!40000 ALTER TABLE `xadmin_log` ENABLE KEYS */;
UNLOCK TABLES;

--
-- Table structure for table `xadmin_usersettings`
--

DROP TABLE IF EXISTS `xadmin_usersettings`;
/*!40101 SET @saved_cs_client     = @@character_set_client */;
/*!40101 SET character_set_client = utf8 */;
CREATE TABLE `xadmin_usersettings` (
  `id` int(11) NOT NULL AUTO_INCREMENT,
  `key` varchar(256) NOT NULL,
  `value` longtext NOT NULL,
  `user_id` varchar(50) NOT NULL,
  PRIMARY KEY (`id`),
  KEY `xadmin_usersettings_user_id_edeabe4a_fk_user_user_username` (`user_id`),
  CONSTRAINT `xadmin_usersettings_user_id_edeabe4a_fk_user_user_username` FOREIGN KEY (`user_id`) REFERENCES `user_user` (`username`)
) ENGINE=InnoDB AUTO_INCREMENT=54 DEFAULT CHARSET=utf8;
/*!40101 SET character_set_client = @saved_cs_client */;

--
-- Dumping data for table `xadmin_usersettings`
--

LOCK TABLES `xadmin_usersettings` WRITE;
/*!40000 ALTER TABLE `xadmin_usersettings` DISABLE KEYS */;
INSERT INTO `xadmin_usersettings` VALUES (1,'dashboard:home:pos','','000000'),(2,'dashboard:home:pos','','16337113'),(6,'dashboard:home:pos','','16337260'),(7,'site-theme','https://bootswatch.com/3/paper/bootstrap.min.css','16337260'),(8,'dashboard:home:pos','','17341073'),(9,'dashboard:home:pos','','17341087'),(10,'dashboard:home:pos','','18340069'),(11,'dashboard:home:pos','','15336095'),(12,'dashboard:home:pos','','15336121'),(13,'dashboard:home:pos','','18340075'),(15,'dashboard:home:pos','','17341097'),(16,'dashboard:home:pos','','17341074'),(17,'info_member_editform_portal',',,,','17341074'),(18,'dashboard:home:pos','','16337171'),(19,'dashboard:home:pos','','16337108'),(20,'dashboard:home:pos','','16337109'),(21,'site-theme','/static/xadmin/css/themes/bootstrap-xadmin.css','16337109'),(22,'dashboard:home:pos','','17341117'),(23,'dashboard:home:pos','','17341096'),(25,'dashboard:home:pos','','17341061'),(27,'dashboard:home:pos','','16337094'),(28,'dashboard:home:pos','','18340060'),(29,'dashboard:home:pos','','18340074'),(30,'dashboard:home:pos','','16337106'),(31,'dashboard:home:pos','','16337071'),(32,'dashboard:home:pos','','17341114'),(33,'dashboard:home:pos','','100001'),(34,'dashboard:home:pos','','16337129'),(35,'dashboard:home:pos','','16337112'),(36,'dashboard:home:pos','','15336102'),(37,'dashboard:home:pos','','15336141'),(38,'dashboard:home:pos','','15336117'),(39,'dashboard:home:pos','','17341105'),(40,'info_member_editform_portal',',,,','17341097'),(41,'dashboard:home:pos','','16337098'),(42,'dashboard:home:pos','','17341099'),(44,'dashboard:home:pos','','18340076'),(45,'dashboard:home:pos','','16337191'),(46,'site-theme','/static/xadmin/css/themes/bootstrap-xadmin.css','16337113'),(48,'dashboard:home:pos','','16337154'),(49,'dashboard:home:pos','','15331331'),(50,'site-theme','https://bootswatch.com/3/cerulean/bootstrap.min.css','16337098'),(51,'dashboard:home:pos','','16337174'),(52,'dashboard:home:pos','','16337099'),(53,'site-theme','/static/xadmin/css/themes/bootstrap-xadmin.css','15336121');
/*!40000 ALTER TABLE `xadmin_usersettings` ENABLE KEYS */;
UNLOCK TABLES;

--
-- Table structure for table `xadmin_userwidget`
--

DROP TABLE IF EXISTS `xadmin_userwidget`;
/*!40101 SET @saved_cs_client     = @@character_set_client */;
/*!40101 SET character_set_client = utf8 */;
CREATE TABLE `xadmin_userwidget` (
  `id` int(11) NOT NULL AUTO_INCREMENT,
  `page_id` varchar(256) NOT NULL,
  `widget_type` varchar(50) NOT NULL,
  `value` longtext NOT NULL,
  `user_id` varchar(50) NOT NULL,
  PRIMARY KEY (`id`),
  KEY `xadmin_userwidget_user_id_c159233a_fk_user_user_username` (`user_id`),
  CONSTRAINT `xadmin_userwidget_user_id_c159233a_fk_user_user_username` FOREIGN KEY (`user_id`) REFERENCES `user_user` (`username`)
) ENGINE=InnoDB DEFAULT CHARSET=utf8;
/*!40101 SET character_set_client = @saved_cs_client */;

--
-- Dumping data for table `xadmin_userwidget`
--

LOCK TABLES `xadmin_userwidget` WRITE;
/*!40000 ALTER TABLE `xadmin_userwidget` DISABLE KEYS */;
/*!40000 ALTER TABLE `xadmin_userwidget` ENABLE KEYS */;
UNLOCK TABLES;
/*!40103 SET TIME_ZONE=@OLD_TIME_ZONE */;

/*!40101 SET SQL_MODE=@OLD_SQL_MODE */;
/*!40014 SET FOREIGN_KEY_CHECKS=@OLD_FOREIGN_KEY_CHECKS */;
/*!40014 SET UNIQUE_CHECKS=@OLD_UNIQUE_CHECKS */;
/*!40101 SET CHARACTER_SET_CLIENT=@OLD_CHARACTER_SET_CLIENT */;
/*!40101 SET CHARACTER_SET_RESULTS=@OLD_CHARACTER_SET_RESULTS */;
/*!40101 SET COLLATION_CONNECTION=@OLD_COLLATION_CONNECTION */;
/*!40111 SET SQL_NOTES=@OLD_SQL_NOTES */;

-- Dump completed on 2019-03-14 15:40:50
