-- MySQL dump 10.13  Distrib 5.7.25, for Linux (x86_64)
--
-- Host: localhost    Database: party
-- ------------------------------------------------------
-- Server version	5.7.25-0ubuntu0.18.04.2

/*!40101 SET @OLD_CHARACTER_SET_CLIENT=@@CHARACTER_SET_CLIENT */;
/*!40101 SET @OLD_CHARACTER_SET_RESULTS=@@CHARACTER_SET_RESULTS */;
/*!40101 SET @OLD_COLLATION_CONNECTION=@@COLLATION_CONNECTION */;
/*!40101 SET NAMES utf8 */;
/*!40103 SET @OLD_TIME_ZONE=@@TIME_ZONE */;
/*!40103 SET TIME_ZONE='+00:00' */;
/*!40014 SET @OLD_UNIQUE_CHECKS=@@UNIQUE_CHECKS, UNIQUE_CHECKS=0 */;
/*!40014 SET @OLD_FOREIGN_KEY_CHECKS=@@FOREIGN_KEY_CHECKS, FOREIGN_KEY_CHECKS=0 */;
/*!40101 SET @OLD_SQL_MODE=@@SQL_MODE, SQL_MODE='NO_AUTO_VALUE_ON_ZERO' */;
/*!40111 SET @OLD_SQL_NOTES=@@SQL_NOTES, SQL_NOTES=0 */;

--
-- Table structure for table `auth_group`
--

DROP TABLE IF EXISTS `auth_group`;
/*!40101 SET @saved_cs_client     = @@character_set_client */;
/*!40101 SET character_set_client = utf8 */;
CREATE TABLE `auth_group` (
  `id` int(11) NOT NULL AUTO_INCREMENT,
  `name` varchar(80) NOT NULL,
  PRIMARY KEY (`id`),
  UNIQUE KEY `name` (`name`)
) ENGINE=InnoDB AUTO_INCREMENT=4 DEFAULT CHARSET=utf8;
/*!40101 SET character_set_client = @saved_cs_client */;

--
-- Dumping data for table `auth_group`
--

LOCK TABLES `auth_group` WRITE;
/*!40000 ALTER TABLE `auth_group` DISABLE KEYS */;
INSERT INTO `auth_group` VALUES (3,'党辅'),(2,'支书'),(1,'普通成员');
/*!40000 ALTER TABLE `auth_group` ENABLE KEYS */;
UNLOCK TABLES;

--
-- Table structure for table `auth_group_permissions`
--

DROP TABLE IF EXISTS `auth_group_permissions`;
/*!40101 SET @saved_cs_client     = @@character_set_client */;
/*!40101 SET character_set_client = utf8 */;
CREATE TABLE `auth_group_permissions` (
  `id` int(11) NOT NULL AUTO_INCREMENT,
  `group_id` int(11) NOT NULL,
  `permission_id` int(11) NOT NULL,
  PRIMARY KEY (`id`),
  UNIQUE KEY `auth_group_permissions_group_id_permission_id_0cd325b0_uniq` (`group_id`,`permission_id`),
  KEY `auth_group_permissio_permission_id_84c5c92e_fk_auth_perm` (`permission_id`),
  CONSTRAINT `auth_group_permissio_permission_id_84c5c92e_fk_auth_perm` FOREIGN KEY (`permission_id`) REFERENCES `auth_permission` (`id`),
  CONSTRAINT `auth_group_permissions_group_id_b120cbf9_fk_auth_group_id` FOREIGN KEY (`group_id`) REFERENCES `auth_group` (`id`)
) ENGINE=InnoDB AUTO_INCREMENT=96 DEFAULT CHARSET=utf8;
/*!40101 SET character_set_client = @saved_cs_client */;

--
-- Dumping data for table `auth_group_permissions`
--

LOCK TABLES `auth_group_permissions` WRITE;
/*!40000 ALTER TABLE `auth_group_permissions` DISABLE KEYS */;
INSERT INTO `auth_group_permissions` VALUES (2,1,2),(3,1,4),(5,1,18),(6,1,20),(12,1,28),(1,1,32),(94,1,36),(7,1,53),(8,1,54),(9,1,55),(10,1,56),(92,1,57),(11,1,58),(93,1,59),(95,1,60),(13,2,2),(63,2,3),(14,2,4),(61,2,10),(64,2,12),(15,2,16),(16,2,17),(17,2,18),(65,2,19),(19,2,20),(20,2,25),(21,2,26),(66,2,27),(23,2,28),(24,2,29),(25,2,30),(67,2,31),(27,2,32),(78,2,33),(79,2,34),(80,2,35),(81,2,36),(28,2,53),(29,2,54),(30,2,55),(31,2,56),(82,2,57),(32,2,58),(83,2,59),(84,2,60),(34,3,2),(35,3,4),(36,3,9),(37,3,10),(69,3,11),(39,3,12),(40,3,13),(41,3,14),(71,3,15),(43,3,16),(44,3,20),(45,3,24),(46,3,25),(47,3,26),(68,3,27),(49,3,28),(50,3,29),(51,3,30),(70,3,31),(53,3,32),(85,3,33),(86,3,34),(87,3,35),(88,3,36),(54,3,53),(55,3,54),(56,3,55),(57,3,56),(89,3,57),(58,3,58),(90,3,59),(91,3,60);
/*!40000 ALTER TABLE `auth_group_permissions` ENABLE KEYS */;
UNLOCK TABLES;

--
-- Table structure for table `auth_permission`
--

DROP TABLE IF EXISTS `auth_permission`;
/*!40101 SET @saved_cs_client     = @@character_set_client */;
/*!40101 SET character_set_client = utf8 */;
CREATE TABLE `auth_permission` (
  `id` int(11) NOT NULL AUTO_INCREMENT,
  `name` varchar(255) NOT NULL,
  `content_type_id` int(11) NOT NULL,
  `codename` varchar(100) NOT NULL,
  PRIMARY KEY (`id`),
  UNIQUE KEY `auth_permission_content_type_id_codename_01ab375a_uniq` (`content_type_id`,`codename`),
  CONSTRAINT `auth_permission_content_type_id_2f476e4b_fk_django_co` FOREIGN KEY (`content_type_id`) REFERENCES `django_content_type` (`id`)
) ENGINE=InnoDB AUTO_INCREMENT=73 DEFAULT CHARSET=utf8;
/*!40101 SET character_set_client = @saved_cs_client */;

--
-- Dumping data for table `auth_permission`
--

LOCK TABLES `auth_permission` WRITE;
/*!40000 ALTER TABLE `auth_permission` DISABLE KEYS */;
INSERT INTO `auth_permission` VALUES (1,'Can add 我的账号',1,'add_user'),(2,'Can change 我的账号',1,'change_user'),(3,'Can delete 我的账号',1,'delete_user'),(4,'Can view 我的账号',1,'view_user'),(5,'Can add application',2,'add_application'),(6,'Can change application',2,'change_application'),(7,'Can delete application',2,'delete_application'),(8,'Can view application',2,'view_application'),(9,'Can add 党支部',3,'add_branch'),(10,'Can change 党支部',3,'change_branch'),(11,'Can delete 党支部',3,'delete_branch'),(12,'Can view 党支部',3,'view_branch'),(13,'Can add 发展流程依赖',4,'add_dependency'),(14,'Can change 发展流程依赖',4,'change_dependency'),(15,'Can delete 发展流程依赖',4,'delete_dependency'),(16,'Can view 发展流程依赖',4,'view_dependency'),(17,'Can add 成员信息',5,'add_member'),(18,'Can change 成员信息',5,'change_member'),(19,'Can delete 成员信息',5,'delete_member'),(20,'Can view 成员信息',5,'view_member'),(21,'Can add 学院',6,'add_school'),(22,'Can change 学院',6,'change_school'),(23,'Can delete 学院',6,'delete_school'),(24,'Can view 学院',6,'view_school'),(25,'Can add 会议/活动',7,'add_activity'),(26,'Can change 会议/活动',7,'change_activity'),(27,'Can delete 会议/活动',7,'delete_activity'),(28,'Can view 会议/活动',7,'view_activity'),(29,'Can add 学习打卡',8,'add_sharing'),(30,'Can change 学习打卡',8,'change_sharing'),(31,'Can delete 学习打卡',8,'delete_sharing'),(32,'Can view 学习打卡',8,'view_sharing'),(33,'Can add 学时统计',9,'add_takepartin'),(34,'Can change 学时统计',9,'change_takepartin'),(35,'Can delete 学时统计',9,'delete_takepartin'),(36,'Can view 学时统计',9,'view_takepartin'),(37,'Can add log entry',10,'add_logentry'),(38,'Can change log entry',10,'change_logentry'),(39,'Can delete log entry',10,'delete_logentry'),(40,'Can view log entry',10,'view_logentry'),(41,'Can add permission',11,'add_permission'),(42,'Can change permission',11,'change_permission'),(43,'Can delete permission',11,'delete_permission'),(44,'Can view permission',11,'view_permission'),(45,'Can add group',12,'add_group'),(46,'Can change group',12,'change_group'),(47,'Can delete group',12,'delete_group'),(48,'Can view group',12,'view_group'),(49,'Can add content type',13,'add_contenttype'),(50,'Can change content type',13,'change_contenttype'),(51,'Can delete content type',13,'delete_contenttype'),(52,'Can view content type',13,'view_contenttype'),(53,'Can add session',14,'add_session'),(54,'Can change session',14,'change_session'),(55,'Can delete session',14,'delete_session'),(56,'Can view session',14,'view_session'),(57,'Can add Bookmark',15,'add_bookmark'),(58,'Can change Bookmark',15,'change_bookmark'),(59,'Can delete Bookmark',15,'delete_bookmark'),(60,'Can view Bookmark',15,'view_bookmark'),(61,'Can add User Setting',16,'add_usersettings'),(62,'Can change User Setting',16,'change_usersettings'),(63,'Can delete User Setting',16,'delete_usersettings'),(64,'Can view User Setting',16,'view_usersettings'),(65,'Can add User Widget',17,'add_userwidget'),(66,'Can change User Widget',17,'change_userwidget'),(67,'Can delete User Widget',17,'delete_userwidget'),(68,'Can view User Widget',17,'view_userwidget'),(69,'Can add log entry',18,'add_log'),(70,'Can change log entry',18,'change_log'),(71,'Can delete log entry',18,'delete_log'),(72,'Can view log entry',18,'view_log');
/*!40000 ALTER TABLE `auth_permission` ENABLE KEYS */;
UNLOCK TABLES;

--
-- Table structure for table `django_admin_log`
--

DROP TABLE IF EXISTS `django_admin_log`;
/*!40101 SET @saved_cs_client     = @@character_set_client */;
/*!40101 SET character_set_client = utf8 */;
CREATE TABLE `django_admin_log` (
  `id` int(11) NOT NULL AUTO_INCREMENT,
  `action_time` datetime(6) NOT NULL,
  `object_id` longtext,
  `object_repr` varchar(200) NOT NULL,
  `action_flag` smallint(5) unsigned NOT NULL,
  `change_message` longtext NOT NULL,
  `content_type_id` int(11) DEFAULT NULL,
  `user_id` varchar(50) NOT NULL,
  PRIMARY KEY (`id`),
  KEY `django_admin_log_content_type_id_c4bce8eb_fk_django_co` (`content_type_id`),
  KEY `django_admin_log_user_id_c564eba6_fk_user_user_username` (`user_id`),
  CONSTRAINT `django_admin_log_content_type_id_c4bce8eb_fk_django_co` FOREIGN KEY (`content_type_id`) REFERENCES `django_content_type` (`id`),
  CONSTRAINT `django_admin_log_user_id_c564eba6_fk_user_user_username` FOREIGN KEY (`user_id`) REFERENCES `user_user` (`username`)
) ENGINE=InnoDB AUTO_INCREMENT=30 DEFAULT CHARSET=utf8;
/*!40101 SET character_set_client = @saved_cs_client */;

--
-- Dumping data for table `django_admin_log`
--

LOCK TABLES `django_admin_log` WRITE;
/*!40000 ALTER TABLE `django_admin_log` DISABLE KEYS */;
INSERT INTO `django_admin_log` VALUES (1,'2019-02-24 17:05:27.520822','15331331.0','12345 邢宇静',1,'new through import_export',5,'16337113'),(2,'2019-02-24 17:05:27.521543','15331332.0','12345 冯心怡',1,'new through import_export',5,'16337113'),(3,'2019-02-24 17:05:27.522041','15331333.0','12345 卢明-',1,'new through import_export',5,'16337113'),(4,'2019-02-24 17:05:27.522422','15331334.0','12345 张少帅',1,'new through import_export',5,'16337113'),(5,'2019-02-24 17:05:27.522841','15331335.0','12345 张桐瑞',1,'new through import_export',5,'16337113'),(6,'2019-02-24 17:05:27.523256','15331336.0','12345 陈王',1,'new through import_export',5,'16337113'),(7,'2019-02-24 17:05:27.523650','15331337.0','12345 杨丽君',1,'new through import_export',5,'16337113'),(8,'2019-02-24 17:05:27.524102','15331338.0','12345 朱高洁',1,'new through import_export',5,'16337113'),(9,'2019-02-24 17:05:27.524470','15331339.0','12345 卢嘉嘉',1,'new through import_export',5,'16337113'),(10,'2019-02-24 17:09:59.090528','15331331','15331331 邢宇静',1,'new through import_export',5,'16337113'),(11,'2019-02-24 17:09:59.091058','15331332','15331332 冯心怡',1,'new through import_export',5,'16337113'),(12,'2019-02-24 17:09:59.091426','15331333','15331333 卢明-',1,'new through import_export',5,'16337113'),(13,'2019-02-24 17:09:59.094189','15331334','15331334 张少帅',1,'new through import_export',5,'16337113'),(14,'2019-02-24 17:09:59.096624','15331335','15331335 张桐瑞',1,'new through import_export',5,'16337113'),(15,'2019-02-24 17:09:59.097019','15331336','15331336 陈王',1,'new through import_export',5,'16337113'),(16,'2019-02-24 17:09:59.097397','15331337','15331337 杨丽君',1,'new through import_export',5,'16337113'),(17,'2019-02-24 17:09:59.097815','15331338','15331338 朱高洁',1,'new through import_export',5,'16337113'),(18,'2019-02-24 17:09:59.098220','15331339','15331339 卢嘉嘉',1,'new through import_export',5,'16337113'),(19,'2019-02-27 12:01:01.799863','15331331','15331331 邢宇静',1,'new through import_export',5,'16337113'),(20,'2019-02-27 12:01:01.800698','15331332','15331332 冯心怡',1,'new through import_export',5,'16337113'),(21,'2019-02-27 12:01:01.801312','15331333','15331333 卢明-',1,'new through import_export',5,'16337113'),(22,'2019-02-27 12:01:01.801861','15331334','15331334 张少帅',1,'new through import_export',5,'16337113'),(23,'2019-02-27 12:01:01.802407','15331335','15331335 张桐瑞',1,'new through import_export',5,'16337113'),(24,'2019-02-27 12:01:01.803003','15331336','15331336 陈王',1,'new through import_export',5,'16337113'),(25,'2019-02-27 12:01:01.803583','15331337','15331337 杨丽君',1,'new through import_export',5,'16337113'),(26,'2019-02-27 12:01:01.804047','15331338','15331338 朱高洁',1,'new through import_export',5,'16337113'),(27,'2019-02-27 12:01:01.804528','15331339','15331339 卢嘉嘉',1,'new through import_export',5,'16337113'),(28,'2019-03-02 16:28:17.243428','132','学习强国APP学习(2019/03/01): 16337109 柯司博',1,'new through import_export',8,'16337113'),(29,'2019-03-02 16:28:17.244005','133','学习强国APP学习(2019/03/01): 16337113 劳马东',1,'new through import_export',8,'16337113');
/*!40000 ALTER TABLE `django_admin_log` ENABLE KEYS */;
UNLOCK TABLES;

--
-- Table structure for table `django_content_type`
--

DROP TABLE IF EXISTS `django_content_type`;
/*!40101 SET @saved_cs_client     = @@character_set_client */;
/*!40101 SET character_set_client = utf8 */;
CREATE TABLE `django_content_type` (
  `id` int(11) NOT NULL AUTO_INCREMENT,
  `app_label` varchar(100) NOT NULL,
  `model` varchar(100) NOT NULL,
  PRIMARY KEY (`id`),
  UNIQUE KEY `django_content_type_app_label_model_76bd3d3b_uniq` (`app_label`,`model`)
) ENGINE=InnoDB AUTO_INCREMENT=19 DEFAULT CHARSET=utf8;
/*!40101 SET character_set_client = @saved_cs_client */;

--
-- Dumping data for table `django_content_type`
--

LOCK TABLES `django_content_type` WRITE;
/*!40000 ALTER TABLE `django_content_type` DISABLE KEYS */;
INSERT INTO `django_content_type` VALUES (10,'admin','logentry'),(12,'auth','group'),(11,'auth','permission'),(13,'contenttypes','contenttype'),(2,'info','application'),(3,'info','branch'),(4,'info','dependency'),(5,'info','member'),(6,'info','school'),(14,'sessions','session'),(7,'teaching','activity'),(8,'teaching','sharing'),(9,'teaching','takepartin'),(1,'user','user'),(15,'xadmin','bookmark'),(18,'xadmin','log'),(16,'xadmin','usersettings'),(17,'xadmin','userwidget');
/*!40000 ALTER TABLE `django_content_type` ENABLE KEYS */;
UNLOCK TABLES;

--
-- Table structure for table `django_migrations`
--

DROP TABLE IF EXISTS `django_migrations`;
/*!40101 SET @saved_cs_client     = @@character_set_client */;
/*!40101 SET character_set_client = utf8 */;
CREATE TABLE `django_migrations` (
  `id` int(11) NOT NULL AUTO_INCREMENT,
  `app` varchar(255) NOT NULL,
  `name` varchar(255) NOT NULL,
  `applied` datetime(6) NOT NULL,
  PRIMARY KEY (`id`)
) ENGINE=InnoDB AUTO_INCREMENT=24 DEFAULT CHARSET=utf8;
/*!40101 SET character_set_client = @saved_cs_client */;

--
-- Dumping data for table `django_migrations`
--

LOCK TABLES `django_migrations` WRITE;
/*!40000 ALTER TABLE `django_migrations` DISABLE KEYS */;
INSERT INTO `django_migrations` VALUES (1,'contenttypes','0001_initial','2019-03-05 22:59:54.854081'),(2,'contenttypes','0002_remove_content_type_name','2019-03-05 22:59:54.922009'),(3,'auth','0001_initial','2019-03-05 22:59:55.162799'),(4,'auth','0002_alter_permission_name_max_length','2019-03-05 22:59:55.217359'),(5,'auth','0003_alter_user_email_max_length','2019-03-05 22:59:55.225845'),(6,'auth','0004_alter_user_username_opts','2019-03-05 22:59:55.233607'),(7,'auth','0005_alter_user_last_login_null','2019-03-05 22:59:55.244452'),(8,'auth','0006_require_contenttypes_0002','2019-03-05 22:59:55.248746'),(9,'auth','0007_alter_validators_add_error_messages','2019-03-05 22:59:55.258903'),(10,'auth','0008_alter_user_username_max_length','2019-03-05 22:59:55.266984'),(11,'auth','0009_alter_user_last_name_max_length','2019-03-05 22:59:55.274855'),(12,'user','0001_initial','2019-03-05 22:59:55.561063'),(13,'admin','0001_initial','2019-03-05 22:59:55.674058'),(14,'admin','0002_logentry_remove_auto_add','2019-03-05 22:59:55.687316'),(15,'admin','0003_logentry_add_action_flag_choices','2019-03-05 22:59:55.705832'),(16,'info','0001_initial','2019-03-05 22:59:55.974267'),(17,'sessions','0001_initial','2019-03-05 22:59:56.017899'),(19,'xadmin','0001_initial','2019-03-05 22:59:56.658970'),(20,'xadmin','0002_log','2019-03-05 22:59:56.777243'),(21,'xadmin','0003_auto_20160715_0100','2019-03-05 22:59:56.829779'),(22,'teaching','0001_initial','2019-03-05 23:31:33.017856'),(23,'info','0002_auto_20190306_0011','2019-03-06 00:11:31.358367');
/*!40000 ALTER TABLE `django_migrations` ENABLE KEYS */;
UNLOCK TABLES;

--
-- Table structure for table `django_session`
--

DROP TABLE IF EXISTS `django_session`;
/*!40101 SET @saved_cs_client     = @@character_set_client */;
/*!40101 SET character_set_client = utf8 */;
CREATE TABLE `django_session` (
  `session_key` varchar(40) NOT NULL,
  `session_data` longtext NOT NULL,
  `expire_date` datetime(6) NOT NULL,
  PRIMARY KEY (`session_key`),
  KEY `django_session_expire_date_a5c62663` (`expire_date`)
) ENGINE=InnoDB DEFAULT CHARSET=utf8;
/*!40101 SET character_set_client = @saved_cs_client */;

--
-- Dumping data for table `django_session`
--

LOCK TABLES `django_session` WRITE;
/*!40000 ALTER TABLE `django_session` DISABLE KEYS */;
INSERT INTO `django_session` VALUES ('0hcwkubtvtt0l2ncga76lmslac0njtc0','ZGJlODVkNTNiODAzMTkwN2VhMGRkNjIzNWNiZmJlMTBjNGI2MTdjYzp7Il9hdXRoX3VzZXJfaWQiOiIxNjMzNzE5MSIsIl9hdXRoX3VzZXJfYmFja2VuZCI6ImRqYW5nby5jb250cmliLmF1dGguYmFja2VuZHMuTW9kZWxCYWNrZW5kIiwiX2F1dGhfdXNlcl9oYXNoIjoiZmI5MjhjMTVlYmU3ZWY0Y2MyYmI2NzI0NDRlNTNmYWNiYzQ4NGUzOCIsIm5hdl9tZW51IjoiW3tcInRpdGxlXCI6IFwiXHU1MTVhXHU1NDU4XHU1M2QxXHU1YzU1XCIsIFwibWVudXNcIjogW3tcInRpdGxlXCI6IFwiXHU2MjEwXHU1NDU4XHU0ZmUxXHU2MDZmXCIsIFwidXJsXCI6IFwiL2luZm8vbWVtYmVyL1wiLCBcImljb25cIjogXCJmYSBmYS1pbmZvXCIsIFwib3JkZXJcIjogOX1dLCBcImZpcnN0X2ljb25cIjogXCJmYSBmYS11bml2ZXJzaXR5XCIsIFwiZmlyc3RfdXJsXCI6IFwiL2luZm8vc2Nob29sL1wifSwge1widGl0bGVcIjogXCJcdTUxNWFcdTU0NThcdTY1NTlcdTgwYjJcIiwgXCJtZW51c1wiOiBbe1widGl0bGVcIjogXCJcdTRmMWFcdThiYWUvXHU2ZDNiXHU1MmE4XCIsIFwidXJsXCI6IFwiL3RlYWNoaW5nL2FjdGl2aXR5L1wiLCBcImljb25cIjogXCJmYSBmYS11c2Vyc1wiLCBcIm9yZGVyXCI6IDEwfSwge1widGl0bGVcIjogXCJcdTViNjZcdTY1ZjZcdTdlZGZcdThiYTFcIiwgXCJ1cmxcIjogXCIvdGVhY2hpbmcvdGFrZXBhcnRpbi9cIiwgXCJpY29uXCI6IFwiZmEgZmEtYmFyLWNoYXJ0XCIsIFwib3JkZXJcIjogMTF9XSwgXCJmaXJzdF9pY29uXCI6IFwiZmEgZmEtdXNlcnNcIiwgXCJmaXJzdF91cmxcIjogXCIvdGVhY2hpbmcvYWN0aXZpdHkvXCJ9LCB7XCJ0aXRsZVwiOiBcIlx1NzUyOFx1NjIzN1wiLCBcIm1lbnVzXCI6IFt7XCJ0aXRsZVwiOiBcIlx1NjIxMVx1NzY4NFx1OGQyNlx1NTNmN1wiLCBcInVybFwiOiBcIi91c2VyL3VzZXIvXCIsIFwiaWNvblwiOiBcImZhIGZhLXZjYXJkXCIsIFwib3JkZXJcIjogNX1dLCBcImZpcnN0X2ljb25cIjogXCJmYSBmYS12Y2FyZFwiLCBcImZpcnN0X3VybFwiOiBcIi91c2VyL3VzZXIvXCJ9XSIsIndpemFyZF9pbmZvbWVtYmVyX2FkbWluX3dpemFyZF9mb3JtX3BsdWdpbiI6eyJzdGVwIjoiXHU1N2ZhXHU2NzJjXHU0ZmUxXHU2MDZmIiwic3RlcF9kYXRhIjp7fSwic3RlcF9maWxlcyI6e30sImV4dHJhX2RhdGEiOnt9fSwiTElTVF9RVUVSWSI6W1siaW5mbyIsIm1lbWJlciJdLCJfY29scz1uZXRpZC5uYW1lLmJpcnRoX2RhdGUuZ2VuZGVyLmdyb3VwLmZhbWlseV9hZGRyZXNzLnBob25lX251bWJlci5tYWpvcl9pbi55b3V0aF9sZWFndWVfZGF0ZSJdfQ==','2019-03-05 01:58:24.536029'),('1aoi8wsomaa1o42r1un0jbvzewy4ib4f','NjhiMTk1MmIzYWUxNmZmMmVmN2RmMjJkOTVjNTZhYjY1MWMzNjc4NTp7Il9hdXRoX3VzZXJfaWQiOiIxNjMzNzA5OCIsIl9hdXRoX3VzZXJfYmFja2VuZCI6ImRqYW5nby5jb250cmliLmF1dGguYmFja2VuZHMuTW9kZWxCYWNrZW5kIiwiX2F1dGhfdXNlcl9oYXNoIjoiY2I4ZTQzN2M2NjUyYjQ2NWMwNWIyZWRlOGY2ZjBkMDAxNDA5MmQ4OCIsIm5hdl9tZW51IjoiW3tcInRpdGxlXCI6IFwiXHU1MTVhXHU1NDU4XHU1M2QxXHU1YzU1XCIsIFwibWVudXNcIjogW3tcInRpdGxlXCI6IFwiXHU2MjEwXHU1NDU4XHU0ZmUxXHU2MDZmXCIsIFwidXJsXCI6IFwiL2luZm8vbWVtYmVyL1wiLCBcImljb25cIjogXCJmYSBmYS1pbmZvXCIsIFwib3JkZXJcIjogOX1dLCBcImZpcnN0X2ljb25cIjogXCJmYSBmYS11bml2ZXJzaXR5XCIsIFwiZmlyc3RfdXJsXCI6IFwiL2luZm8vc2Nob29sL1wifSwge1widGl0bGVcIjogXCJcdTUxNWFcdTU0NThcdTY1NTlcdTgwYjJcIiwgXCJtZW51c1wiOiBbe1widGl0bGVcIjogXCJcdTRmMWFcdThiYWUvXHU2ZDNiXHU1MmE4XCIsIFwidXJsXCI6IFwiL3RlYWNoaW5nL2FjdGl2aXR5L1wiLCBcImljb25cIjogXCJmYSBmYS11c2Vyc1wiLCBcIm9yZGVyXCI6IDEwfSwge1widGl0bGVcIjogXCJcdTViNjZcdTY1ZjZcdTdlZGZcdThiYTFcIiwgXCJ1cmxcIjogXCIvdGVhY2hpbmcvdGFrZXBhcnRpbi9cIiwgXCJpY29uXCI6IFwiZmEgZmEtYmFyLWNoYXJ0XCIsIFwib3JkZXJcIjogMTF9XSwgXCJmaXJzdF9pY29uXCI6IFwiZmEgZmEtdXNlcnNcIiwgXCJmaXJzdF91cmxcIjogXCIvdGVhY2hpbmcvYWN0aXZpdHkvXCJ9LCB7XCJ0aXRsZVwiOiBcIlx1NzUyOFx1NjIzN1wiLCBcIm1lbnVzXCI6IFt7XCJ0aXRsZVwiOiBcIlx1NjIxMVx1NzY4NFx1OGQyNlx1NTNmN1wiLCBcInVybFwiOiBcIi91c2VyL3VzZXIvXCIsIFwiaWNvblwiOiBcImZhIGZhLXZjYXJkXCIsIFwib3JkZXJcIjogNX1dLCBcImZpcnN0X2ljb25cIjogXCJmYSBmYS12Y2FyZFwiLCBcImZpcnN0X3VybFwiOiBcIi91c2VyL3VzZXIvXCJ9XSIsIndpemFyZF9pbmZvbWVtYmVyX2FkbWluX3dpemFyZF9mb3JtX3BsdWdpbiI6eyJzdGVwIjoiXHU1N2ZhXHU2NzJjXHU0ZmUxXHU2MDZmIiwic3RlcF9kYXRhIjp7fSwic3RlcF9maWxlcyI6e30sImV4dHJhX2RhdGEiOnt9fSwiTElTVF9RVUVSWSI6W1siaW5mbyIsIm1lbWJlciJdLCJfY29scz1uZXRpZC5uYW1lLmJpcnRoX2RhdGUuZ2VuZGVyLmdyb3VwLmZhbWlseV9hZGRyZXNzLnBob25lX251bWJlci5tYWpvcl9pbi55b3V0aF9sZWFndWVfZGF0ZSJdfQ==','2019-03-03 19:34:46.215479'),('1i4m2smghubwz21twwjzhnm3n31gc6f6','MzVjMGZhOTQzOTdhODFiOTUzOGIyYzNlMjU3YzcxOWQ0OTEyMmI4ODp7Il9hdXRoX3VzZXJfaWQiOiIxNzM0MTA4NyIsIl9hdXRoX3VzZXJfYmFja2VuZCI6ImRqYW5nby5jb250cmliLmF1dGguYmFja2VuZHMuTW9kZWxCYWNrZW5kIiwiX2F1dGhfdXNlcl9oYXNoIjoiZTM4YWQ5ZTVmMDc1MzZiYzZiZDBmNGI3MGQ4YzFiYTI1NmY3Mzc3OSIsIm5hdl9tZW51IjoiW3tcInRpdGxlXCI6IFwiXHU1MTVhXHU1NDU4XHU1M2QxXHU1YzU1XCIsIFwibWVudXNcIjogW3tcInRpdGxlXCI6IFwiXHU2MjEwXHU1NDU4XHU0ZmUxXHU2MDZmXCIsIFwidXJsXCI6IFwiL2luZm8vbWVtYmVyL1wiLCBcImljb25cIjogXCJmYSBmYS1pbmZvXCIsIFwib3JkZXJcIjogOX1dLCBcImZpcnN0X2ljb25cIjogXCJmYSBmYS11bml2ZXJzaXR5XCIsIFwiZmlyc3RfdXJsXCI6IFwiL2luZm8vc2Nob29sL1wifSwge1widGl0bGVcIjogXCJcdTUxNWFcdTU0NThcdTY1NTlcdTgwYjJcIiwgXCJtZW51c1wiOiBbe1widGl0bGVcIjogXCJcdTRmMWFcdThiYWUvXHU2ZDNiXHU1MmE4XCIsIFwidXJsXCI6IFwiL3RlYWNoaW5nL2FjdGl2aXR5L1wiLCBcImljb25cIjogXCJmYSBmYS11c2Vyc1wiLCBcIm9yZGVyXCI6IDEwfSwge1widGl0bGVcIjogXCJcdTViNjZcdTY1ZjZcdTdlZGZcdThiYTFcIiwgXCJ1cmxcIjogXCIvdGVhY2hpbmcvdGFrZXBhcnRpbi9cIiwgXCJpY29uXCI6IFwiZmEgZmEtYmFyLWNoYXJ0XCIsIFwib3JkZXJcIjogMTF9XSwgXCJmaXJzdF9pY29uXCI6IFwiZmEgZmEtdXNlcnNcIiwgXCJmaXJzdF91cmxcIjogXCIvdGVhY2hpbmcvYWN0aXZpdHkvXCJ9LCB7XCJ0aXRsZVwiOiBcIlx1NzUyOFx1NjIzN1wiLCBcIm1lbnVzXCI6IFt7XCJ0aXRsZVwiOiBcIlx1NjIxMVx1NzY4NFx1OGQyNlx1NTNmN1wiLCBcInVybFwiOiBcIi91c2VyL3VzZXIvXCIsIFwiaWNvblwiOiBcImZhIGZhLXZjYXJkXCIsIFwib3JkZXJcIjogNX1dLCBcImZpcnN0X2ljb25cIjogXCJmYSBmYS12Y2FyZFwiLCBcImZpcnN0X3VybFwiOiBcIi91c2VyL3VzZXIvXCJ9XSIsIndpemFyZF9pbmZvbWVtYmVyX2FkbWluX3dpemFyZF9mb3JtX3BsdWdpbiI6eyJzdGVwIjoiXHU1N2ZhXHU2NzJjXHU0ZmUxXHU2MDZmIiwic3RlcF9kYXRhIjp7fSwic3RlcF9maWxlcyI6e30sImV4dHJhX2RhdGEiOnt9fSwiTElTVF9RVUVSWSI6W1siaW5mbyIsIm1lbWJlciJdLCIiXX0=','2019-03-04 21:01:56.282340'),('2sz7xiugvauy6tvmg4y46qab2b4x4yxu','YWY5NjYxOWFhZTVjNjg1ZWEwMzgxMzY0OTE2ZDNlMjQwYmI0Y2Y5ZTp7Il9hdXRoX3VzZXJfaWQiOiIxNzM0MTA5NyIsIl9hdXRoX3VzZXJfYmFja2VuZCI6ImRqYW5nby5jb250cmliLmF1dGguYmFja2VuZHMuTW9kZWxCYWNrZW5kIiwiX2F1dGhfdXNlcl9oYXNoIjoiYmQyYjUyMjJkMTllNDRhNjViNjYwZjdhZGQ3Zjg1OTRhMmU4NDNkOSIsIm5hdl9tZW51IjoiW3tcInRpdGxlXCI6IFwiXHU1MTVhXHU1NDU4XHU1M2QxXHU1YzU1XCIsIFwibWVudXNcIjogW3tcInRpdGxlXCI6IFwiXHU2MjEwXHU1NDU4XHU0ZmUxXHU2MDZmXCIsIFwidXJsXCI6IFwiL2luZm8vbWVtYmVyL1wiLCBcImljb25cIjogXCJmYSBmYS1pbmZvXCIsIFwib3JkZXJcIjogOH1dLCBcImZpcnN0X2ljb25cIjogXCJmYSBmYS11bml2ZXJzaXR5XCIsIFwiZmlyc3RfdXJsXCI6IFwiL2luZm8vc2Nob29sL1wifSwge1widGl0bGVcIjogXCJcdTUxNWFcdTU0NThcdTY1NTlcdTgwYjJcIiwgXCJtZW51c1wiOiBbe1widGl0bGVcIjogXCJcdTRmMWFcdThiYWUvXHU2ZDNiXHU1MmE4XCIsIFwidXJsXCI6IFwiL3RlYWNoaW5nL2FjdGl2aXR5L1wiLCBcImljb25cIjogXCJmYSBmYS11c2Vyc1wiLCBcIm9yZGVyXCI6IDEwfSwge1widGl0bGVcIjogXCJcdTViNjZcdTY1ZjZcdTdlZGZcdThiYTFcIiwgXCJ1cmxcIjogXCIvdGVhY2hpbmcvdGFrZXBhcnRpbi9cIiwgXCJpY29uXCI6IFwiZmEgZmEtYmFyLWNoYXJ0XCIsIFwib3JkZXJcIjogMTF9LCB7XCJ0aXRsZVwiOiBcIlx1NWI2Nlx1NGU2MFx1NjI1M1x1NTM2MVwiLCBcInVybFwiOiBcIi90ZWFjaGluZy9zaGFyaW5nL1wiLCBcImljb25cIjogbnVsbCwgXCJvcmRlclwiOiAxMn1dLCBcImZpcnN0X2ljb25cIjogXCJmYSBmYS11c2Vyc1wiLCBcImZpcnN0X3VybFwiOiBcIi90ZWFjaGluZy9hY3Rpdml0eS9cIn0sIHtcInRpdGxlXCI6IFwiXHU3NTI4XHU2MjM3XCIsIFwibWVudXNcIjogW3tcInRpdGxlXCI6IFwiXHU2MjExXHU3Njg0XHU4ZDI2XHU1M2Y3XCIsIFwidXJsXCI6IFwiL3VzZXIvdXNlci9cIiwgXCJpY29uXCI6IFwiZmEgZmEtdmNhcmRcIiwgXCJvcmRlclwiOiA1fV0sIFwiZmlyc3RfaWNvblwiOiBcImZhIGZhLXZjYXJkXCIsIFwiZmlyc3RfdXJsXCI6IFwiL3VzZXIvdXNlci9cIn1dIiwiTElTVF9RVUVSWSI6W1sidGVhY2hpbmciLCJzaGFyaW5nIl0sInA9MCJdfQ==','2019-03-18 19:33:12.047558'),('2u7yyaabraiu2kbvlx593pt7mvr0ljid','NDIxMWY1NDU0NzVkMjAwMzFhNDcwNWUzYzFjM2Y2NDc5MzdiMTRjNTp7Il9hdXRoX3VzZXJfaWQiOiIxODM0MDA3NiIsIl9hdXRoX3VzZXJfYmFja2VuZCI6ImRqYW5nby5jb250cmliLmF1dGguYmFja2VuZHMuTW9kZWxCYWNrZW5kIiwiX2F1dGhfdXNlcl9oYXNoIjoiZTg4MmNhYTQzYTJiNmFjNzMxMzE4M2RhODQyM2EyOWU1Yjk4YTA5NyIsIm5hdl9tZW51IjoiW3tcInRpdGxlXCI6IFwiXHU1MTVhXHU1NDU4XHU1M2QxXHU1YzU1XCIsIFwibWVudXNcIjogW3tcInRpdGxlXCI6IFwiXHU2MjEwXHU1NDU4XHU0ZmUxXHU2MDZmXCIsIFwidXJsXCI6IFwiL2luZm8vbWVtYmVyL1wiLCBcImljb25cIjogXCJmYSBmYS1pbmZvXCIsIFwib3JkZXJcIjogOH1dLCBcImZpcnN0X2ljb25cIjogXCJmYSBmYS11bml2ZXJzaXR5XCIsIFwiZmlyc3RfdXJsXCI6IFwiL2luZm8vc2Nob29sL1wifSwge1widGl0bGVcIjogXCJcdTUxNWFcdTU0NThcdTY1NTlcdTgwYjJcIiwgXCJtZW51c1wiOiBbe1widGl0bGVcIjogXCJcdTRmMWFcdThiYWUvXHU2ZDNiXHU1MmE4XCIsIFwidXJsXCI6IFwiL3RlYWNoaW5nL2FjdGl2aXR5L1wiLCBcImljb25cIjogXCJmYSBmYS11c2Vyc1wiLCBcIm9yZGVyXCI6IDEwfSwge1widGl0bGVcIjogXCJcdTViNjZcdTY1ZjZcdTdlZGZcdThiYTFcIiwgXCJ1cmxcIjogXCIvdGVhY2hpbmcvdGFrZXBhcnRpbi9cIiwgXCJpY29uXCI6IFwiZmEgZmEtYmFyLWNoYXJ0XCIsIFwib3JkZXJcIjogMTF9XSwgXCJmaXJzdF9pY29uXCI6IFwiZmEgZmEtdXNlcnNcIiwgXCJmaXJzdF91cmxcIjogXCIvdGVhY2hpbmcvYWN0aXZpdHkvXCJ9LCB7XCJ0aXRsZVwiOiBcIlx1NzUyOFx1NjIzN1wiLCBcIm1lbnVzXCI6IFt7XCJ0aXRsZVwiOiBcIlx1NjIxMVx1NzY4NFx1OGQyNlx1NTNmN1wiLCBcInVybFwiOiBcIi91c2VyL3VzZXIvXCIsIFwiaWNvblwiOiBcImZhIGZhLXZjYXJkXCIsIFwib3JkZXJcIjogNX1dLCBcImZpcnN0X2ljb25cIjogXCJmYSBmYS12Y2FyZFwiLCBcImZpcnN0X3VybFwiOiBcIi91c2VyL3VzZXIvXCJ9XSJ9','2019-03-11 19:18:26.581599'),('3vxecv4wpzotaongzsjwce2udimzr3sf','NDVjMjBkMTY4Mjk3OWZkNGRjNmZiNGQ5ODI0ZjQyNmYwZDdlZWVlZjp7Il9hdXRoX3VzZXJfaWQiOiIxNjMzNzEwOSIsIl9hdXRoX3VzZXJfYmFja2VuZCI6ImRqYW5nby5jb250cmliLmF1dGguYmFja2VuZHMuTW9kZWxCYWNrZW5kIiwiX2F1dGhfdXNlcl9oYXNoIjoiMmQ5ZDhhNTQxNjM5NmI4Y2VjNjM3NWZlNjUwZjViNDg0N2NkNjU2ZSIsIm5hdl9tZW51IjoiW3tcInRpdGxlXCI6IFwiXHU1MTVhXHU1NDU4XHU1M2QxXHU1YzU1XCIsIFwibWVudXNcIjogW3tcInRpdGxlXCI6IFwiXHU2MjEwXHU1NDU4XHU0ZmUxXHU2MDZmXCIsIFwidXJsXCI6IFwiL2luZm8vbWVtYmVyL1wiLCBcImljb25cIjogXCJmYSBmYS1pbmZvXCIsIFwib3JkZXJcIjogOH1dLCBcImZpcnN0X2ljb25cIjogXCJmYSBmYS11bml2ZXJzaXR5XCIsIFwiZmlyc3RfdXJsXCI6IFwiL2luZm8vc2Nob29sL1wifSwge1widGl0bGVcIjogXCJcdTUxNWFcdTU0NThcdTY1NTlcdTgwYjJcIiwgXCJtZW51c1wiOiBbe1widGl0bGVcIjogXCJcdTRmMWFcdThiYWUvXHU2ZDNiXHU1MmE4XCIsIFwidXJsXCI6IFwiL3RlYWNoaW5nL2FjdGl2aXR5L1wiLCBcImljb25cIjogXCJmYSBmYS11c2Vyc1wiLCBcIm9yZGVyXCI6IDEwfSwge1widGl0bGVcIjogXCJcdTViNjZcdTY1ZjZcdTdlZGZcdThiYTFcIiwgXCJ1cmxcIjogXCIvdGVhY2hpbmcvdGFrZXBhcnRpbi9cIiwgXCJpY29uXCI6IFwiZmEgZmEtYmFyLWNoYXJ0XCIsIFwib3JkZXJcIjogMTF9LCB7XCJ0aXRsZVwiOiBcIlx1NWI2Nlx1NGU2MFx1NWYzYVx1NTZmZFx1NjI1M1x1NTM2MVwiLCBcInVybFwiOiBcIi90ZWFjaGluZy9zaGFyaW5nL1wiLCBcImljb25cIjogbnVsbCwgXCJvcmRlclwiOiAxMn1dLCBcImZpcnN0X2ljb25cIjogXCJmYSBmYS11c2Vyc1wiLCBcImZpcnN0X3VybFwiOiBcIi90ZWFjaGluZy9hY3Rpdml0eS9cIn0sIHtcInRpdGxlXCI6IFwiXHU3NTI4XHU2MjM3XCIsIFwibWVudXNcIjogW3tcInRpdGxlXCI6IFwiXHU2MjExXHU3Njg0XHU4ZDI2XHU1M2Y3XCIsIFwidXJsXCI6IFwiL3VzZXIvdXNlci9cIiwgXCJpY29uXCI6IFwiZmEgZmEtdmNhcmRcIiwgXCJvcmRlclwiOiA1fV0sIFwiZmlyc3RfaWNvblwiOiBcImZhIGZhLXZjYXJkXCIsIFwiZmlyc3RfdXJsXCI6IFwiL3VzZXIvdXNlci9cIn1dIiwiTElTVF9RVUVSWSI6W1sidGVhY2hpbmciLCJ0YWtlcGFydGluIl0sIiJdfQ==','2019-03-15 21:32:48.866351'),('4py4gmn7inqckt4vcxiwnj0mf42600zc','OWFkNDk0NjYxZGMyNTIxOTljZWQ5ZDYwNzlmNDBhZDViOTUyNGNmNzp7Il9hdXRoX3VzZXJfaWQiOiIxNjMzNzExMyIsIl9hdXRoX3VzZXJfYmFja2VuZCI6ImRqYW5nby5jb250cmliLmF1dGguYmFja2VuZHMuTW9kZWxCYWNrZW5kIiwiX2F1dGhfdXNlcl9oYXNoIjoiZmY1Y2RjMGRjOTQxM2MzYmQyNzZhMDg2N2Q0YzBkMzFmNmI4ZGNkOSIsIm5hdl9tZW51IjoiW3tcInRpdGxlXCI6IFwiXHU1MTVhXHU1NDU4XHU1M2QxXHU1YzU1XCIsIFwibWVudXNcIjogW3tcInRpdGxlXCI6IFwiXHU1MTVhXHU2NTJmXHU5MGU4XCIsIFwidXJsXCI6IFwiL2luZm8vYnJhbmNoL1wiLCBcImljb25cIjogXCJmYSBmYS11c2VyXCIsIFwib3JkZXJcIjogN30sIHtcInRpdGxlXCI6IFwiXHU2MjEwXHU1NDU4XHU0ZmUxXHU2MDZmXCIsIFwidXJsXCI6IFwiL2luZm8vbWVtYmVyL1wiLCBcImljb25cIjogXCJmYSBmYS1pbmZvXCIsIFwib3JkZXJcIjogOH0sIHtcInRpdGxlXCI6IFwiXHU1M2QxXHU1YzU1XHU2ZDQxXHU3YTBiXHU0ZjlkXHU4ZDU2XCIsIFwidXJsXCI6IFwiL2luZm8vZGVwZW5kZW5jeS9cIiwgXCJpY29uXCI6IG51bGwsIFwib3JkZXJcIjogOX1dLCBcImZpcnN0X2ljb25cIjogXCJmYSBmYS11bml2ZXJzaXR5XCIsIFwiZmlyc3RfdXJsXCI6IFwiL2luZm8vc2Nob29sL1wifSwge1widGl0bGVcIjogXCJcdTUxNWFcdTU0NThcdTY1NTlcdTgwYjJcIiwgXCJtZW51c1wiOiBbe1widGl0bGVcIjogXCJcdTRmMWFcdThiYWUvXHU2ZDNiXHU1MmE4XCIsIFwidXJsXCI6IFwiL3RlYWNoaW5nL2FjdGl2aXR5L1wiLCBcImljb25cIjogXCJmYSBmYS11c2Vyc1wiLCBcIm9yZGVyXCI6IDEwfSwge1widGl0bGVcIjogXCJcdTViNjZcdTY1ZjZcdTdlZGZcdThiYTFcIiwgXCJ1cmxcIjogXCIvdGVhY2hpbmcvdGFrZXBhcnRpbi9cIiwgXCJpY29uXCI6IFwiZmEgZmEtYmFyLWNoYXJ0XCIsIFwib3JkZXJcIjogMTF9LCB7XCJ0aXRsZVwiOiBcIlx1NWI2Nlx1NGU2MFx1NjI1M1x1NTM2MVwiLCBcInVybFwiOiBcIi90ZWFjaGluZy9zaGFyaW5nL1wiLCBcImljb25cIjogbnVsbCwgXCJvcmRlclwiOiAxMn1dLCBcImZpcnN0X2ljb25cIjogXCJmYSBmYS11c2Vyc1wiLCBcImZpcnN0X3VybFwiOiBcIi90ZWFjaGluZy9hY3Rpdml0eS9cIn0sIHtcInRpdGxlXCI6IFwiXHU3NTI4XHU2MjM3XCIsIFwibWVudXNcIjogW3tcInRpdGxlXCI6IFwiXHU2MjExXHU3Njg0XHU4ZDI2XHU1M2Y3XCIsIFwidXJsXCI6IFwiL3VzZXIvdXNlci9cIiwgXCJpY29uXCI6IFwiZmEgZmEtdmNhcmRcIiwgXCJvcmRlclwiOiA1fV0sIFwiZmlyc3RfaWNvblwiOiBcImZhIGZhLXZjYXJkXCIsIFwiZmlyc3RfdXJsXCI6IFwiL3VzZXIvdXNlci9cIn1dIiwiTElTVF9RVUVSWSI6W1sidGVhY2hpbmciLCJ0YWtlcGFydGluIl0sIiJdfQ==','2019-03-19 15:05:31.530967'),('4wx5m8cpt0qf4eb1rvdtb4615p4ipq75','MWY1YTNkZDM5ZjJiODA0ZTVjZjhhZWM5Yjk2ZTZkNDgyMmIwOTVjNDp7Il9hdXRoX3VzZXJfaWQiOiIxNzM0MTA3MyIsIl9hdXRoX3VzZXJfYmFja2VuZCI6ImRqYW5nby5jb250cmliLmF1dGguYmFja2VuZHMuTW9kZWxCYWNrZW5kIiwiX2F1dGhfdXNlcl9oYXNoIjoiMjY5YjJlNGFmMDZmYmFjNGViYTc1ODZiZTA3ZDUzOTU4NzMyZTM1NSJ9','2019-03-12 09:55:38.520356'),('50ytcvkmp7vegywlogh1mkz5g9mgaqou','MzE1YzllYmVmYWNjM2E4OTk5ZjA2ODY2YmU3MzlmZTUwMmJhZjlhMTp7Il9hdXRoX3VzZXJfaWQiOiIxNjMzNzA5OCIsIl9hdXRoX3VzZXJfYmFja2VuZCI6ImRqYW5nby5jb250cmliLmF1dGguYmFja2VuZHMuTW9kZWxCYWNrZW5kIiwiX2F1dGhfdXNlcl9oYXNoIjoiMWEyNjQ2NGY3MWIzYWQxOGVkZDRmZGZhOWZjNWUxY2Y1YTYzMTQ4MyIsIm5hdl9tZW51IjoiW3tcInRpdGxlXCI6IFwiXHU1MTVhXHU1NDU4XHU1M2QxXHU1YzU1XCIsIFwibWVudXNcIjogW3tcInRpdGxlXCI6IFwiXHU2MjEwXHU1NDU4XHU0ZmUxXHU2MDZmXCIsIFwidXJsXCI6IFwiL2luZm8vbWVtYmVyL1wiLCBcImljb25cIjogXCJmYSBmYS1pbmZvXCIsIFwib3JkZXJcIjogOH1dLCBcImZpcnN0X2ljb25cIjogXCJmYSBmYS11bml2ZXJzaXR5XCIsIFwiZmlyc3RfdXJsXCI6IFwiL2luZm8vc2Nob29sL1wifSwge1widGl0bGVcIjogXCJcdTUxNWFcdTU0NThcdTY1NTlcdTgwYjJcIiwgXCJtZW51c1wiOiBbe1widGl0bGVcIjogXCJcdTRmMWFcdThiYWUvXHU2ZDNiXHU1MmE4XCIsIFwidXJsXCI6IFwiL3RlYWNoaW5nL2FjdGl2aXR5L1wiLCBcImljb25cIjogXCJmYSBmYS11c2Vyc1wiLCBcIm9yZGVyXCI6IDEwfSwge1widGl0bGVcIjogXCJcdTViNjZcdTY1ZjZcdTdlZGZcdThiYTFcIiwgXCJ1cmxcIjogXCIvdGVhY2hpbmcvdGFrZXBhcnRpbi9cIiwgXCJpY29uXCI6IFwiZmEgZmEtYmFyLWNoYXJ0XCIsIFwib3JkZXJcIjogMTF9XSwgXCJmaXJzdF9pY29uXCI6IFwiZmEgZmEtdXNlcnNcIiwgXCJmaXJzdF91cmxcIjogXCIvdGVhY2hpbmcvYWN0aXZpdHkvXCJ9LCB7XCJ0aXRsZVwiOiBcIlx1NzUyOFx1NjIzN1wiLCBcIm1lbnVzXCI6IFt7XCJ0aXRsZVwiOiBcIlx1NjIxMVx1NzY4NFx1OGQyNlx1NTNmN1wiLCBcInVybFwiOiBcIi91c2VyL3VzZXIvXCIsIFwiaWNvblwiOiBcImZhIGZhLXZjYXJkXCIsIFwib3JkZXJcIjogNX1dLCBcImZpcnN0X2ljb25cIjogXCJmYSBmYS12Y2FyZFwiLCBcImZpcnN0X3VybFwiOiBcIi91c2VyL3VzZXIvXCJ9XSIsIkxJU1RfUVVFUlkiOltbImluZm8iLCJtZW1iZXIiXSwiIl19','2019-03-15 21:34:00.566647'),('5733o9xtpu13dxutuayiz4xx5sdcpp3s','ZWNmNGFiZmQzNzljNGY3ZTNhZjhmMzAyZTUxZDg3YmUzMWIxZTIxNDp7Il9hdXRoX3VzZXJfaWQiOiIxNjMzNzExMyIsIl9hdXRoX3VzZXJfYmFja2VuZCI6ImRqYW5nby5jb250cmliLmF1dGguYmFja2VuZHMuTW9kZWxCYWNrZW5kIiwiX2F1dGhfdXNlcl9oYXNoIjoiZmY1Y2RjMGRjOTQxM2MzYmQyNzZhMDg2N2Q0YzBkMzFmNmI4ZGNkOSIsIm5hdl9tZW51IjoiW3tcInRpdGxlXCI6IFwiXHU1MTVhXHU1NDU4XHU1M2QxXHU1YzU1XCIsIFwibWVudXNcIjogW3tcInRpdGxlXCI6IFwiXHU1MTVhXHU2NTJmXHU5MGU4XCIsIFwidXJsXCI6IFwiL2luZm8vYnJhbmNoL1wiLCBcImljb25cIjogXCJmYSBmYS11c2VyXCIsIFwib3JkZXJcIjogN30sIHtcInRpdGxlXCI6IFwiXHU2MjEwXHU1NDU4XHU0ZmUxXHU2MDZmXCIsIFwidXJsXCI6IFwiL2luZm8vbWVtYmVyL1wiLCBcImljb25cIjogXCJmYSBmYS1pbmZvXCIsIFwib3JkZXJcIjogOH0sIHtcInRpdGxlXCI6IFwiXHU1M2QxXHU1YzU1XHU2ZDQxXHU3YTBiXHU0ZjlkXHU4ZDU2XCIsIFwidXJsXCI6IFwiL2luZm8vZGVwZW5kZW5jeS9cIiwgXCJpY29uXCI6IG51bGwsIFwib3JkZXJcIjogOX1dLCBcImZpcnN0X2ljb25cIjogXCJmYSBmYS11bml2ZXJzaXR5XCIsIFwiZmlyc3RfdXJsXCI6IFwiL2luZm8vc2Nob29sL1wifSwge1widGl0bGVcIjogXCJcdTUxNWFcdTU0NThcdTY1NTlcdTgwYjJcIiwgXCJtZW51c1wiOiBbe1widGl0bGVcIjogXCJcdTRmMWFcdThiYWUvXHU2ZDNiXHU1MmE4XCIsIFwidXJsXCI6IFwiL3RlYWNoaW5nL2FjdGl2aXR5L1wiLCBcImljb25cIjogXCJmYSBmYS11c2Vyc1wiLCBcIm9yZGVyXCI6IDEwfSwge1widGl0bGVcIjogXCJcdTViNjZcdTY1ZjZcdTdlZGZcdThiYTFcIiwgXCJ1cmxcIjogXCIvdGVhY2hpbmcvdGFrZXBhcnRpbi9cIiwgXCJpY29uXCI6IFwiZmEgZmEtYmFyLWNoYXJ0XCIsIFwib3JkZXJcIjogMTF9LCB7XCJ0aXRsZVwiOiBcIlx1NWI2Nlx1NGU2MFx1NWYzYVx1NTZmZFx1NjI1M1x1NTM2MVwiLCBcInVybFwiOiBcIi90ZWFjaGluZy9zaGFyaW5nL1wiLCBcImljb25cIjogbnVsbCwgXCJvcmRlclwiOiAxMn1dLCBcImZpcnN0X2ljb25cIjogXCJmYSBmYS11c2Vyc1wiLCBcImZpcnN0X3VybFwiOiBcIi90ZWFjaGluZy9hY3Rpdml0eS9cIn0sIHtcInRpdGxlXCI6IFwiXHU3NTI4XHU2MjM3XCIsIFwibWVudXNcIjogW3tcInRpdGxlXCI6IFwiXHU2MjExXHU3Njg0XHU4ZDI2XHU1M2Y3XCIsIFwidXJsXCI6IFwiL3VzZXIvdXNlci9cIiwgXCJpY29uXCI6IFwiZmEgZmEtdmNhcmRcIiwgXCJvcmRlclwiOiA1fV0sIFwiZmlyc3RfaWNvblwiOiBcImZhIGZhLXZjYXJkXCIsIFwiZmlyc3RfdXJsXCI6IFwiL3VzZXIvdXNlci9cIn1dIiwiTElTVF9RVUVSWSI6W1sidXNlciIsInVzZXIiXSwibz0tbGFzdF9sb2dpbiJdfQ==','2019-03-16 09:02:05.314744'),('5jmxcpdnwbhkllmpjqkdkj27hl2lqr09','ZDEwNGE0MGU1NDUzNGIxZTVlYWQ2NjhjZWI3NDk0NGYzYjQ5NjNjOTp7Il9hdXRoX3VzZXJfaWQiOiIxNjMzNzExMyIsIl9hdXRoX3VzZXJfYmFja2VuZCI6ImRqYW5nby5jb250cmliLmF1dGguYmFja2VuZHMuTW9kZWxCYWNrZW5kIiwiX2F1dGhfdXNlcl9oYXNoIjoiMjBkZWQ3ZjE5OWQ1ODJkNzBmMDZjMTNlNjBiNTA5OTkyOWMxYzU3NCIsIm5hdl9tZW51IjoiW3tcInRpdGxlXCI6IFwiXHU1MTVhXHU1NDU4XHU1M2QxXHU1YzU1XCIsIFwibWVudXNcIjogW3tcInRpdGxlXCI6IFwiXHU1M2QxXHU1YzU1XHU2ZDQxXHU3YTBiXHU0ZjlkXHU4ZDU2XCIsIFwidXJsXCI6IFwiL2luZm8vZGVwZW5kZW5jeS9cIiwgXCJpY29uXCI6IG51bGwsIFwib3JkZXJcIjogOH0sIHtcInRpdGxlXCI6IFwiXHU2MjEwXHU1NDU4XHU0ZmUxXHU2MDZmXCIsIFwidXJsXCI6IFwiL2luZm8vbWVtYmVyL1wiLCBcImljb25cIjogXCJmYSBmYS1pbmZvXCIsIFwib3JkZXJcIjogOX1dLCBcImZpcnN0X2ljb25cIjogXCJmYSBmYS11bml2ZXJzaXR5XCIsIFwiZmlyc3RfdXJsXCI6IFwiL2luZm8vc2Nob29sL1wifSwge1widGl0bGVcIjogXCJcdTUxNWFcdTU0NThcdTY1NTlcdTgwYjJcIiwgXCJtZW51c1wiOiBbe1widGl0bGVcIjogXCJcdTRmMWFcdThiYWUvXHU2ZDNiXHU1MmE4XCIsIFwidXJsXCI6IFwiL3RlYWNoaW5nL2FjdGl2aXR5L1wiLCBcImljb25cIjogXCJmYSBmYS11c2Vyc1wiLCBcIm9yZGVyXCI6IDEwfSwge1widGl0bGVcIjogXCJcdTViNjZcdTY1ZjZcdTdlZGZcdThiYTFcIiwgXCJ1cmxcIjogXCIvdGVhY2hpbmcvdGFrZXBhcnRpbi9cIiwgXCJpY29uXCI6IFwiZmEgZmEtYmFyLWNoYXJ0XCIsIFwib3JkZXJcIjogMTF9XSwgXCJmaXJzdF9pY29uXCI6IFwiZmEgZmEtdXNlcnNcIiwgXCJmaXJzdF91cmxcIjogXCIvdGVhY2hpbmcvYWN0aXZpdHkvXCJ9LCB7XCJ0aXRsZVwiOiBcIlx1NzUyOFx1NjIzN1wiLCBcIm1lbnVzXCI6IFt7XCJ0aXRsZVwiOiBcIlx1NjIxMVx1NzY4NFx1OGQyNlx1NTNmN1wiLCBcInVybFwiOiBcIi91c2VyL3VzZXIvXCIsIFwiaWNvblwiOiBcImZhIGZhLXZjYXJkXCIsIFwib3JkZXJcIjogNX1dLCBcImZpcnN0X2ljb25cIjogXCJmYSBmYS12Y2FyZFwiLCBcImZpcnN0X3VybFwiOiBcIi91c2VyL3VzZXIvXCJ9XSIsIkxJU1RfUVVFUlkiOltbImluZm8iLCJtZW1iZXIiXSwiIl0sIndpemFyZF9pbmZvbWVtYmVyX2FkbWluX3dpemFyZF9mb3JtX3BsdWdpbiI6eyJzdGVwIjoiXHU1N2ZhXHU2NzJjXHU0ZmUxXHU2MDZmIiwic3RlcF9kYXRhIjp7fSwic3RlcF9maWxlcyI6e30sImV4dHJhX2RhdGEiOnt9fX0=','2019-03-03 02:37:18.525444'),('6o9iwirhnlalwovbclfv9fp4o2sb1c3d','Y2I4YmUyMDIwZDVkYzRjN2YzNDZlZDAxMTJkMDM4NDE3OGU2MzZjMDp7Il9hdXRoX3VzZXJfaWQiOiIxNjMzNzExMiIsIl9hdXRoX3VzZXJfYmFja2VuZCI6ImRqYW5nby5jb250cmliLmF1dGguYmFja2VuZHMuTW9kZWxCYWNrZW5kIiwiX2F1dGhfdXNlcl9oYXNoIjoiYzJiOGU3MDQ2OWY3NjQzZDBmM2FmMjA4NzFmODJmNjI2ZjJjMjdjNiIsIm5hdl9tZW51IjoiW3tcInRpdGxlXCI6IFwiXHU1MTVhXHU1NDU4XHU1M2QxXHU1YzU1XCIsIFwibWVudXNcIjogW3tcInRpdGxlXCI6IFwiXHU2MjEwXHU1NDU4XHU0ZmUxXHU2MDZmXCIsIFwidXJsXCI6IFwiL2luZm8vbWVtYmVyL1wiLCBcImljb25cIjogXCJmYSBmYS1pbmZvXCIsIFwib3JkZXJcIjogOX1dLCBcImZpcnN0X2ljb25cIjogXCJmYSBmYS11bml2ZXJzaXR5XCIsIFwiZmlyc3RfdXJsXCI6IFwiL2luZm8vc2Nob29sL1wifSwge1widGl0bGVcIjogXCJcdTUxNWFcdTU0NThcdTY1NTlcdTgwYjJcIiwgXCJtZW51c1wiOiBbe1widGl0bGVcIjogXCJcdTRmMWFcdThiYWUvXHU2ZDNiXHU1MmE4XCIsIFwidXJsXCI6IFwiL3RlYWNoaW5nL2FjdGl2aXR5L1wiLCBcImljb25cIjogXCJmYSBmYS11c2Vyc1wiLCBcIm9yZGVyXCI6IDEwfSwge1widGl0bGVcIjogXCJcdTViNjZcdTY1ZjZcdTdlZGZcdThiYTFcIiwgXCJ1cmxcIjogXCIvdGVhY2hpbmcvdGFrZXBhcnRpbi9cIiwgXCJpY29uXCI6IFwiZmEgZmEtYmFyLWNoYXJ0XCIsIFwib3JkZXJcIjogMTF9XSwgXCJmaXJzdF9pY29uXCI6IFwiZmEgZmEtdXNlcnNcIiwgXCJmaXJzdF91cmxcIjogXCIvdGVhY2hpbmcvYWN0aXZpdHkvXCJ9LCB7XCJ0aXRsZVwiOiBcIlx1NzUyOFx1NjIzN1wiLCBcIm1lbnVzXCI6IFt7XCJ0aXRsZVwiOiBcIlx1NjIxMVx1NzY4NFx1OGQyNlx1NTNmN1wiLCBcInVybFwiOiBcIi91c2VyL3VzZXIvXCIsIFwiaWNvblwiOiBcImZhIGZhLXZjYXJkXCIsIFwib3JkZXJcIjogNX1dLCBcImZpcnN0X2ljb25cIjogXCJmYSBmYS12Y2FyZFwiLCBcImZpcnN0X3VybFwiOiBcIi91c2VyL3VzZXIvXCJ9XSIsIndpemFyZF9pbmZvbWVtYmVyX2FkbWluX3dpemFyZF9mb3JtX3BsdWdpbiI6eyJzdGVwIjoiXHU1N2ZhXHU2NzJjXHU0ZmUxXHU2MDZmIiwic3RlcF9kYXRhIjp7fSwic3RlcF9maWxlcyI6e30sImV4dHJhX2RhdGEiOnt9fSwiTElTVF9RVUVSWSI6W1siaW5mbyIsIm1lbWJlciJdLCIiXX0=','2019-03-04 22:44:11.345207'),('7bq2fhar0hfniuefazyre9teuh2pn3wo','YjI0YWNlZWNlMDIzOGZkZTBiM2E5ZmNkMjA4NGE5ODQwM2VkNjY3ODp7Il9hdXRoX3VzZXJfaWQiOiIxNjMzNzExMyIsIl9hdXRoX3VzZXJfYmFja2VuZCI6ImRqYW5nby5jb250cmliLmF1dGguYmFja2VuZHMuTW9kZWxCYWNrZW5kIiwiX2F1dGhfdXNlcl9oYXNoIjoiZmY1Y2RjMGRjOTQxM2MzYmQyNzZhMDg2N2Q0YzBkMzFmNmI4ZGNkOSJ9','2019-03-10 17:16:23.562731'),('7nr7jj948uex4w54vf5enj8ruxgssyea','OTFmM2M0MGQ5MDVkYzQ4ODdkNzZkNWE2NDRiN2JmZGUzNjk5ODNkYTp7Il9hdXRoX3VzZXJfaWQiOiIxNzM0MTEwNSIsIl9hdXRoX3VzZXJfYmFja2VuZCI6ImRqYW5nby5jb250cmliLmF1dGguYmFja2VuZHMuTW9kZWxCYWNrZW5kIiwiX2F1dGhfdXNlcl9oYXNoIjoiOTE5ZDdlZThmODhlZWRlN2IwYjY4NzU2M2Q3MTIzZTdkOGJhOGQ5YSIsIm5hdl9tZW51IjoiW3tcInRpdGxlXCI6IFwiXHU1MTVhXHU1NDU4XHU1M2QxXHU1YzU1XCIsIFwibWVudXNcIjogW3tcInRpdGxlXCI6IFwiXHU2MjEwXHU1NDU4XHU0ZmUxXHU2MDZmXCIsIFwidXJsXCI6IFwiL2luZm8vbWVtYmVyL1wiLCBcImljb25cIjogXCJmYSBmYS1pbmZvXCIsIFwib3JkZXJcIjogOX1dLCBcImZpcnN0X2ljb25cIjogXCJmYSBmYS11bml2ZXJzaXR5XCIsIFwiZmlyc3RfdXJsXCI6IFwiL2luZm8vc2Nob29sL1wifSwge1widGl0bGVcIjogXCJcdTUxNWFcdTU0NThcdTY1NTlcdTgwYjJcIiwgXCJtZW51c1wiOiBbe1widGl0bGVcIjogXCJcdTRmMWFcdThiYWUvXHU2ZDNiXHU1MmE4XCIsIFwidXJsXCI6IFwiL3RlYWNoaW5nL2FjdGl2aXR5L1wiLCBcImljb25cIjogXCJmYSBmYS11c2Vyc1wiLCBcIm9yZGVyXCI6IDEwfSwge1widGl0bGVcIjogXCJcdTViNjZcdTY1ZjZcdTdlZGZcdThiYTFcIiwgXCJ1cmxcIjogXCIvdGVhY2hpbmcvdGFrZXBhcnRpbi9cIiwgXCJpY29uXCI6IFwiZmEgZmEtYmFyLWNoYXJ0XCIsIFwib3JkZXJcIjogMTF9XSwgXCJmaXJzdF9pY29uXCI6IFwiZmEgZmEtdXNlcnNcIiwgXCJmaXJzdF91cmxcIjogXCIvdGVhY2hpbmcvYWN0aXZpdHkvXCJ9LCB7XCJ0aXRsZVwiOiBcIlx1NzUyOFx1NjIzN1wiLCBcIm1lbnVzXCI6IFt7XCJ0aXRsZVwiOiBcIlx1NjIxMVx1NzY4NFx1OGQyNlx1NTNmN1wiLCBcInVybFwiOiBcIi91c2VyL3VzZXIvXCIsIFwiaWNvblwiOiBcImZhIGZhLXZjYXJkXCIsIFwib3JkZXJcIjogNX1dLCBcImZpcnN0X2ljb25cIjogXCJmYSBmYS12Y2FyZFwiLCBcImZpcnN0X3VybFwiOiBcIi91c2VyL3VzZXIvXCJ9XSJ9','2019-03-03 16:53:36.741170'),('8593ah41qxvdbum6gvsah9zok6qu0qu5','YjcwYjQwMjhhODE2NzhlZjFjOWJlMGMyZDgyYmJkYzNiYjE4NTc1ZTp7Il9hdXRoX3VzZXJfaWQiOiIxNTMzNjEwMiIsIl9hdXRoX3VzZXJfYmFja2VuZCI6ImRqYW5nby5jb250cmliLmF1dGguYmFja2VuZHMuTW9kZWxCYWNrZW5kIiwiX2F1dGhfdXNlcl9oYXNoIjoiNzczOTk3OGZjMzg2ZTIxYTIwYTE5YjVjYzE5ZTQ2ODk5ZDRmNjQyNSIsIm5hdl9tZW51IjoiW3tcInRpdGxlXCI6IFwiXHU1MTVhXHU1NDU4XHU1M2QxXHU1YzU1XCIsIFwibWVudXNcIjogW3tcInRpdGxlXCI6IFwiXHU2MjEwXHU1NDU4XHU0ZmUxXHU2MDZmXCIsIFwidXJsXCI6IFwiL2luZm8vbWVtYmVyL1wiLCBcImljb25cIjogXCJmYSBmYS1pbmZvXCIsIFwib3JkZXJcIjogOX1dLCBcImZpcnN0X2ljb25cIjogXCJmYSBmYS11bml2ZXJzaXR5XCIsIFwiZmlyc3RfdXJsXCI6IFwiL2luZm8vc2Nob29sL1wifSwge1widGl0bGVcIjogXCJcdTUxNWFcdTU0NThcdTY1NTlcdTgwYjJcIiwgXCJtZW51c1wiOiBbe1widGl0bGVcIjogXCJcdTRmMWFcdThiYWUvXHU2ZDNiXHU1MmE4XCIsIFwidXJsXCI6IFwiL3RlYWNoaW5nL2FjdGl2aXR5L1wiLCBcImljb25cIjogXCJmYSBmYS11c2Vyc1wiLCBcIm9yZGVyXCI6IDEwfSwge1widGl0bGVcIjogXCJcdTViNjZcdTY1ZjZcdTdlZGZcdThiYTFcIiwgXCJ1cmxcIjogXCIvdGVhY2hpbmcvdGFrZXBhcnRpbi9cIiwgXCJpY29uXCI6IFwiZmEgZmEtYmFyLWNoYXJ0XCIsIFwib3JkZXJcIjogMTF9XSwgXCJmaXJzdF9pY29uXCI6IFwiZmEgZmEtdXNlcnNcIiwgXCJmaXJzdF91cmxcIjogXCIvdGVhY2hpbmcvYWN0aXZpdHkvXCJ9LCB7XCJ0aXRsZVwiOiBcIlx1NzUyOFx1NjIzN1wiLCBcIm1lbnVzXCI6IFt7XCJ0aXRsZVwiOiBcIlx1NjIxMVx1NzY4NFx1OGQyNlx1NTNmN1wiLCBcInVybFwiOiBcIi91c2VyL3VzZXIvXCIsIFwiaWNvblwiOiBcImZhIGZhLXZjYXJkXCIsIFwib3JkZXJcIjogNX1dLCBcImZpcnN0X2ljb25cIjogXCJmYSBmYS12Y2FyZFwiLCBcImZpcnN0X3VybFwiOiBcIi91c2VyL3VzZXIvXCJ9XSIsIndpemFyZF9pbmZvbWVtYmVyX2FkbWluX3dpemFyZF9mb3JtX3BsdWdpbiI6eyJzdGVwIjoiXHU1N2ZhXHU2NzJjXHU0ZmUxXHU2MDZmIiwic3RlcF9kYXRhIjp7fSwic3RlcF9maWxlcyI6e30sImV4dHJhX2RhdGEiOnt9fSwiTElTVF9RVUVSWSI6W1sidXNlciIsInVzZXIiXSwiIl19','2019-03-03 16:40:49.248950'),('8nz40zu6jzwms82pth9yi1osxooswec3','MjVjOWFmZjczN2U3MjczMTc0M2M4OWE5ZTExMDIwMzUxNTA3NWE2Nzp7Il9hdXRoX3VzZXJfaWQiOiIxNjMzNzEwNiIsIl9hdXRoX3VzZXJfYmFja2VuZCI6ImRqYW5nby5jb250cmliLmF1dGguYmFja2VuZHMuTW9kZWxCYWNrZW5kIiwiX2F1dGhfdXNlcl9oYXNoIjoiODlkZTc4MGY2ZWU5YjdhMGI0OTdiNDBjZjBiNDZkNzMyYTNlOGM5YiIsIm5hdl9tZW51IjoiW3tcInRpdGxlXCI6IFwiXHU1MTVhXHU1NDU4XHU1M2QxXHU1YzU1XCIsIFwibWVudXNcIjogW3tcInRpdGxlXCI6IFwiXHU2MjEwXHU1NDU4XHU0ZmUxXHU2MDZmXCIsIFwidXJsXCI6IFwiL2luZm8vbWVtYmVyL1wiLCBcImljb25cIjogXCJmYSBmYS1pbmZvXCIsIFwib3JkZXJcIjogOH1dLCBcImZpcnN0X2ljb25cIjogXCJmYSBmYS11bml2ZXJzaXR5XCIsIFwiZmlyc3RfdXJsXCI6IFwiL2luZm8vc2Nob29sL1wifSwge1widGl0bGVcIjogXCJcdTUxNWFcdTU0NThcdTY1NTlcdTgwYjJcIiwgXCJtZW51c1wiOiBbe1widGl0bGVcIjogXCJcdTRmMWFcdThiYWUvXHU2ZDNiXHU1MmE4XCIsIFwidXJsXCI6IFwiL3RlYWNoaW5nL2FjdGl2aXR5L1wiLCBcImljb25cIjogXCJmYSBmYS11c2Vyc1wiLCBcIm9yZGVyXCI6IDEwfSwge1widGl0bGVcIjogXCJcdTViNjZcdTY1ZjZcdTdlZGZcdThiYTFcIiwgXCJ1cmxcIjogXCIvdGVhY2hpbmcvdGFrZXBhcnRpbi9cIiwgXCJpY29uXCI6IFwiZmEgZmEtYmFyLWNoYXJ0XCIsIFwib3JkZXJcIjogMTF9XSwgXCJmaXJzdF9pY29uXCI6IFwiZmEgZmEtdXNlcnNcIiwgXCJmaXJzdF91cmxcIjogXCIvdGVhY2hpbmcvYWN0aXZpdHkvXCJ9LCB7XCJ0aXRsZVwiOiBcIlx1NzUyOFx1NjIzN1wiLCBcIm1lbnVzXCI6IFt7XCJ0aXRsZVwiOiBcIlx1NjIxMVx1NzY4NFx1OGQyNlx1NTNmN1wiLCBcInVybFwiOiBcIi91c2VyL3VzZXIvXCIsIFwiaWNvblwiOiBcImZhIGZhLXZjYXJkXCIsIFwib3JkZXJcIjogNX1dLCBcImZpcnN0X2ljb25cIjogXCJmYSBmYS12Y2FyZFwiLCBcImZpcnN0X3VybFwiOiBcIi91c2VyL3VzZXIvXCJ9XSJ9','2019-03-11 22:07:28.363904'),('9cxwaeem378oqpvyjl55g811vi2mimhq','YjM4MTM2MTZlNmUwMDRhZjQ2YTdhNTdkMDMyMWVkN2UwMWUwYjExNDp7Il9hdXRoX3VzZXJfaWQiOiIxNjMzNzEyOSIsIl9hdXRoX3VzZXJfYmFja2VuZCI6ImRqYW5nby5jb250cmliLmF1dGguYmFja2VuZHMuTW9kZWxCYWNrZW5kIiwiX2F1dGhfdXNlcl9oYXNoIjoiMWFkOWNhNjQ5ZDAwMmU2ZWQ3ZjlhMjhhYjg1ZTU3OTU0ZmU0OTgzMyIsIm5hdl9tZW51IjoiW3tcInRpdGxlXCI6IFwiXHU1MTVhXHU1NDU4XHU1M2QxXHU1YzU1XCIsIFwibWVudXNcIjogW3tcInRpdGxlXCI6IFwiXHU2MjEwXHU1NDU4XHU0ZmUxXHU2MDZmXCIsIFwidXJsXCI6IFwiL2luZm8vbWVtYmVyL1wiLCBcImljb25cIjogXCJmYSBmYS1pbmZvXCIsIFwib3JkZXJcIjogOX1dLCBcImZpcnN0X2ljb25cIjogXCJmYSBmYS11bml2ZXJzaXR5XCIsIFwiZmlyc3RfdXJsXCI6IFwiL2luZm8vc2Nob29sL1wifSwge1widGl0bGVcIjogXCJcdTUxNWFcdTU0NThcdTY1NTlcdTgwYjJcIiwgXCJtZW51c1wiOiBbe1widGl0bGVcIjogXCJcdTRmMWFcdThiYWUvXHU2ZDNiXHU1MmE4XCIsIFwidXJsXCI6IFwiL3RlYWNoaW5nL2FjdGl2aXR5L1wiLCBcImljb25cIjogXCJmYSBmYS11c2Vyc1wiLCBcIm9yZGVyXCI6IDEwfSwge1widGl0bGVcIjogXCJcdTViNjZcdTY1ZjZcdTdlZGZcdThiYTFcIiwgXCJ1cmxcIjogXCIvdGVhY2hpbmcvdGFrZXBhcnRpbi9cIiwgXCJpY29uXCI6IFwiZmEgZmEtYmFyLWNoYXJ0XCIsIFwib3JkZXJcIjogMTF9XSwgXCJmaXJzdF9pY29uXCI6IFwiZmEgZmEtdXNlcnNcIiwgXCJmaXJzdF91cmxcIjogXCIvdGVhY2hpbmcvYWN0aXZpdHkvXCJ9LCB7XCJ0aXRsZVwiOiBcIlx1NzUyOFx1NjIzN1wiLCBcIm1lbnVzXCI6IFt7XCJ0aXRsZVwiOiBcIlx1NjIxMVx1NzY4NFx1OGQyNlx1NTNmN1wiLCBcInVybFwiOiBcIi91c2VyL3VzZXIvXCIsIFwiaWNvblwiOiBcImZhIGZhLXZjYXJkXCIsIFwib3JkZXJcIjogNX1dLCBcImZpcnN0X2ljb25cIjogXCJmYSBmYS12Y2FyZFwiLCBcImZpcnN0X3VybFwiOiBcIi91c2VyL3VzZXIvXCJ9XSIsIndpemFyZF9pbmZvbWVtYmVyX2FkbWluX3dpemFyZF9mb3JtX3BsdWdpbiI6eyJzdGVwIjoiXHU1N2ZhXHU2NzJjXHU0ZmUxXHU2MDZmIiwic3RlcF9kYXRhIjp7fSwic3RlcF9maWxlcyI6e30sImV4dHJhX2RhdGEiOnt9fSwiTElTVF9RVUVSWSI6W1siaW5mbyIsIm1lbWJlciJdLCIiXX0=','2019-03-03 14:21:33.330807'),('9k85bw05zsfh92rdh8y5om43bj3buu2t','MmZkNzdlZjdmNjM0NjM5NzU2ZTJiZmNmNTcwNjRjOGY1OGIyZjk4Mzp7Il9hdXRoX3VzZXJfaWQiOiIxNjMzNzE3MSIsIl9hdXRoX3VzZXJfYmFja2VuZCI6ImRqYW5nby5jb250cmliLmF1dGguYmFja2VuZHMuTW9kZWxCYWNrZW5kIiwiX2F1dGhfdXNlcl9oYXNoIjoiM2EyMTNlOWI4OGY5Y2Y4ZWRhM2U2MjZmYjZmNTRiNjcyZjU4YWY0MyIsIm5hdl9tZW51IjoiW3tcInRpdGxlXCI6IFwiXHU1MTVhXHU1NDU4XHU1M2QxXHU1YzU1XCIsIFwibWVudXNcIjogW3tcInRpdGxlXCI6IFwiXHU2MjEwXHU1NDU4XHU0ZmUxXHU2MDZmXCIsIFwidXJsXCI6IFwiL2luZm8vbWVtYmVyL1wiLCBcImljb25cIjogXCJmYSBmYS1pbmZvXCIsIFwib3JkZXJcIjogOX1dLCBcImZpcnN0X2ljb25cIjogXCJmYSBmYS11bml2ZXJzaXR5XCIsIFwiZmlyc3RfdXJsXCI6IFwiL2luZm8vc2Nob29sL1wifSwge1widGl0bGVcIjogXCJcdTUxNWFcdTU0NThcdTY1NTlcdTgwYjJcIiwgXCJtZW51c1wiOiBbe1widGl0bGVcIjogXCJcdTRmMWFcdThiYWUvXHU2ZDNiXHU1MmE4XCIsIFwidXJsXCI6IFwiL3RlYWNoaW5nL2FjdGl2aXR5L1wiLCBcImljb25cIjogXCJmYSBmYS11c2Vyc1wiLCBcIm9yZGVyXCI6IDEwfSwge1widGl0bGVcIjogXCJcdTViNjZcdTY1ZjZcdTdlZGZcdThiYTFcIiwgXCJ1cmxcIjogXCIvdGVhY2hpbmcvdGFrZXBhcnRpbi9cIiwgXCJpY29uXCI6IFwiZmEgZmEtYmFyLWNoYXJ0XCIsIFwib3JkZXJcIjogMTF9XSwgXCJmaXJzdF9pY29uXCI6IFwiZmEgZmEtdXNlcnNcIiwgXCJmaXJzdF91cmxcIjogXCIvdGVhY2hpbmcvYWN0aXZpdHkvXCJ9LCB7XCJ0aXRsZVwiOiBcIlx1NzUyOFx1NjIzN1wiLCBcIm1lbnVzXCI6IFt7XCJ0aXRsZVwiOiBcIlx1NjIxMVx1NzY4NFx1OGQyNlx1NTNmN1wiLCBcInVybFwiOiBcIi91c2VyL3VzZXIvXCIsIFwiaWNvblwiOiBcImZhIGZhLXZjYXJkXCIsIFwib3JkZXJcIjogNX1dLCBcImZpcnN0X2ljb25cIjogXCJmYSBmYS12Y2FyZFwiLCBcImZpcnN0X3VybFwiOiBcIi91c2VyL3VzZXIvXCJ9XSIsIkxJU1RfUVVFUlkiOltbImluZm8iLCJtZW1iZXIiXSwiIl0sIndpemFyZF9pbmZvbWVtYmVyX2FkbWluX3dpemFyZF9mb3JtX3BsdWdpbiI6eyJzdGVwIjoiXHU1N2ZhXHU2NzJjXHU0ZmUxXHU2MDZmIiwic3RlcF9kYXRhIjp7fSwic3RlcF9maWxlcyI6e30sImV4dHJhX2RhdGEiOnt9fX0=','2019-03-03 14:40:11.416102'),('9mokibc1kcskt1hz5pogpyvs8hsd8tjm','NGE2OTM1ZTY0ZmMwZjBmYjc2ZTVmZDA2YmQwZGUyMDIzOGYyNDJkOTp7Il9hdXRoX3VzZXJfaWQiOiIxNzM0MTA2MSIsIl9hdXRoX3VzZXJfYmFja2VuZCI6ImRqYW5nby5jb250cmliLmF1dGguYmFja2VuZHMuTW9kZWxCYWNrZW5kIiwiX2F1dGhfdXNlcl9oYXNoIjoiYzc2NWU1ZGFhMjQ4ZmZlYmIzMGFiM2Q0ZTJhOTk4M2M5OGQwZTVjNiIsIm5hdl9tZW51IjoiW3tcInRpdGxlXCI6IFwiXHU1MTVhXHU1NDU4XHU1M2QxXHU1YzU1XCIsIFwibWVudXNcIjogW3tcInRpdGxlXCI6IFwiXHU2MjEwXHU1NDU4XHU0ZmUxXHU2MDZmXCIsIFwidXJsXCI6IFwiL2luZm8vbWVtYmVyL1wiLCBcImljb25cIjogXCJmYSBmYS1pbmZvXCIsIFwib3JkZXJcIjogOX1dLCBcImZpcnN0X2ljb25cIjogXCJmYSBmYS11bml2ZXJzaXR5XCIsIFwiZmlyc3RfdXJsXCI6IFwiL2luZm8vc2Nob29sL1wifSwge1widGl0bGVcIjogXCJcdTUxNWFcdTU0NThcdTY1NTlcdTgwYjJcIiwgXCJtZW51c1wiOiBbe1widGl0bGVcIjogXCJcdTRmMWFcdThiYWUvXHU2ZDNiXHU1MmE4XCIsIFwidXJsXCI6IFwiL3RlYWNoaW5nL2FjdGl2aXR5L1wiLCBcImljb25cIjogXCJmYSBmYS11c2Vyc1wiLCBcIm9yZGVyXCI6IDEwfSwge1widGl0bGVcIjogXCJcdTViNjZcdTY1ZjZcdTdlZGZcdThiYTFcIiwgXCJ1cmxcIjogXCIvdGVhY2hpbmcvdGFrZXBhcnRpbi9cIiwgXCJpY29uXCI6IFwiZmEgZmEtYmFyLWNoYXJ0XCIsIFwib3JkZXJcIjogMTF9XSwgXCJmaXJzdF9pY29uXCI6IFwiZmEgZmEtdXNlcnNcIiwgXCJmaXJzdF91cmxcIjogXCIvdGVhY2hpbmcvYWN0aXZpdHkvXCJ9LCB7XCJ0aXRsZVwiOiBcIlx1NzUyOFx1NjIzN1wiLCBcIm1lbnVzXCI6IFt7XCJ0aXRsZVwiOiBcIlx1NjIxMVx1NzY4NFx1OGQyNlx1NTNmN1wiLCBcInVybFwiOiBcIi91c2VyL3VzZXIvXCIsIFwiaWNvblwiOiBcImZhIGZhLXZjYXJkXCIsIFwib3JkZXJcIjogNX1dLCBcImZpcnN0X2ljb25cIjogXCJmYSBmYS12Y2FyZFwiLCBcImZpcnN0X3VybFwiOiBcIi91c2VyL3VzZXIvXCJ9XSIsIndpemFyZF9pbmZvbWVtYmVyX2FkbWluX3dpemFyZF9mb3JtX3BsdWdpbiI6eyJzdGVwIjoiXHU1N2ZhXHU2NzJjXHU0ZmUxXHU2MDZmIiwic3RlcF9kYXRhIjp7fSwic3RlcF9maWxlcyI6e30sImV4dHJhX2RhdGEiOnt9fSwiTElTVF9RVUVSWSI6W1siaW5mbyIsIm1lbWJlciJdLCIiXX0=','2019-03-03 19:19:01.713221'),('adb4fu4lm8p3dc1f2m8jk6mionv9zoqz','ZTdiNDFjY2UxZDhjMTVhMjMxZjI3NTk2OGM3MWE0ZGM0NDMzZjgwODp7Il9hdXRoX3VzZXJfaWQiOiIxNjMzNzExMyIsIl9hdXRoX3VzZXJfYmFja2VuZCI6ImRqYW5nby5jb250cmliLmF1dGguYmFja2VuZHMuTW9kZWxCYWNrZW5kIiwiX2F1dGhfdXNlcl9oYXNoIjoiZmY1Y2RjMGRjOTQxM2MzYmQyNzZhMDg2N2Q0YzBkMzFmNmI4ZGNkOSIsIm5hdl9tZW51IjoiW3tcInRpdGxlXCI6IFwiXHU1MTVhXHU1NDU4XHU1M2QxXHU1YzU1XCIsIFwibWVudXNcIjogW3tcInRpdGxlXCI6IFwiXHU1MTVhXHU2NTJmXHU5MGU4XCIsIFwidXJsXCI6IFwiL2luZm8vYnJhbmNoL1wiLCBcImljb25cIjogXCJmYSBmYS11c2VyXCIsIFwib3JkZXJcIjogN30sIHtcInRpdGxlXCI6IFwiXHU2MjEwXHU1NDU4XHU0ZmUxXHU2MDZmXCIsIFwidXJsXCI6IFwiL2luZm8vbWVtYmVyL1wiLCBcImljb25cIjogXCJmYSBmYS1pbmZvXCIsIFwib3JkZXJcIjogOH0sIHtcInRpdGxlXCI6IFwiXHU1M2QxXHU1YzU1XHU2ZDQxXHU3YTBiXHU0ZjlkXHU4ZDU2XCIsIFwidXJsXCI6IFwiL2luZm8vZGVwZW5kZW5jeS9cIiwgXCJpY29uXCI6IG51bGwsIFwib3JkZXJcIjogOX1dLCBcImZpcnN0X2ljb25cIjogXCJmYSBmYS11bml2ZXJzaXR5XCIsIFwiZmlyc3RfdXJsXCI6IFwiL2luZm8vc2Nob29sL1wifSwge1widGl0bGVcIjogXCJcdTUxNWFcdTU0NThcdTY1NTlcdTgwYjJcIiwgXCJtZW51c1wiOiBbe1widGl0bGVcIjogXCJcdTRmMWFcdThiYWUvXHU2ZDNiXHU1MmE4XCIsIFwidXJsXCI6IFwiL3RlYWNoaW5nL2FjdGl2aXR5L1wiLCBcImljb25cIjogXCJmYSBmYS11c2Vyc1wiLCBcIm9yZGVyXCI6IDEwfSwge1widGl0bGVcIjogXCJcdTViNjZcdTY1ZjZcdTdlZGZcdThiYTFcIiwgXCJ1cmxcIjogXCIvdGVhY2hpbmcvdGFrZXBhcnRpbi9cIiwgXCJpY29uXCI6IFwiZmEgZmEtYmFyLWNoYXJ0XCIsIFwib3JkZXJcIjogMTF9XSwgXCJmaXJzdF9pY29uXCI6IFwiZmEgZmEtdXNlcnNcIiwgXCJmaXJzdF91cmxcIjogXCIvdGVhY2hpbmcvYWN0aXZpdHkvXCJ9LCB7XCJ0aXRsZVwiOiBcIlx1NzUyOFx1NjIzN1wiLCBcIm1lbnVzXCI6IFt7XCJ0aXRsZVwiOiBcIlx1NjIxMVx1NzY4NFx1OGQyNlx1NTNmN1wiLCBcInVybFwiOiBcIi91c2VyL3VzZXIvXCIsIFwiaWNvblwiOiBcImZhIGZhLXZjYXJkXCIsIFwib3JkZXJcIjogNX1dLCBcImZpcnN0X2ljb25cIjogXCJmYSBmYS12Y2FyZFwiLCBcImZpcnN0X3VybFwiOiBcIi91c2VyL3VzZXIvXCJ9XSIsIkxJU1RfUVVFUlkiOltbInRlYWNoaW5nIiwiYWN0aXZpdHkiXSwiIl19','2019-03-13 10:16:27.859884'),('arsbpwmf4jnotfy2iizlmaudhfgpqrmw','NDQxNjljMzYzNWYxN2IzNzk5MzM4ZDE3ZTI5ZmNjYmE0YzE2NjViNTp7Il9hdXRoX3VzZXJfaWQiOiIxNzM0MTA3MyIsIl9hdXRoX3VzZXJfYmFja2VuZCI6ImRqYW5nby5jb250cmliLmF1dGguYmFja2VuZHMuTW9kZWxCYWNrZW5kIiwiX2F1dGhfdXNlcl9oYXNoIjoiMjY5YjJlNGFmMDZmYmFjNGViYTc1ODZiZTA3ZDUzOTU4NzMyZTM1NSIsIm5hdl9tZW51IjoiW3tcInRpdGxlXCI6IFwiXHU1MTVhXHU1NDU4XHU1M2QxXHU1YzU1XCIsIFwibWVudXNcIjogW3tcInRpdGxlXCI6IFwiXHU2MjEwXHU1NDU4XHU0ZmUxXHU2MDZmXCIsIFwidXJsXCI6IFwiL2luZm8vbWVtYmVyL1wiLCBcImljb25cIjogXCJmYSBmYS1pbmZvXCIsIFwib3JkZXJcIjogOH1dLCBcImZpcnN0X2ljb25cIjogXCJmYSBmYS11bml2ZXJzaXR5XCIsIFwiZmlyc3RfdXJsXCI6IFwiL2luZm8vc2Nob29sL1wifSwge1widGl0bGVcIjogXCJcdTUxNWFcdTU0NThcdTY1NTlcdTgwYjJcIiwgXCJtZW51c1wiOiBbe1widGl0bGVcIjogXCJcdTRmMWFcdThiYWUvXHU2ZDNiXHU1MmE4XCIsIFwidXJsXCI6IFwiL3RlYWNoaW5nL2FjdGl2aXR5L1wiLCBcImljb25cIjogXCJmYSBmYS11c2Vyc1wiLCBcIm9yZGVyXCI6IDEwfSwge1widGl0bGVcIjogXCJcdTViNjZcdTY1ZjZcdTdlZGZcdThiYTFcIiwgXCJ1cmxcIjogXCIvdGVhY2hpbmcvdGFrZXBhcnRpbi9cIiwgXCJpY29uXCI6IFwiZmEgZmEtYmFyLWNoYXJ0XCIsIFwib3JkZXJcIjogMTF9LCB7XCJ0aXRsZVwiOiBcIlx1NWI2Nlx1NGU2MFx1NWYzYVx1NTZmZFx1NjI1M1x1NTM2MVwiLCBcInVybFwiOiBcIi90ZWFjaGluZy9zaGFyaW5nL1wiLCBcImljb25cIjogbnVsbCwgXCJvcmRlclwiOiAxMn1dLCBcImZpcnN0X2ljb25cIjogXCJmYSBmYS11c2Vyc1wiLCBcImZpcnN0X3VybFwiOiBcIi90ZWFjaGluZy9hY3Rpdml0eS9cIn0sIHtcInRpdGxlXCI6IFwiXHU3NTI4XHU2MjM3XCIsIFwibWVudXNcIjogW3tcInRpdGxlXCI6IFwiXHU2MjExXHU3Njg0XHU4ZDI2XHU1M2Y3XCIsIFwidXJsXCI6IFwiL3VzZXIvdXNlci9cIiwgXCJpY29uXCI6IFwiZmEgZmEtdmNhcmRcIiwgXCJvcmRlclwiOiA1fV0sIFwiZmlyc3RfaWNvblwiOiBcImZhIGZhLXZjYXJkXCIsIFwiZmlyc3RfdXJsXCI6IFwiL3VzZXIvdXNlci9cIn1dIiwiTElTVF9RVUVSWSI6W1sidXNlciIsInVzZXIiXSwiIl19','2019-03-15 21:33:54.160578'),('axiqr4488biy2yvkkp1qd1ewoxx1u11m','NDJmMjU2NDliYzc1YWIwZWIxZmQ5YWMxMTIzZWZmMWI1MmIyODI4Mzp7Il9hdXRoX3VzZXJfaWQiOiIxNTMzNjExNyIsIl9hdXRoX3VzZXJfYmFja2VuZCI6ImRqYW5nby5jb250cmliLmF1dGguYmFja2VuZHMuTW9kZWxCYWNrZW5kIiwiX2F1dGhfdXNlcl9oYXNoIjoiYmZmN2NhNGMzMjAxYWIwNGQ2YjQ5MjE5MmNjNmMzM2NhMjJhZmM3NyIsIm5hdl9tZW51IjoiW3tcInRpdGxlXCI6IFwiXHU1MTVhXHU1NDU4XHU1M2QxXHU1YzU1XCIsIFwibWVudXNcIjogW3tcInRpdGxlXCI6IFwiXHU2MjEwXHU1NDU4XHU0ZmUxXHU2MDZmXCIsIFwidXJsXCI6IFwiL2luZm8vbWVtYmVyL1wiLCBcImljb25cIjogXCJmYSBmYS1pbmZvXCIsIFwib3JkZXJcIjogOX1dLCBcImZpcnN0X2ljb25cIjogXCJmYSBmYS11bml2ZXJzaXR5XCIsIFwiZmlyc3RfdXJsXCI6IFwiL2luZm8vc2Nob29sL1wifSwge1widGl0bGVcIjogXCJcdTUxNWFcdTU0NThcdTY1NTlcdTgwYjJcIiwgXCJtZW51c1wiOiBbe1widGl0bGVcIjogXCJcdTRmMWFcdThiYWUvXHU2ZDNiXHU1MmE4XCIsIFwidXJsXCI6IFwiL3RlYWNoaW5nL2FjdGl2aXR5L1wiLCBcImljb25cIjogXCJmYSBmYS11c2Vyc1wiLCBcIm9yZGVyXCI6IDEwfSwge1widGl0bGVcIjogXCJcdTViNjZcdTY1ZjZcdTdlZGZcdThiYTFcIiwgXCJ1cmxcIjogXCIvdGVhY2hpbmcvdGFrZXBhcnRpbi9cIiwgXCJpY29uXCI6IFwiZmEgZmEtYmFyLWNoYXJ0XCIsIFwib3JkZXJcIjogMTF9XSwgXCJmaXJzdF9pY29uXCI6IFwiZmEgZmEtdXNlcnNcIiwgXCJmaXJzdF91cmxcIjogXCIvdGVhY2hpbmcvYWN0aXZpdHkvXCJ9LCB7XCJ0aXRsZVwiOiBcIlx1NzUyOFx1NjIzN1wiLCBcIm1lbnVzXCI6IFt7XCJ0aXRsZVwiOiBcIlx1NjIxMVx1NzY4NFx1OGQyNlx1NTNmN1wiLCBcInVybFwiOiBcIi91c2VyL3VzZXIvXCIsIFwiaWNvblwiOiBcImZhIGZhLXZjYXJkXCIsIFwib3JkZXJcIjogNX1dLCBcImZpcnN0X2ljb25cIjogXCJmYSBmYS12Y2FyZFwiLCBcImZpcnN0X3VybFwiOiBcIi91c2VyL3VzZXIvXCJ9XSIsIndpemFyZF9pbmZvbWVtYmVyX2FkbWluX3dpemFyZF9mb3JtX3BsdWdpbiI6eyJzdGVwIjoiXHU1N2ZhXHU2NzJjXHU0ZmUxXHU2MDZmIiwic3RlcF9kYXRhIjp7fSwic3RlcF9maWxlcyI6e30sImV4dHJhX2RhdGEiOnt9fSwiTElTVF9RVUVSWSI6W1siaW5mbyIsIm1lbWJlciJdLCIiXX0=','2019-03-03 16:52:37.911312'),('bnstffdxfi4wo4wu2aud601yh04i5dk2','NjE5MzBlZTdiZGRjNjZhMDI3N2M1ZTgxYTZiYmVlMTk4YzZlZGIzOTp7Il9hdXRoX3VzZXJfaWQiOiIxNjMzNzE3MSIsIl9hdXRoX3VzZXJfYmFja2VuZCI6ImRqYW5nby5jb250cmliLmF1dGguYmFja2VuZHMuTW9kZWxCYWNrZW5kIiwiX2F1dGhfdXNlcl9oYXNoIjoiOTFiMjM0MGNjMTg3ZWMwZDU2MzI1N2Q4ZWYxY2U3OGU2NWVjOTIxNCIsIm5hdl9tZW51IjoiW3tcInRpdGxlXCI6IFwiXHU1MTVhXHU1NDU4XHU1M2QxXHU1YzU1XCIsIFwibWVudXNcIjogW3tcInRpdGxlXCI6IFwiXHU2MjEwXHU1NDU4XHU0ZmUxXHU2MDZmXCIsIFwidXJsXCI6IFwiL2luZm8vbWVtYmVyL1wiLCBcImljb25cIjogXCJmYSBmYS1pbmZvXCIsIFwib3JkZXJcIjogOH1dLCBcImZpcnN0X2ljb25cIjogXCJmYSBmYS11bml2ZXJzaXR5XCIsIFwiZmlyc3RfdXJsXCI6IFwiL2luZm8vc2Nob29sL1wifSwge1widGl0bGVcIjogXCJcdTUxNWFcdTU0NThcdTY1NTlcdTgwYjJcIiwgXCJtZW51c1wiOiBbe1widGl0bGVcIjogXCJcdTRmMWFcdThiYWUvXHU2ZDNiXHU1MmE4XCIsIFwidXJsXCI6IFwiL3RlYWNoaW5nL2FjdGl2aXR5L1wiLCBcImljb25cIjogXCJmYSBmYS11c2Vyc1wiLCBcIm9yZGVyXCI6IDEwfSwge1widGl0bGVcIjogXCJcdTViNjZcdTY1ZjZcdTdlZGZcdThiYTFcIiwgXCJ1cmxcIjogXCIvdGVhY2hpbmcvdGFrZXBhcnRpbi9cIiwgXCJpY29uXCI6IFwiZmEgZmEtYmFyLWNoYXJ0XCIsIFwib3JkZXJcIjogMTF9LCB7XCJ0aXRsZVwiOiBcIlx1NWI2Nlx1NGU2MFx1NWYzYVx1NTZmZFx1NjI1M1x1NTM2MVwiLCBcInVybFwiOiBcIi90ZWFjaGluZy9zaGFyaW5nL1wiLCBcImljb25cIjogbnVsbCwgXCJvcmRlclwiOiAxMn1dLCBcImZpcnN0X2ljb25cIjogXCJmYSBmYS11c2Vyc1wiLCBcImZpcnN0X3VybFwiOiBcIi90ZWFjaGluZy9hY3Rpdml0eS9cIn0sIHtcInRpdGxlXCI6IFwiXHU3NTI4XHU2MjM3XCIsIFwibWVudXNcIjogW3tcInRpdGxlXCI6IFwiXHU2MjExXHU3Njg0XHU4ZDI2XHU1M2Y3XCIsIFwidXJsXCI6IFwiL3VzZXIvdXNlci9cIiwgXCJpY29uXCI6IFwiZmEgZmEtdmNhcmRcIiwgXCJvcmRlclwiOiA1fV0sIFwiZmlyc3RfaWNvblwiOiBcImZhIGZhLXZjYXJkXCIsIFwiZmlyc3RfdXJsXCI6IFwiL3VzZXIvdXNlci9cIn1dIiwiTElTVF9RVUVSWSI6W1sidGVhY2hpbmciLCJ0YWtlcGFydGluIl0sIiJdfQ==','2019-03-15 22:20:53.161180'),('bpwsxkpx8zgv4kuanywb0md9wgf5fcd4','ZDA3OTZhN2FiNWU5ZjdmYzlkMjkyMTc5NDU2NDkxMTEwNDk5OWM4MDp7Il9hdXRoX3VzZXJfaWQiOiIxNjMzNzA3MSIsIl9hdXRoX3VzZXJfYmFja2VuZCI6ImRqYW5nby5jb250cmliLmF1dGguYmFja2VuZHMuTW9kZWxCYWNrZW5kIiwiX2F1dGhfdXNlcl9oYXNoIjoiNDQ0MWNiZTBmNTQzMTMzNzc5NjM1ZTZiNWQ1NzA1ZWFlMTE0ZjI5MSIsIm5hdl9tZW51IjoiW3tcInRpdGxlXCI6IFwiXHU1MTVhXHU1NDU4XHU1M2QxXHU1YzU1XCIsIFwibWVudXNcIjogW3tcInRpdGxlXCI6IFwiXHU2MjEwXHU1NDU4XHU0ZmUxXHU2MDZmXCIsIFwidXJsXCI6IFwiL2luZm8vbWVtYmVyL1wiLCBcImljb25cIjogXCJmYSBmYS1pbmZvXCIsIFwib3JkZXJcIjogOH1dLCBcImZpcnN0X2ljb25cIjogXCJmYSBmYS11bml2ZXJzaXR5XCIsIFwiZmlyc3RfdXJsXCI6IFwiL2luZm8vc2Nob29sL1wifSwge1widGl0bGVcIjogXCJcdTUxNWFcdTU0NThcdTY1NTlcdTgwYjJcIiwgXCJtZW51c1wiOiBbe1widGl0bGVcIjogXCJcdTRmMWFcdThiYWUvXHU2ZDNiXHU1MmE4XCIsIFwidXJsXCI6IFwiL3RlYWNoaW5nL2FjdGl2aXR5L1wiLCBcImljb25cIjogXCJmYSBmYS11c2Vyc1wiLCBcIm9yZGVyXCI6IDEwfSwge1widGl0bGVcIjogXCJcdTViNjZcdTY1ZjZcdTdlZGZcdThiYTFcIiwgXCJ1cmxcIjogXCIvdGVhY2hpbmcvdGFrZXBhcnRpbi9cIiwgXCJpY29uXCI6IFwiZmEgZmEtYmFyLWNoYXJ0XCIsIFwib3JkZXJcIjogMTF9XSwgXCJmaXJzdF9pY29uXCI6IFwiZmEgZmEtdXNlcnNcIiwgXCJmaXJzdF91cmxcIjogXCIvdGVhY2hpbmcvYWN0aXZpdHkvXCJ9LCB7XCJ0aXRsZVwiOiBcIlx1NzUyOFx1NjIzN1wiLCBcIm1lbnVzXCI6IFt7XCJ0aXRsZVwiOiBcIlx1NjIxMVx1NzY4NFx1OGQyNlx1NTNmN1wiLCBcInVybFwiOiBcIi91c2VyL3VzZXIvXCIsIFwiaWNvblwiOiBcImZhIGZhLXZjYXJkXCIsIFwib3JkZXJcIjogNX1dLCBcImZpcnN0X2ljb25cIjogXCJmYSBmYS12Y2FyZFwiLCBcImZpcnN0X3VybFwiOiBcIi91c2VyL3VzZXIvXCJ9XSJ9','2019-03-13 13:04:08.839569'),('c9tivc1k1rbr5u5f1d8o7mbfiyumoe3i','NjAyZDA4YzllZTgwOGMxMGQ4YmEwYWQ5MWI5ZTY3NTFmNzQxYTQwNjp7Il9hdXRoX3VzZXJfaWQiOiIxNTMzNjExNyIsIl9hdXRoX3VzZXJfYmFja2VuZCI6ImRqYW5nby5jb250cmliLmF1dGguYmFja2VuZHMuTW9kZWxCYWNrZW5kIiwiX2F1dGhfdXNlcl9oYXNoIjoiZDBiOTM2ODdhYTYxZTFmOGYyMjNmNTgwMmE1MzkwZTYwNTA1N2VlMCIsIm5hdl9tZW51IjoiW3tcInRpdGxlXCI6IFwiXHU1MTVhXHU1NDU4XHU1M2QxXHU1YzU1XCIsIFwibWVudXNcIjogW3tcInRpdGxlXCI6IFwiXHU2MjEwXHU1NDU4XHU0ZmUxXHU2MDZmXCIsIFwidXJsXCI6IFwiL2luZm8vbWVtYmVyL1wiLCBcImljb25cIjogXCJmYSBmYS1pbmZvXCIsIFwib3JkZXJcIjogOH1dLCBcImZpcnN0X2ljb25cIjogXCJmYSBmYS11bml2ZXJzaXR5XCIsIFwiZmlyc3RfdXJsXCI6IFwiL2luZm8vc2Nob29sL1wifSwge1widGl0bGVcIjogXCJcdTUxNWFcdTU0NThcdTY1NTlcdTgwYjJcIiwgXCJtZW51c1wiOiBbe1widGl0bGVcIjogXCJcdTRmMWFcdThiYWUvXHU2ZDNiXHU1MmE4XCIsIFwidXJsXCI6IFwiL3RlYWNoaW5nL2FjdGl2aXR5L1wiLCBcImljb25cIjogXCJmYSBmYS11c2Vyc1wiLCBcIm9yZGVyXCI6IDEwfSwge1widGl0bGVcIjogXCJcdTViNjZcdTY1ZjZcdTdlZGZcdThiYTFcIiwgXCJ1cmxcIjogXCIvdGVhY2hpbmcvdGFrZXBhcnRpbi9cIiwgXCJpY29uXCI6IFwiZmEgZmEtYmFyLWNoYXJ0XCIsIFwib3JkZXJcIjogMTF9LCB7XCJ0aXRsZVwiOiBcIlx1NWI2Nlx1NGU2MFx1NjI1M1x1NTM2MVwiLCBcInVybFwiOiBcIi90ZWFjaGluZy9zaGFyaW5nL1wiLCBcImljb25cIjogbnVsbCwgXCJvcmRlclwiOiAxMn1dLCBcImZpcnN0X2ljb25cIjogXCJmYSBmYS11c2Vyc1wiLCBcImZpcnN0X3VybFwiOiBcIi90ZWFjaGluZy9hY3Rpdml0eS9cIn0sIHtcInRpdGxlXCI6IFwiXHU3NTI4XHU2MjM3XCIsIFwibWVudXNcIjogW3tcInRpdGxlXCI6IFwiXHU2MjExXHU3Njg0XHU4ZDI2XHU1M2Y3XCIsIFwidXJsXCI6IFwiL3VzZXIvdXNlci9cIiwgXCJpY29uXCI6IFwiZmEgZmEtdmNhcmRcIiwgXCJvcmRlclwiOiA1fV0sIFwiZmlyc3RfaWNvblwiOiBcImZhIGZhLXZjYXJkXCIsIFwiZmlyc3RfdXJsXCI6IFwiL3VzZXIvdXNlci9cIn1dIiwiTElTVF9RVUVSWSI6W1siaW5mbyIsIm1lbWJlciJdLCIiXX0=','2019-03-19 11:45:55.710239'),('cj0sh2bdvt09u4e4o0z3mvfy03eyb02d','OTkyZjBlNTFkNzE0MWI5ZTllN2M5MjAyOTY1YTY0MzcwNGY5ZWZlNTp7Il9hdXRoX3VzZXJfaWQiOiIxODM0MDA3NCIsIl9hdXRoX3VzZXJfYmFja2VuZCI6ImRqYW5nby5jb250cmliLmF1dGguYmFja2VuZHMuTW9kZWxCYWNrZW5kIiwiX2F1dGhfdXNlcl9oYXNoIjoiNGFhMmMxMDI3ZjhjMjk2Y2ZlODhiM2QyM2E2ZDg5Zjk1OTFjN2ZjYiIsIm5hdl9tZW51IjoiW3tcInRpdGxlXCI6IFwiXHU1MTVhXHU1NDU4XHU1M2QxXHU1YzU1XCIsIFwibWVudXNcIjogW3tcInRpdGxlXCI6IFwiXHU2MjEwXHU1NDU4XHU0ZmUxXHU2MDZmXCIsIFwidXJsXCI6IFwiL2luZm8vbWVtYmVyL1wiLCBcImljb25cIjogXCJmYSBmYS1pbmZvXCIsIFwib3JkZXJcIjogOX1dLCBcImZpcnN0X2ljb25cIjogXCJmYSBmYS11bml2ZXJzaXR5XCIsIFwiZmlyc3RfdXJsXCI6IFwiL2luZm8vc2Nob29sL1wifSwge1widGl0bGVcIjogXCJcdTUxNWFcdTU0NThcdTY1NTlcdTgwYjJcIiwgXCJtZW51c1wiOiBbe1widGl0bGVcIjogXCJcdTRmMWFcdThiYWUvXHU2ZDNiXHU1MmE4XCIsIFwidXJsXCI6IFwiL3RlYWNoaW5nL2FjdGl2aXR5L1wiLCBcImljb25cIjogXCJmYSBmYS11c2Vyc1wiLCBcIm9yZGVyXCI6IDEwfSwge1widGl0bGVcIjogXCJcdTViNjZcdTY1ZjZcdTdlZGZcdThiYTFcIiwgXCJ1cmxcIjogXCIvdGVhY2hpbmcvdGFrZXBhcnRpbi9cIiwgXCJpY29uXCI6IFwiZmEgZmEtYmFyLWNoYXJ0XCIsIFwib3JkZXJcIjogMTF9XSwgXCJmaXJzdF9pY29uXCI6IFwiZmEgZmEtdXNlcnNcIiwgXCJmaXJzdF91cmxcIjogXCIvdGVhY2hpbmcvYWN0aXZpdHkvXCJ9LCB7XCJ0aXRsZVwiOiBcIlx1NzUyOFx1NjIzN1wiLCBcIm1lbnVzXCI6IFt7XCJ0aXRsZVwiOiBcIlx1NjIxMVx1NzY4NFx1OGQyNlx1NTNmN1wiLCBcInVybFwiOiBcIi91c2VyL3VzZXIvXCIsIFwiaWNvblwiOiBcImZhIGZhLXZjYXJkXCIsIFwib3JkZXJcIjogNX1dLCBcImZpcnN0X2ljb25cIjogXCJmYSBmYS12Y2FyZFwiLCBcImZpcnN0X3VybFwiOiBcIi91c2VyL3VzZXIvXCJ9XSIsIkxJU1RfUVVFUlkiOltbInRlYWNoaW5nIiwidGFrZXBhcnRpbiJdLCIiXSwid2l6YXJkX2luZm9tZW1iZXJfYWRtaW5fd2l6YXJkX2Zvcm1fcGx1Z2luIjp7InN0ZXAiOiJcdTU3ZmFcdTY3MmNcdTRmZTFcdTYwNmYiLCJzdGVwX2RhdGEiOnt9LCJzdGVwX2ZpbGVzIjp7fSwiZXh0cmFfZGF0YSI6e319fQ==','2019-03-03 20:25:08.803054'),('com2hx2t7c0mu0hwodzrr9m7chi818o6','MTlhNTBiZWM5MTE2OWNlOWRlMTNiN2NmNjExYTk1ZjJlYzdjZGEyNTp7Il9hdXRoX3VzZXJfaWQiOiIxNjMzNzEyOSIsIl9hdXRoX3VzZXJfYmFja2VuZCI6ImRqYW5nby5jb250cmliLmF1dGguYmFja2VuZHMuTW9kZWxCYWNrZW5kIiwiX2F1dGhfdXNlcl9oYXNoIjoiNWM5MTU3NTJiMzIzZDk1ZGJlMzM5ZTM1ODVkNDc3NjAzOGFlYzgyZSIsIm5hdl9tZW51IjoiW3tcInRpdGxlXCI6IFwiXHU1MTVhXHU1NDU4XHU1M2QxXHU1YzU1XCIsIFwibWVudXNcIjogW3tcInRpdGxlXCI6IFwiXHU2MjEwXHU1NDU4XHU0ZmUxXHU2MDZmXCIsIFwidXJsXCI6IFwiL2luZm8vbWVtYmVyL1wiLCBcImljb25cIjogXCJmYSBmYS1pbmZvXCIsIFwib3JkZXJcIjogOH1dLCBcImZpcnN0X2ljb25cIjogXCJmYSBmYS11bml2ZXJzaXR5XCIsIFwiZmlyc3RfdXJsXCI6IFwiL2luZm8vc2Nob29sL1wifSwge1widGl0bGVcIjogXCJcdTUxNWFcdTU0NThcdTY1NTlcdTgwYjJcIiwgXCJtZW51c1wiOiBbe1widGl0bGVcIjogXCJcdTRmMWFcdThiYWUvXHU2ZDNiXHU1MmE4XCIsIFwidXJsXCI6IFwiL3RlYWNoaW5nL2FjdGl2aXR5L1wiLCBcImljb25cIjogXCJmYSBmYS11c2Vyc1wiLCBcIm9yZGVyXCI6IDEwfSwge1widGl0bGVcIjogXCJcdTViNjZcdTY1ZjZcdTdlZGZcdThiYTFcIiwgXCJ1cmxcIjogXCIvdGVhY2hpbmcvdGFrZXBhcnRpbi9cIiwgXCJpY29uXCI6IFwiZmEgZmEtYmFyLWNoYXJ0XCIsIFwib3JkZXJcIjogMTF9XSwgXCJmaXJzdF9pY29uXCI6IFwiZmEgZmEtdXNlcnNcIiwgXCJmaXJzdF91cmxcIjogXCIvdGVhY2hpbmcvYWN0aXZpdHkvXCJ9LCB7XCJ0aXRsZVwiOiBcIlx1NzUyOFx1NjIzN1wiLCBcIm1lbnVzXCI6IFt7XCJ0aXRsZVwiOiBcIlx1NjIxMVx1NzY4NFx1OGQyNlx1NTNmN1wiLCBcInVybFwiOiBcIi91c2VyL3VzZXIvXCIsIFwiaWNvblwiOiBcImZhIGZhLXZjYXJkXCIsIFwib3JkZXJcIjogNX1dLCBcImZpcnN0X2ljb25cIjogXCJmYSBmYS12Y2FyZFwiLCBcImZpcnN0X3VybFwiOiBcIi91c2VyL3VzZXIvXCJ9XSJ9','2019-03-11 23:16:57.375091'),('d4fd7o80qk4lu6sfu4bmav1fothm0v0r','ZjgwYzVmZjA2ZjdmMzk3NDZmMmZhYTM2ODEyYjgxM2ViNmZlOTRhNDp7Il9hdXRoX3VzZXJfaWQiOiIxNjMzNzE3NCIsIl9hdXRoX3VzZXJfYmFja2VuZCI6ImRqYW5nby5jb250cmliLmF1dGguYmFja2VuZHMuTW9kZWxCYWNrZW5kIiwiX2F1dGhfdXNlcl9oYXNoIjoiNWM5MjAyNmEwMTcyZWJmZGMzYmI2M2E3YjRhZTk0YjJjMmE0MThiMyJ9','2019-03-12 18:55:54.189492'),('dcbm6yci64pc118a09d231gcv7j4k78n','MGUyYmQ2YWY4MGQxN2JmN2I0NWZlODcxZGM4OTU4YzdmNWQzODc2Yzp7Il9hdXRoX3VzZXJfaWQiOiIxNjMzNzA5NCIsIl9hdXRoX3VzZXJfYmFja2VuZCI6ImRqYW5nby5jb250cmliLmF1dGguYmFja2VuZHMuTW9kZWxCYWNrZW5kIiwiX2F1dGhfdXNlcl9oYXNoIjoiZTJiMzdlZDEyNGU4ZDY5M2U0ZGUxYmEyNTc2NmRmY2JkZjNlYTRmYyIsIm5hdl9tZW51IjoiW3tcInRpdGxlXCI6IFwiXHU1MTVhXHU1NDU4XHU1M2QxXHU1YzU1XCIsIFwibWVudXNcIjogW3tcInRpdGxlXCI6IFwiXHU2MjEwXHU1NDU4XHU0ZmUxXHU2MDZmXCIsIFwidXJsXCI6IFwiL2luZm8vbWVtYmVyL1wiLCBcImljb25cIjogXCJmYSBmYS1pbmZvXCIsIFwib3JkZXJcIjogOH1dLCBcImZpcnN0X2ljb25cIjogXCJmYSBmYS11bml2ZXJzaXR5XCIsIFwiZmlyc3RfdXJsXCI6IFwiL2luZm8vc2Nob29sL1wifSwge1widGl0bGVcIjogXCJcdTUxNWFcdTU0NThcdTY1NTlcdTgwYjJcIiwgXCJtZW51c1wiOiBbe1widGl0bGVcIjogXCJcdTRmMWFcdThiYWUvXHU2ZDNiXHU1MmE4XCIsIFwidXJsXCI6IFwiL3RlYWNoaW5nL2FjdGl2aXR5L1wiLCBcImljb25cIjogXCJmYSBmYS11c2Vyc1wiLCBcIm9yZGVyXCI6IDEwfSwge1widGl0bGVcIjogXCJcdTViNjZcdTY1ZjZcdTdlZGZcdThiYTFcIiwgXCJ1cmxcIjogXCIvdGVhY2hpbmcvdGFrZXBhcnRpbi9cIiwgXCJpY29uXCI6IFwiZmEgZmEtYmFyLWNoYXJ0XCIsIFwib3JkZXJcIjogMTF9LCB7XCJ0aXRsZVwiOiBcIlx1NWI2Nlx1NGU2MFx1NWYzYVx1NTZmZFx1NjI1M1x1NTM2MVwiLCBcInVybFwiOiBcIi90ZWFjaGluZy9zaGFyaW5nL1wiLCBcImljb25cIjogbnVsbCwgXCJvcmRlclwiOiAxMn1dLCBcImZpcnN0X2ljb25cIjogXCJmYSBmYS11c2Vyc1wiLCBcImZpcnN0X3VybFwiOiBcIi90ZWFjaGluZy9hY3Rpdml0eS9cIn0sIHtcInRpdGxlXCI6IFwiXHU3NTI4XHU2MjM3XCIsIFwibWVudXNcIjogW3tcInRpdGxlXCI6IFwiXHU2MjExXHU3Njg0XHU4ZDI2XHU1M2Y3XCIsIFwidXJsXCI6IFwiL3VzZXIvdXNlci9cIiwgXCJpY29uXCI6IFwiZmEgZmEtdmNhcmRcIiwgXCJvcmRlclwiOiA1fV0sIFwiZmlyc3RfaWNvblwiOiBcImZhIGZhLXZjYXJkXCIsIFwiZmlyc3RfdXJsXCI6IFwiL3VzZXIvdXNlci9cIn1dIiwiTElTVF9RVUVSWSI6W1sidGVhY2hpbmciLCJ0YWtlcGFydGluIl0sIiJdfQ==','2019-03-15 22:34:08.498303'),('dyca64momsb9d8abyjd6w0u6a4gajdtq','MmZkNzdlZjdmNjM0NjM5NzU2ZTJiZmNmNTcwNjRjOGY1OGIyZjk4Mzp7Il9hdXRoX3VzZXJfaWQiOiIxNjMzNzE3MSIsIl9hdXRoX3VzZXJfYmFja2VuZCI6ImRqYW5nby5jb250cmliLmF1dGguYmFja2VuZHMuTW9kZWxCYWNrZW5kIiwiX2F1dGhfdXNlcl9oYXNoIjoiM2EyMTNlOWI4OGY5Y2Y4ZWRhM2U2MjZmYjZmNTRiNjcyZjU4YWY0MyIsIm5hdl9tZW51IjoiW3tcInRpdGxlXCI6IFwiXHU1MTVhXHU1NDU4XHU1M2QxXHU1YzU1XCIsIFwibWVudXNcIjogW3tcInRpdGxlXCI6IFwiXHU2MjEwXHU1NDU4XHU0ZmUxXHU2MDZmXCIsIFwidXJsXCI6IFwiL2luZm8vbWVtYmVyL1wiLCBcImljb25cIjogXCJmYSBmYS1pbmZvXCIsIFwib3JkZXJcIjogOX1dLCBcImZpcnN0X2ljb25cIjogXCJmYSBmYS11bml2ZXJzaXR5XCIsIFwiZmlyc3RfdXJsXCI6IFwiL2luZm8vc2Nob29sL1wifSwge1widGl0bGVcIjogXCJcdTUxNWFcdTU0NThcdTY1NTlcdTgwYjJcIiwgXCJtZW51c1wiOiBbe1widGl0bGVcIjogXCJcdTRmMWFcdThiYWUvXHU2ZDNiXHU1MmE4XCIsIFwidXJsXCI6IFwiL3RlYWNoaW5nL2FjdGl2aXR5L1wiLCBcImljb25cIjogXCJmYSBmYS11c2Vyc1wiLCBcIm9yZGVyXCI6IDEwfSwge1widGl0bGVcIjogXCJcdTViNjZcdTY1ZjZcdTdlZGZcdThiYTFcIiwgXCJ1cmxcIjogXCIvdGVhY2hpbmcvdGFrZXBhcnRpbi9cIiwgXCJpY29uXCI6IFwiZmEgZmEtYmFyLWNoYXJ0XCIsIFwib3JkZXJcIjogMTF9XSwgXCJmaXJzdF9pY29uXCI6IFwiZmEgZmEtdXNlcnNcIiwgXCJmaXJzdF91cmxcIjogXCIvdGVhY2hpbmcvYWN0aXZpdHkvXCJ9LCB7XCJ0aXRsZVwiOiBcIlx1NzUyOFx1NjIzN1wiLCBcIm1lbnVzXCI6IFt7XCJ0aXRsZVwiOiBcIlx1NjIxMVx1NzY4NFx1OGQyNlx1NTNmN1wiLCBcInVybFwiOiBcIi91c2VyL3VzZXIvXCIsIFwiaWNvblwiOiBcImZhIGZhLXZjYXJkXCIsIFwib3JkZXJcIjogNX1dLCBcImZpcnN0X2ljb25cIjogXCJmYSBmYS12Y2FyZFwiLCBcImZpcnN0X3VybFwiOiBcIi91c2VyL3VzZXIvXCJ9XSIsIkxJU1RfUVVFUlkiOltbImluZm8iLCJtZW1iZXIiXSwiIl0sIndpemFyZF9pbmZvbWVtYmVyX2FkbWluX3dpemFyZF9mb3JtX3BsdWdpbiI6eyJzdGVwIjoiXHU1N2ZhXHU2NzJjXHU0ZmUxXHU2MDZmIiwic3RlcF9kYXRhIjp7fSwic3RlcF9maWxlcyI6e30sImV4dHJhX2RhdGEiOnt9fX0=','2019-03-03 09:36:45.718858'),('e2qfvrss4ozogm33iu17t6vb79ezesj9','ZjhlODVmMDhkNWVjZGY1MDU5YTZjM2FjM2YzY2U1MTk2NmY4ZDAwYTp7Il9hdXRoX3VzZXJfaWQiOiIxNjMzNzExMyIsIl9hdXRoX3VzZXJfYmFja2VuZCI6ImRqYW5nby5jb250cmliLmF1dGguYmFja2VuZHMuTW9kZWxCYWNrZW5kIiwiX2F1dGhfdXNlcl9oYXNoIjoiZmY1Y2RjMGRjOTQxM2MzYmQyNzZhMDg2N2Q0YzBkMzFmNmI4ZGNkOSIsIm5hdl9tZW51IjoiW3tcInRpdGxlXCI6IFwiXHU1MTVhXHU1NDU4XHU1M2QxXHU1YzU1XCIsIFwibWVudXNcIjogW3tcInRpdGxlXCI6IFwiXHU1MTVhXHU2NTJmXHU5MGU4XCIsIFwidXJsXCI6IFwiL2luZm8vYnJhbmNoL1wiLCBcImljb25cIjogXCJmYSBmYS11c2VyXCIsIFwib3JkZXJcIjogN30sIHtcInRpdGxlXCI6IFwiXHU2MjEwXHU1NDU4XHU0ZmUxXHU2MDZmXCIsIFwidXJsXCI6IFwiL2luZm8vbWVtYmVyL1wiLCBcImljb25cIjogXCJmYSBmYS1pbmZvXCIsIFwib3JkZXJcIjogOH0sIHtcInRpdGxlXCI6IFwiXHU1M2QxXHU1YzU1XHU2ZDQxXHU3YTBiXHU0ZjlkXHU4ZDU2XCIsIFwidXJsXCI6IFwiL2luZm8vZGVwZW5kZW5jeS9cIiwgXCJpY29uXCI6IG51bGwsIFwib3JkZXJcIjogOX1dLCBcImZpcnN0X2ljb25cIjogXCJmYSBmYS11bml2ZXJzaXR5XCIsIFwiZmlyc3RfdXJsXCI6IFwiL2luZm8vc2Nob29sL1wifSwge1widGl0bGVcIjogXCJcdTUxNWFcdTU0NThcdTY1NTlcdTgwYjJcIiwgXCJtZW51c1wiOiBbe1widGl0bGVcIjogXCJcdTRmMWFcdThiYWUvXHU2ZDNiXHU1MmE4XCIsIFwidXJsXCI6IFwiL3RlYWNoaW5nL2FjdGl2aXR5L1wiLCBcImljb25cIjogXCJmYSBmYS11c2Vyc1wiLCBcIm9yZGVyXCI6IDEwfSwge1widGl0bGVcIjogXCJcdTViNjZcdTY1ZjZcdTdlZGZcdThiYTFcIiwgXCJ1cmxcIjogXCIvdGVhY2hpbmcvdGFrZXBhcnRpbi9cIiwgXCJpY29uXCI6IFwiZmEgZmEtYmFyLWNoYXJ0XCIsIFwib3JkZXJcIjogMTF9LCB7XCJ0aXRsZVwiOiBcIlx1NWI2Nlx1NGU2MFx1NjI1M1x1NTM2MVwiLCBcInVybFwiOiBcIi90ZWFjaGluZy9zaGFyaW5nL1wiLCBcImljb25cIjogbnVsbCwgXCJvcmRlclwiOiAxMn1dLCBcImZpcnN0X2ljb25cIjogXCJmYSBmYS11c2Vyc1wiLCBcImZpcnN0X3VybFwiOiBcIi90ZWFjaGluZy9hY3Rpdml0eS9cIn0sIHtcInRpdGxlXCI6IFwiXHU3NTI4XHU2MjM3XCIsIFwibWVudXNcIjogW3tcInRpdGxlXCI6IFwiXHU2MjExXHU3Njg0XHU4ZDI2XHU1M2Y3XCIsIFwidXJsXCI6IFwiL3VzZXIvdXNlci9cIiwgXCJpY29uXCI6IFwiZmEgZmEtdmNhcmRcIiwgXCJvcmRlclwiOiA1fV0sIFwiZmlyc3RfaWNvblwiOiBcImZhIGZhLXZjYXJkXCIsIFwiZmlyc3RfdXJsXCI6IFwiL3VzZXIvdXNlci9cIn1dIiwiTElTVF9RVUVSWSI6W1sidGVhY2hpbmciLCJzaGFyaW5nIl0sIiJdfQ==','2019-03-18 16:38:56.215238'),('edns94766jsvlbszt7g84bcmo4slwgil','ZTgyYTYwNDcxYjZhMzJmOGZmYjQ4YmMxYzI1OTg4N2JiOTU1ODJmMDp7Il9hdXRoX3VzZXJfaWQiOiIxNTMzNjE0MSIsIl9hdXRoX3VzZXJfYmFja2VuZCI6ImRqYW5nby5jb250cmliLmF1dGguYmFja2VuZHMuTW9kZWxCYWNrZW5kIiwiX2F1dGhfdXNlcl9oYXNoIjoiMmE2MTQ2NzhhMGIzMzIxYTkzYzcxODE2ZmI4ZjA4N2NlYmM1YTM3ZiIsIm5hdl9tZW51IjoiW3tcInRpdGxlXCI6IFwiXHU1MTVhXHU1NDU4XHU1M2QxXHU1YzU1XCIsIFwibWVudXNcIjogW3tcInRpdGxlXCI6IFwiXHU2MjEwXHU1NDU4XHU0ZmUxXHU2MDZmXCIsIFwidXJsXCI6IFwiL2luZm8vbWVtYmVyL1wiLCBcImljb25cIjogXCJmYSBmYS1pbmZvXCIsIFwib3JkZXJcIjogOX1dLCBcImZpcnN0X2ljb25cIjogXCJmYSBmYS11bml2ZXJzaXR5XCIsIFwiZmlyc3RfdXJsXCI6IFwiL2luZm8vc2Nob29sL1wifSwge1widGl0bGVcIjogXCJcdTUxNWFcdTU0NThcdTY1NTlcdTgwYjJcIiwgXCJtZW51c1wiOiBbe1widGl0bGVcIjogXCJcdTRmMWFcdThiYWUvXHU2ZDNiXHU1MmE4XCIsIFwidXJsXCI6IFwiL3RlYWNoaW5nL2FjdGl2aXR5L1wiLCBcImljb25cIjogXCJmYSBmYS11c2Vyc1wiLCBcIm9yZGVyXCI6IDEwfSwge1widGl0bGVcIjogXCJcdTViNjZcdTY1ZjZcdTdlZGZcdThiYTFcIiwgXCJ1cmxcIjogXCIvdGVhY2hpbmcvdGFrZXBhcnRpbi9cIiwgXCJpY29uXCI6IFwiZmEgZmEtYmFyLWNoYXJ0XCIsIFwib3JkZXJcIjogMTF9XSwgXCJmaXJzdF9pY29uXCI6IFwiZmEgZmEtdXNlcnNcIiwgXCJmaXJzdF91cmxcIjogXCIvdGVhY2hpbmcvYWN0aXZpdHkvXCJ9LCB7XCJ0aXRsZVwiOiBcIlx1NzUyOFx1NjIzN1wiLCBcIm1lbnVzXCI6IFt7XCJ0aXRsZVwiOiBcIlx1NjIxMVx1NzY4NFx1OGQyNlx1NTNmN1wiLCBcInVybFwiOiBcIi91c2VyL3VzZXIvXCIsIFwiaWNvblwiOiBcImZhIGZhLXZjYXJkXCIsIFwib3JkZXJcIjogNX1dLCBcImZpcnN0X2ljb25cIjogXCJmYSBmYS12Y2FyZFwiLCBcImZpcnN0X3VybFwiOiBcIi91c2VyL3VzZXIvXCJ9XSIsIkxJU1RfUVVFUlkiOltbImluZm8iLCJtZW1iZXIiXSwiIl0sIndpemFyZF9pbmZvbWVtYmVyX2FkbWluX3dpemFyZF9mb3JtX3BsdWdpbiI6eyJzdGVwIjoiXHU1N2ZhXHU2NzJjXHU0ZmUxXHU2MDZmIiwic3RlcF9kYXRhIjp7fSwic3RlcF9maWxlcyI6e30sImV4dHJhX2RhdGEiOnt9fX0=','2019-03-03 16:46:49.115937'),('ekgam9pqj4xmhqo7p106cf8obzb3vbb6','MGExOWRiYzlmODVhNDFkYzM3MzczODZjZjBjZDgzZDg0ZDczODIwYTp7Il9hdXRoX3VzZXJfaWQiOiIxNzM0MTA5OSIsIl9hdXRoX3VzZXJfYmFja2VuZCI6ImRqYW5nby5jb250cmliLmF1dGguYmFja2VuZHMuTW9kZWxCYWNrZW5kIiwiX2F1dGhfdXNlcl9oYXNoIjoiZjA4ZmZjNDY1YmJjMWY1ZWZhYmQwMzk0NjRjNmEwNWNhODljYmNjZCIsIm5hdl9tZW51IjoiW3tcInRpdGxlXCI6IFwiXHU1MTVhXHU1NDU4XHU1M2QxXHU1YzU1XCIsIFwibWVudXNcIjogW3tcInRpdGxlXCI6IFwiXHU2MjEwXHU1NDU4XHU0ZmUxXHU2MDZmXCIsIFwidXJsXCI6IFwiL2luZm8vbWVtYmVyL1wiLCBcImljb25cIjogXCJmYSBmYS1pbmZvXCIsIFwib3JkZXJcIjogOX1dLCBcImZpcnN0X2ljb25cIjogXCJmYSBmYS11bml2ZXJzaXR5XCIsIFwiZmlyc3RfdXJsXCI6IFwiL2luZm8vc2Nob29sL1wifSwge1widGl0bGVcIjogXCJcdTUxNWFcdTU0NThcdTY1NTlcdTgwYjJcIiwgXCJtZW51c1wiOiBbe1widGl0bGVcIjogXCJcdTRmMWFcdThiYWUvXHU2ZDNiXHU1MmE4XCIsIFwidXJsXCI6IFwiL3RlYWNoaW5nL2FjdGl2aXR5L1wiLCBcImljb25cIjogXCJmYSBmYS11c2Vyc1wiLCBcIm9yZGVyXCI6IDEwfSwge1widGl0bGVcIjogXCJcdTViNjZcdTY1ZjZcdTdlZGZcdThiYTFcIiwgXCJ1cmxcIjogXCIvdGVhY2hpbmcvdGFrZXBhcnRpbi9cIiwgXCJpY29uXCI6IFwiZmEgZmEtYmFyLWNoYXJ0XCIsIFwib3JkZXJcIjogMTF9XSwgXCJmaXJzdF9pY29uXCI6IFwiZmEgZmEtdXNlcnNcIiwgXCJmaXJzdF91cmxcIjogXCIvdGVhY2hpbmcvYWN0aXZpdHkvXCJ9LCB7XCJ0aXRsZVwiOiBcIlx1NzUyOFx1NjIzN1wiLCBcIm1lbnVzXCI6IFt7XCJ0aXRsZVwiOiBcIlx1NjIxMVx1NzY4NFx1OGQyNlx1NTNmN1wiLCBcInVybFwiOiBcIi91c2VyL3VzZXIvXCIsIFwiaWNvblwiOiBcImZhIGZhLXZjYXJkXCIsIFwib3JkZXJcIjogNX1dLCBcImZpcnN0X2ljb25cIjogXCJmYSBmYS12Y2FyZFwiLCBcImZpcnN0X3VybFwiOiBcIi91c2VyL3VzZXIvXCJ9XSIsIndpemFyZF9pbmZvbWVtYmVyX2FkbWluX3dpemFyZF9mb3JtX3BsdWdpbiI6eyJzdGVwIjoiXHU1N2ZhXHU2NzJjXHU0ZmUxXHU2MDZmIiwic3RlcF9kYXRhIjp7fSwic3RlcF9maWxlcyI6e30sImV4dHJhX2RhdGEiOnt9fSwiTElTVF9RVUVSWSI6W1sieGFkbWluIiwidXNlcnNldHRpbmdzIl0sIl9yZWxfdXNlcl9fdXNlcm5hbWVfX2V4YWN0PTE3MzQxMDk5Il19','2019-03-03 19:49:26.291319'),('f9ar4i4dbc7iopmtl8kavp4pbd1oejxt','MTEwMTMyZDJkZDdiNTU1NmY2ZGEzNzlhYTBmZDI4YTc2YzFiNjRhNzp7Il9hdXRoX3VzZXJfaWQiOiIxNjMzNzExMyIsIl9hdXRoX3VzZXJfYmFja2VuZCI6ImRqYW5nby5jb250cmliLmF1dGguYmFja2VuZHMuTW9kZWxCYWNrZW5kIiwiX2F1dGhfdXNlcl9oYXNoIjoiZmY1Y2RjMGRjOTQxM2MzYmQyNzZhMDg2N2Q0YzBkMzFmNmI4ZGNkOSIsIkxJU1RfUVVFUlkiOltbInRlYWNoaW5nIiwidGFrZXBhcnRpbiJdLCIiXSwid2l6YXJkX2luZm9tZW1iZXJfYWRtaW5fd2l6YXJkX2Zvcm1fcGx1Z2luIjp7InN0ZXAiOiJcdTU3ZmFcdTY3MmNcdTRmZTFcdTYwNmYiLCJzdGVwX2RhdGEiOnt9LCJzdGVwX2ZpbGVzIjp7fSwiZXh0cmFfZGF0YSI6e319LCJuYXZfbWVudSI6Ilt7XCJ0aXRsZVwiOiBcIlx1NTE1YVx1NTQ1OFx1NTNkMVx1NWM1NVwiLCBcIm1lbnVzXCI6IFt7XCJ0aXRsZVwiOiBcIlx1NTE1YVx1NjUyZlx1OTBlOFwiLCBcInVybFwiOiBcIi9pbmZvL2JyYW5jaC9cIiwgXCJpY29uXCI6IFwiZmEgZmEtdXNlclwiLCBcIm9yZGVyXCI6IDd9LCB7XCJ0aXRsZVwiOiBcIlx1NjIxMFx1NTQ1OFx1NGZlMVx1NjA2ZlwiLCBcInVybFwiOiBcIi9pbmZvL21lbWJlci9cIiwgXCJpY29uXCI6IFwiZmEgZmEtaW5mb1wiLCBcIm9yZGVyXCI6IDh9LCB7XCJ0aXRsZVwiOiBcIlx1NTNkMVx1NWM1NVx1NmQ0MVx1N2EwYlx1NGY5ZFx1OGQ1NlwiLCBcInVybFwiOiBcIi9pbmZvL2RlcGVuZGVuY3kvXCIsIFwiaWNvblwiOiBudWxsLCBcIm9yZGVyXCI6IDl9XSwgXCJmaXJzdF9pY29uXCI6IFwiZmEgZmEtdW5pdmVyc2l0eVwiLCBcImZpcnN0X3VybFwiOiBcIi9pbmZvL3NjaG9vbC9cIn0sIHtcInRpdGxlXCI6IFwiXHU1MTVhXHU1NDU4XHU2NTU5XHU4MGIyXCIsIFwibWVudXNcIjogW3tcInRpdGxlXCI6IFwiXHU0ZjFhXHU4YmFlL1x1NmQzYlx1NTJhOFwiLCBcInVybFwiOiBcIi90ZWFjaGluZy9hY3Rpdml0eS9cIiwgXCJpY29uXCI6IFwiZmEgZmEtdXNlcnNcIiwgXCJvcmRlclwiOiAxMH0sIHtcInRpdGxlXCI6IFwiXHU1YjY2XHU2NWY2XHU3ZWRmXHU4YmExXCIsIFwidXJsXCI6IFwiL3RlYWNoaW5nL3Rha2VwYXJ0aW4vXCIsIFwiaWNvblwiOiBcImZhIGZhLWJhci1jaGFydFwiLCBcIm9yZGVyXCI6IDExfV0sIFwiZmlyc3RfaWNvblwiOiBcImZhIGZhLXVzZXJzXCIsIFwiZmlyc3RfdXJsXCI6IFwiL3RlYWNoaW5nL2FjdGl2aXR5L1wifSwge1widGl0bGVcIjogXCJcdTc1MjhcdTYyMzdcIiwgXCJtZW51c1wiOiBbe1widGl0bGVcIjogXCJcdTYyMTFcdTc2ODRcdThkMjZcdTUzZjdcIiwgXCJ1cmxcIjogXCIvdXNlci91c2VyL1wiLCBcImljb25cIjogXCJmYSBmYS12Y2FyZFwiLCBcIm9yZGVyXCI6IDV9XSwgXCJmaXJzdF9pY29uXCI6IFwiZmEgZmEtdmNhcmRcIiwgXCJmaXJzdF91cmxcIjogXCIvdXNlci91c2VyL1wifV0ifQ==','2019-03-13 13:01:04.373118'),('fb4l4fp94gcae3kqqtj8hyck70c6a4yg','MTVkMjk3MDg4NWY0MTg2MjQ5ZDk0Nzc3ZGMzODAzYWJiMzVkZDM3ZTp7Il9hdXRoX3VzZXJfaWQiOiIxNjMzNzE1NCIsIl9hdXRoX3VzZXJfYmFja2VuZCI6ImRqYW5nby5jb250cmliLmF1dGguYmFja2VuZHMuTW9kZWxCYWNrZW5kIiwiX2F1dGhfdXNlcl9oYXNoIjoiMmQ3YzhhZjIwMjcyYTZhNDM4NjdkOGRjODJhMGM1MTE0MjI4NGUxZSIsIm5hdl9tZW51IjoiW3tcInRpdGxlXCI6IFwiXHU1MTVhXHU1NDU4XHU1M2QxXHU1YzU1XCIsIFwibWVudXNcIjogW3tcInRpdGxlXCI6IFwiXHU2MjEwXHU1NDU4XHU0ZmUxXHU2MDZmXCIsIFwidXJsXCI6IFwiL2luZm8vbWVtYmVyL1wiLCBcImljb25cIjogXCJmYSBmYS1pbmZvXCIsIFwib3JkZXJcIjogOH1dLCBcImZpcnN0X2ljb25cIjogXCJmYSBmYS11bml2ZXJzaXR5XCIsIFwiZmlyc3RfdXJsXCI6IFwiL2luZm8vc2Nob29sL1wifSwge1widGl0bGVcIjogXCJcdTUxNWFcdTU0NThcdTY1NTlcdTgwYjJcIiwgXCJtZW51c1wiOiBbe1widGl0bGVcIjogXCJcdTRmMWFcdThiYWUvXHU2ZDNiXHU1MmE4XCIsIFwidXJsXCI6IFwiL3RlYWNoaW5nL2FjdGl2aXR5L1wiLCBcImljb25cIjogXCJmYSBmYS11c2Vyc1wiLCBcIm9yZGVyXCI6IDEwfSwge1widGl0bGVcIjogXCJcdTViNjZcdTY1ZjZcdTdlZGZcdThiYTFcIiwgXCJ1cmxcIjogXCIvdGVhY2hpbmcvdGFrZXBhcnRpbi9cIiwgXCJpY29uXCI6IFwiZmEgZmEtYmFyLWNoYXJ0XCIsIFwib3JkZXJcIjogMTF9XSwgXCJmaXJzdF9pY29uXCI6IFwiZmEgZmEtdXNlcnNcIiwgXCJmaXJzdF91cmxcIjogXCIvdGVhY2hpbmcvYWN0aXZpdHkvXCJ9LCB7XCJ0aXRsZVwiOiBcIlx1NzUyOFx1NjIzN1wiLCBcIm1lbnVzXCI6IFt7XCJ0aXRsZVwiOiBcIlx1NjIxMVx1NzY4NFx1OGQyNlx1NTNmN1wiLCBcInVybFwiOiBcIi91c2VyL3VzZXIvXCIsIFwiaWNvblwiOiBcImZhIGZhLXZjYXJkXCIsIFwib3JkZXJcIjogNX1dLCBcImZpcnN0X2ljb25cIjogXCJmYSBmYS12Y2FyZFwiLCBcImZpcnN0X3VybFwiOiBcIi91c2VyL3VzZXIvXCJ9XSJ9','2019-03-08 13:06:16.360919'),('fhuxnfn8cqoh70fnyx6ftvjrncm5sy7b','Yzc0YWU5ZTNhY2RlMjdjYjc2Y2Q1ZDZjNjhhNmUwYTg1MTAwMDI4Yjp7Il9hdXRoX3VzZXJfaWQiOiIxODM0MDA3NCIsIl9hdXRoX3VzZXJfYmFja2VuZCI6ImRqYW5nby5jb250cmliLmF1dGguYmFja2VuZHMuTW9kZWxCYWNrZW5kIiwiX2F1dGhfdXNlcl9oYXNoIjoiNGFhMmMxMDI3ZjhjMjk2Y2ZlODhiM2QyM2E2ZDg5Zjk1OTFjN2ZjYiIsIm5hdl9tZW51IjoiW3tcInRpdGxlXCI6IFwiXHU1MTVhXHU1NDU4XHU1M2QxXHU1YzU1XCIsIFwibWVudXNcIjogW3tcInRpdGxlXCI6IFwiXHU2MjEwXHU1NDU4XHU0ZmUxXHU2MDZmXCIsIFwidXJsXCI6IFwiL2luZm8vbWVtYmVyL1wiLCBcImljb25cIjogXCJmYSBmYS1pbmZvXCIsIFwib3JkZXJcIjogOX1dLCBcImZpcnN0X2ljb25cIjogXCJmYSBmYS11bml2ZXJzaXR5XCIsIFwiZmlyc3RfdXJsXCI6IFwiL2luZm8vc2Nob29sL1wifSwge1widGl0bGVcIjogXCJcdTUxNWFcdTU0NThcdTY1NTlcdTgwYjJcIiwgXCJtZW51c1wiOiBbe1widGl0bGVcIjogXCJcdTRmMWFcdThiYWUvXHU2ZDNiXHU1MmE4XCIsIFwidXJsXCI6IFwiL3RlYWNoaW5nL2FjdGl2aXR5L1wiLCBcImljb25cIjogXCJmYSBmYS11c2Vyc1wiLCBcIm9yZGVyXCI6IDEwfSwge1widGl0bGVcIjogXCJcdTViNjZcdTY1ZjZcdTdlZGZcdThiYTFcIiwgXCJ1cmxcIjogXCIvdGVhY2hpbmcvdGFrZXBhcnRpbi9cIiwgXCJpY29uXCI6IFwiZmEgZmEtYmFyLWNoYXJ0XCIsIFwib3JkZXJcIjogMTF9XSwgXCJmaXJzdF9pY29uXCI6IFwiZmEgZmEtdXNlcnNcIiwgXCJmaXJzdF91cmxcIjogXCIvdGVhY2hpbmcvYWN0aXZpdHkvXCJ9LCB7XCJ0aXRsZVwiOiBcIlx1NzUyOFx1NjIzN1wiLCBcIm1lbnVzXCI6IFt7XCJ0aXRsZVwiOiBcIlx1NjIxMVx1NzY4NFx1OGQyNlx1NTNmN1wiLCBcInVybFwiOiBcIi91c2VyL3VzZXIvXCIsIFwiaWNvblwiOiBcImZhIGZhLXZjYXJkXCIsIFwib3JkZXJcIjogNX1dLCBcImZpcnN0X2ljb25cIjogXCJmYSBmYS12Y2FyZFwiLCBcImZpcnN0X3VybFwiOiBcIi91c2VyL3VzZXIvXCJ9XSIsIndpemFyZF9pbmZvbWVtYmVyX2FkbWluX3dpemFyZF9mb3JtX3BsdWdpbiI6eyJzdGVwIjoiXHU1N2ZhXHU2NzJjXHU0ZmUxXHU2MDZmIiwic3RlcF9kYXRhIjp7fSwic3RlcF9maWxlcyI6e30sImV4dHJhX2RhdGEiOnt9fSwiTElTVF9RVUVSWSI6W1siaW5mbyIsIm1lbWJlciJdLCIiXX0=','2019-03-04 23:45:48.800106'),('fjmctdc99iajkworp2tfbbwwakt18y2o','ZGU4MGQxM2MxNDIyMWVkMGMzM2E1NmQxMGE1ZmY1NjNjZDk3Yjk5OTp7Il9hdXRoX3VzZXJfaWQiOiIxNzM0MTA5NyIsIl9hdXRoX3VzZXJfYmFja2VuZCI6ImRqYW5nby5jb250cmliLmF1dGguYmFja2VuZHMuTW9kZWxCYWNrZW5kIiwiX2F1dGhfdXNlcl9oYXNoIjoiNjQxY2Y2YWZmOTRkZDRhYjI5ZTEzMWYxZWRjZGJiMmU0NDhlZmJjZSIsIm5hdl9tZW51IjoiW3tcInRpdGxlXCI6IFwiXHU1MTVhXHU1NDU4XHU1M2QxXHU1YzU1XCIsIFwibWVudXNcIjogW3tcInRpdGxlXCI6IFwiXHU2MjEwXHU1NDU4XHU0ZmUxXHU2MDZmXCIsIFwidXJsXCI6IFwiL2luZm8vbWVtYmVyL1wiLCBcImljb25cIjogXCJmYSBmYS1pbmZvXCIsIFwib3JkZXJcIjogOX1dLCBcImZpcnN0X2ljb25cIjogXCJmYSBmYS11bml2ZXJzaXR5XCIsIFwiZmlyc3RfdXJsXCI6IFwiL2luZm8vc2Nob29sL1wifSwge1widGl0bGVcIjogXCJcdTUxNWFcdTU0NThcdTY1NTlcdTgwYjJcIiwgXCJtZW51c1wiOiBbe1widGl0bGVcIjogXCJcdTRmMWFcdThiYWUvXHU2ZDNiXHU1MmE4XCIsIFwidXJsXCI6IFwiL3RlYWNoaW5nL2FjdGl2aXR5L1wiLCBcImljb25cIjogXCJmYSBmYS11c2Vyc1wiLCBcIm9yZGVyXCI6IDEwfSwge1widGl0bGVcIjogXCJcdTViNjZcdTY1ZjZcdTdlZGZcdThiYTFcIiwgXCJ1cmxcIjogXCIvdGVhY2hpbmcvdGFrZXBhcnRpbi9cIiwgXCJpY29uXCI6IFwiZmEgZmEtYmFyLWNoYXJ0XCIsIFwib3JkZXJcIjogMTF9XSwgXCJmaXJzdF9pY29uXCI6IFwiZmEgZmEtdXNlcnNcIiwgXCJmaXJzdF91cmxcIjogXCIvdGVhY2hpbmcvYWN0aXZpdHkvXCJ9LCB7XCJ0aXRsZVwiOiBcIlx1NzUyOFx1NjIzN1wiLCBcIm1lbnVzXCI6IFt7XCJ0aXRsZVwiOiBcIlx1NjIxMVx1NzY4NFx1OGQyNlx1NTNmN1wiLCBcInVybFwiOiBcIi91c2VyL3VzZXIvXCIsIFwiaWNvblwiOiBcImZhIGZhLXZjYXJkXCIsIFwib3JkZXJcIjogNX1dLCBcImZpcnN0X2ljb25cIjogXCJmYSBmYS12Y2FyZFwiLCBcImZpcnN0X3VybFwiOiBcIi91c2VyL3VzZXIvXCJ9XSIsIndpemFyZF9pbmZvbWVtYmVyX2FkbWluX3dpemFyZF9mb3JtX3BsdWdpbiI6eyJzdGVwIjoiXHU1N2ZhXHU2NzJjXHU0ZmUxXHU2MDZmIiwic3RlcF9kYXRhIjp7fSwic3RlcF9maWxlcyI6e30sImV4dHJhX2RhdGEiOnt9fSwiTElTVF9RVUVSWSI6W1siaW5mbyIsIm1lbWJlciJdLCIiXX0=','2019-03-03 17:52:12.595407'),('g7hg6ww3n8f2bqb5fxmfo3kredtk56m4','YjRjOGUwNTU0ZDUwOWQxZWQ0YmE3NGMyZmQ4Mzk1MWRlZGViOWE3ZDp7Il9hdXRoX3VzZXJfaWQiOiIxNzM0MTA5NyIsIl9hdXRoX3VzZXJfYmFja2VuZCI6ImRqYW5nby5jb250cmliLmF1dGguYmFja2VuZHMuTW9kZWxCYWNrZW5kIiwiX2F1dGhfdXNlcl9oYXNoIjoiYmQyYjUyMjJkMTllNDRhNjViNjYwZjdhZGQ3Zjg1OTRhMmU4NDNkOSIsIm5hdl9tZW51IjoiW3tcInRpdGxlXCI6IFwiXHU1MTVhXHU1NDU4XHU1M2QxXHU1YzU1XCIsIFwibWVudXNcIjogW3tcInRpdGxlXCI6IFwiXHU2MjEwXHU1NDU4XHU0ZmUxXHU2MDZmXCIsIFwidXJsXCI6IFwiL2luZm8vbWVtYmVyL1wiLCBcImljb25cIjogXCJmYSBmYS1pbmZvXCIsIFwib3JkZXJcIjogOH1dLCBcImZpcnN0X2ljb25cIjogXCJmYSBmYS11bml2ZXJzaXR5XCIsIFwiZmlyc3RfdXJsXCI6IFwiL2luZm8vc2Nob29sL1wifSwge1widGl0bGVcIjogXCJcdTUxNWFcdTU0NThcdTY1NTlcdTgwYjJcIiwgXCJtZW51c1wiOiBbe1widGl0bGVcIjogXCJcdTRmMWFcdThiYWUvXHU2ZDNiXHU1MmE4XCIsIFwidXJsXCI6IFwiL3RlYWNoaW5nL2FjdGl2aXR5L1wiLCBcImljb25cIjogXCJmYSBmYS11c2Vyc1wiLCBcIm9yZGVyXCI6IDEwfSwge1widGl0bGVcIjogXCJcdTViNjZcdTY1ZjZcdTdlZGZcdThiYTFcIiwgXCJ1cmxcIjogXCIvdGVhY2hpbmcvdGFrZXBhcnRpbi9cIiwgXCJpY29uXCI6IFwiZmEgZmEtYmFyLWNoYXJ0XCIsIFwib3JkZXJcIjogMTF9LCB7XCJ0aXRsZVwiOiBcIlx1NWI2Nlx1NGU2MFx1NWYzYVx1NTZmZFx1NjI1M1x1NTM2MVwiLCBcInVybFwiOiBcIi90ZWFjaGluZy9zaGFyaW5nL1wiLCBcImljb25cIjogbnVsbCwgXCJvcmRlclwiOiAxMn1dLCBcImZpcnN0X2ljb25cIjogXCJmYSBmYS11c2Vyc1wiLCBcImZpcnN0X3VybFwiOiBcIi90ZWFjaGluZy9hY3Rpdml0eS9cIn0sIHtcInRpdGxlXCI6IFwiXHU3NTI4XHU2MjM3XCIsIFwibWVudXNcIjogW3tcInRpdGxlXCI6IFwiXHU2MjExXHU3Njg0XHU4ZDI2XHU1M2Y3XCIsIFwidXJsXCI6IFwiL3VzZXIvdXNlci9cIiwgXCJpY29uXCI6IFwiZmEgZmEtdmNhcmRcIiwgXCJvcmRlclwiOiA1fV0sIFwiZmlyc3RfaWNvblwiOiBcImZhIGZhLXZjYXJkXCIsIFwiZmlyc3RfdXJsXCI6IFwiL3VzZXIvdXNlci9cIn1dIiwiTElTVF9RVUVSWSI6W1sidGVhY2hpbmciLCJ0YWtlcGFydGluIl0sIiJdfQ==','2019-03-15 21:28:55.075549'),('gjo7f827wd9mzndb49wmbjdiqxvlno42','YzIzYTc5ZGY4NjYzOTY1ZGQwNDBkOTE5OTFmZDZhODYyZjQ5NGMwMjp7Il9hdXRoX3VzZXJfaWQiOiIxNjMzNzEwNiIsIl9hdXRoX3VzZXJfYmFja2VuZCI6ImRqYW5nby5jb250cmliLmF1dGguYmFja2VuZHMuTW9kZWxCYWNrZW5kIiwiX2F1dGhfdXNlcl9oYXNoIjoiODlkZTc4MGY2ZWU5YjdhMGI0OTdiNDBjZjBiNDZkNzMyYTNlOGM5YiIsIm5hdl9tZW51IjoiW3tcInRpdGxlXCI6IFwiXHU1MTVhXHU1NDU4XHU1M2QxXHU1YzU1XCIsIFwibWVudXNcIjogW3tcInRpdGxlXCI6IFwiXHU2MjEwXHU1NDU4XHU0ZmUxXHU2MDZmXCIsIFwidXJsXCI6IFwiL2luZm8vbWVtYmVyL1wiLCBcImljb25cIjogXCJmYSBmYS1pbmZvXCIsIFwib3JkZXJcIjogOH1dLCBcImZpcnN0X2ljb25cIjogXCJmYSBmYS11bml2ZXJzaXR5XCIsIFwiZmlyc3RfdXJsXCI6IFwiL2luZm8vc2Nob29sL1wifSwge1widGl0bGVcIjogXCJcdTUxNWFcdTU0NThcdTY1NTlcdTgwYjJcIiwgXCJtZW51c1wiOiBbe1widGl0bGVcIjogXCJcdTRmMWFcdThiYWUvXHU2ZDNiXHU1MmE4XCIsIFwidXJsXCI6IFwiL3RlYWNoaW5nL2FjdGl2aXR5L1wiLCBcImljb25cIjogXCJmYSBmYS11c2Vyc1wiLCBcIm9yZGVyXCI6IDEwfSwge1widGl0bGVcIjogXCJcdTViNjZcdTY1ZjZcdTdlZGZcdThiYTFcIiwgXCJ1cmxcIjogXCIvdGVhY2hpbmcvdGFrZXBhcnRpbi9cIiwgXCJpY29uXCI6IFwiZmEgZmEtYmFyLWNoYXJ0XCIsIFwib3JkZXJcIjogMTF9LCB7XCJ0aXRsZVwiOiBcIlx1NWI2Nlx1NGU2MFx1NjI1M1x1NTM2MVwiLCBcInVybFwiOiBcIi90ZWFjaGluZy9zaGFyaW5nL1wiLCBcImljb25cIjogbnVsbCwgXCJvcmRlclwiOiAxMn1dLCBcImZpcnN0X2ljb25cIjogXCJmYSBmYS11c2Vyc1wiLCBcImZpcnN0X3VybFwiOiBcIi90ZWFjaGluZy9hY3Rpdml0eS9cIn0sIHtcInRpdGxlXCI6IFwiXHU3NTI4XHU2MjM3XCIsIFwibWVudXNcIjogW3tcInRpdGxlXCI6IFwiXHU2MjExXHU3Njg0XHU4ZDI2XHU1M2Y3XCIsIFwidXJsXCI6IFwiL3VzZXIvdXNlci9cIiwgXCJpY29uXCI6IFwiZmEgZmEtdmNhcmRcIiwgXCJvcmRlclwiOiA1fV0sIFwiZmlyc3RfaWNvblwiOiBcImZhIGZhLXZjYXJkXCIsIFwiZmlyc3RfdXJsXCI6IFwiL3VzZXIvdXNlci9cIn1dIn0=','2019-03-18 18:51:57.166809'),('grvyup84enkvxfjpttc4anb2qjsf777k','MzEwYTM1ZGQzNGExODFjZmNiMDBkYzFlMDg0MTM1ODE0MDQ2ZmQ0Mzp7Il9hdXRoX3VzZXJfaWQiOiIxNTMzNjEwMiIsIl9hdXRoX3VzZXJfYmFja2VuZCI6ImRqYW5nby5jb250cmliLmF1dGguYmFja2VuZHMuTW9kZWxCYWNrZW5kIiwiX2F1dGhfdXNlcl9oYXNoIjoiNzczOTk3OGZjMzg2ZTIxYTIwYTE5YjVjYzE5ZTQ2ODk5ZDRmNjQyNSIsIm5hdl9tZW51IjoiW3tcInRpdGxlXCI6IFwiXHU1MTVhXHU1NDU4XHU1M2QxXHU1YzU1XCIsIFwibWVudXNcIjogW3tcInRpdGxlXCI6IFwiXHU2MjEwXHU1NDU4XHU0ZmUxXHU2MDZmXCIsIFwidXJsXCI6IFwiL2luZm8vbWVtYmVyL1wiLCBcImljb25cIjogXCJmYSBmYS1pbmZvXCIsIFwib3JkZXJcIjogOX1dLCBcImZpcnN0X2ljb25cIjogXCJmYSBmYS11bml2ZXJzaXR5XCIsIFwiZmlyc3RfdXJsXCI6IFwiL2luZm8vc2Nob29sL1wifSwge1widGl0bGVcIjogXCJcdTUxNWFcdTU0NThcdTY1NTlcdTgwYjJcIiwgXCJtZW51c1wiOiBbe1widGl0bGVcIjogXCJcdTRmMWFcdThiYWUvXHU2ZDNiXHU1MmE4XCIsIFwidXJsXCI6IFwiL3RlYWNoaW5nL2FjdGl2aXR5L1wiLCBcImljb25cIjogXCJmYSBmYS11c2Vyc1wiLCBcIm9yZGVyXCI6IDEwfSwge1widGl0bGVcIjogXCJcdTViNjZcdTY1ZjZcdTdlZGZcdThiYTFcIiwgXCJ1cmxcIjogXCIvdGVhY2hpbmcvdGFrZXBhcnRpbi9cIiwgXCJpY29uXCI6IFwiZmEgZmEtYmFyLWNoYXJ0XCIsIFwib3JkZXJcIjogMTF9XSwgXCJmaXJzdF9pY29uXCI6IFwiZmEgZmEtdXNlcnNcIiwgXCJmaXJzdF91cmxcIjogXCIvdGVhY2hpbmcvYWN0aXZpdHkvXCJ9LCB7XCJ0aXRsZVwiOiBcIlx1NzUyOFx1NjIzN1wiLCBcIm1lbnVzXCI6IFt7XCJ0aXRsZVwiOiBcIlx1NjIxMVx1NzY4NFx1OGQyNlx1NTNmN1wiLCBcInVybFwiOiBcIi91c2VyL3VzZXIvXCIsIFwiaWNvblwiOiBcImZhIGZhLXZjYXJkXCIsIFwib3JkZXJcIjogNX1dLCBcImZpcnN0X2ljb25cIjogXCJmYSBmYS12Y2FyZFwiLCBcImZpcnN0X3VybFwiOiBcIi91c2VyL3VzZXIvXCJ9XSIsIndpemFyZF9pbmZvbWVtYmVyX2FkbWluX3dpemFyZF9mb3JtX3BsdWdpbiI6eyJzdGVwIjoiXHU1N2ZhXHU2NzJjXHU0ZmUxXHU2MDZmIiwic3RlcF9kYXRhIjp7fSwic3RlcF9maWxlcyI6e30sImV4dHJhX2RhdGEiOnt9fSwiTElTVF9RVUVSWSI6W1siaW5mbyIsIm1lbWJlciJdLCIiXX0=','2019-03-03 16:36:23.538495'),('ix143lufxyht9s93vxmf9pjcrgoppq5a','MzQ5YzQzNWMwMDE0NDhlOTBhZDc1M2UxMmJjMzkzM2IxN2RhNDM3NDp7Il9hdXRoX3VzZXJfaWQiOiIxNTMzNjEyMSIsIl9hdXRoX3VzZXJfYmFja2VuZCI6ImRqYW5nby5jb250cmliLmF1dGguYmFja2VuZHMuTW9kZWxCYWNrZW5kIiwiX2F1dGhfdXNlcl9oYXNoIjoiZDBkMjc3Y2E0N2FiYjlhZmYzNWU2NGJiMjQ0MWNmZGZlMmYwMmRhNSIsIm5hdl9tZW51IjoiW3tcInRpdGxlXCI6IFwiXHU1MTVhXHU1NDU4XHU1M2QxXHU1YzU1XCIsIFwibWVudXNcIjogW3tcInRpdGxlXCI6IFwiXHU2MjEwXHU1NDU4XHU0ZmUxXHU2MDZmXCIsIFwidXJsXCI6IFwiL2luZm8vbWVtYmVyL1wiLCBcImljb25cIjogXCJmYSBmYS1pbmZvXCIsIFwib3JkZXJcIjogOH1dLCBcImZpcnN0X2ljb25cIjogXCJmYSBmYS11bml2ZXJzaXR5XCIsIFwiZmlyc3RfdXJsXCI6IFwiL2luZm8vc2Nob29sL1wifSwge1widGl0bGVcIjogXCJcdTUxNWFcdTU0NThcdTY1NTlcdTgwYjJcIiwgXCJtZW51c1wiOiBbe1widGl0bGVcIjogXCJcdTRmMWFcdThiYWUvXHU2ZDNiXHU1MmE4XCIsIFwidXJsXCI6IFwiL3RlYWNoaW5nL2FjdGl2aXR5L1wiLCBcImljb25cIjogXCJmYSBmYS11c2Vyc1wiLCBcIm9yZGVyXCI6IDEwfSwge1widGl0bGVcIjogXCJcdTViNjZcdTY1ZjZcdTdlZGZcdThiYTFcIiwgXCJ1cmxcIjogXCIvdGVhY2hpbmcvdGFrZXBhcnRpbi9cIiwgXCJpY29uXCI6IFwiZmEgZmEtYmFyLWNoYXJ0XCIsIFwib3JkZXJcIjogMTF9LCB7XCJ0aXRsZVwiOiBcIlx1NWI2Nlx1NGU2MFx1NWYzYVx1NTZmZFx1NjI1M1x1NTM2MVwiLCBcInVybFwiOiBcIi90ZWFjaGluZy9zaGFyaW5nL1wiLCBcImljb25cIjogbnVsbCwgXCJvcmRlclwiOiAxMn1dLCBcImZpcnN0X2ljb25cIjogXCJmYSBmYS11c2Vyc1wiLCBcImZpcnN0X3VybFwiOiBcIi90ZWFjaGluZy9hY3Rpdml0eS9cIn0sIHtcInRpdGxlXCI6IFwiXHU3NTI4XHU2MjM3XCIsIFwibWVudXNcIjogW3tcInRpdGxlXCI6IFwiXHU2MjExXHU3Njg0XHU4ZDI2XHU1M2Y3XCIsIFwidXJsXCI6IFwiL3VzZXIvdXNlci9cIiwgXCJpY29uXCI6IFwiZmEgZmEtdmNhcmRcIiwgXCJvcmRlclwiOiA1fV0sIFwiZmlyc3RfaWNvblwiOiBcImZhIGZhLXZjYXJkXCIsIFwiZmlyc3RfdXJsXCI6IFwiL3VzZXIvdXNlci9cIn1dIiwiTElTVF9RVUVSWSI6W1siaW5mbyIsIm1lbWJlciJdLCIiXX0=','2019-03-15 21:42:25.905107'),('j3mxd5q5vyl5q3ppg9yiyqgpu4jja3jf','OGU2ZjI2ZWJhMjg0ZTY4YzBkYWVmZmFiOTMyNjE5N2VkYzRiNDdlMzp7Il9hdXRoX3VzZXJfaWQiOiIwMDAwMDAiLCJfYXV0aF91c2VyX2JhY2tlbmQiOiJkamFuZ28uY29udHJpYi5hdXRoLmJhY2tlbmRzLk1vZGVsQmFja2VuZCIsIl9hdXRoX3VzZXJfaGFzaCI6IjdmMThmNzllZjc4OGQwN2Q2ZWY5MzU0NDNlYzJiYTY0NWU1NzMzZmYiLCJuYXZfbWVudSI6Ilt7XCJ0aXRsZVwiOiBcIlx1NTE1YVx1NTQ1OFx1NTNkMVx1NWM1NVwiLCBcIm1lbnVzXCI6IFt7XCJ0aXRsZVwiOiBcIlx1NWI2Nlx1OTY2MlwiLCBcInVybFwiOiBcIi9pbmZvL3NjaG9vbC9cIiwgXCJpY29uXCI6IFwiZmEgZmEtdW5pdmVyc2l0eVwiLCBcIm9yZGVyXCI6IDZ9LCB7XCJ0aXRsZVwiOiBcIlx1NTE1YVx1NjUyZlx1OTBlOFwiLCBcInVybFwiOiBcIi9pbmZvL2JyYW5jaC9cIiwgXCJpY29uXCI6IFwiZmEgZmEtdXNlclwiLCBcIm9yZGVyXCI6IDd9LCB7XCJ0aXRsZVwiOiBcIlx1NjIxMFx1NTQ1OFx1NGZlMVx1NjA2ZlwiLCBcInVybFwiOiBcIi9pbmZvL21lbWJlci9cIiwgXCJpY29uXCI6IFwiZmEgZmEtaW5mb1wiLCBcIm9yZGVyXCI6IDh9LCB7XCJ0aXRsZVwiOiBcIlx1NTNkMVx1NWM1NVx1NmQ0MVx1N2EwYlx1NGY5ZFx1OGQ1NlwiLCBcInVybFwiOiBcIi9pbmZvL2RlcGVuZGVuY3kvXCIsIFwiaWNvblwiOiBudWxsLCBcIm9yZGVyXCI6IDl9XSwgXCJmaXJzdF9pY29uXCI6IFwiZmEgZmEtdW5pdmVyc2l0eVwiLCBcImZpcnN0X3VybFwiOiBcIi9pbmZvL3NjaG9vbC9cIn0sIHtcInRpdGxlXCI6IFwiXHU1MTVhXHU1NDU4XHU2NTU5XHU4MGIyXCIsIFwibWVudXNcIjogW3tcInRpdGxlXCI6IFwiXHU0ZjFhXHU4YmFlL1x1NmQzYlx1NTJhOFwiLCBcInVybFwiOiBcIi90ZWFjaGluZy9hY3Rpdml0eS9cIiwgXCJpY29uXCI6IFwiZmEgZmEtdXNlcnNcIiwgXCJvcmRlclwiOiAxMH0sIHtcInRpdGxlXCI6IFwiXHU1YjY2XHU2NWY2XHU3ZWRmXHU4YmExXCIsIFwidXJsXCI6IFwiL3RlYWNoaW5nL3Rha2VwYXJ0aW4vXCIsIFwiaWNvblwiOiBcImZhIGZhLWJhci1jaGFydFwiLCBcIm9yZGVyXCI6IDExfSwge1widGl0bGVcIjogXCJcdTViNjZcdTRlNjBcdTYyNTNcdTUzNjFcIiwgXCJ1cmxcIjogXCIvdGVhY2hpbmcvc2hhcmluZy9cIiwgXCJpY29uXCI6IG51bGwsIFwib3JkZXJcIjogMTJ9XSwgXCJmaXJzdF9pY29uXCI6IFwiZmEgZmEtdXNlcnNcIiwgXCJmaXJzdF91cmxcIjogXCIvdGVhY2hpbmcvYWN0aXZpdHkvXCJ9LCB7XCJ0aXRsZVwiOiBcIlx1NzUyOFx1NjIzN1wiLCBcIm1lbnVzXCI6IFt7XCJ0aXRsZVwiOiBcIlx1NjIxMVx1NzY4NFx1OGQyNlx1NTNmN1wiLCBcInVybFwiOiBcIi91c2VyL3VzZXIvXCIsIFwiaWNvblwiOiBcImZhIGZhLXZjYXJkXCIsIFwib3JkZXJcIjogNX1dLCBcImZpcnN0X2ljb25cIjogXCJmYSBmYS12Y2FyZFwiLCBcImZpcnN0X3VybFwiOiBcIi91c2VyL3VzZXIvXCJ9LCB7XCJ0aXRsZVwiOiBcIlx1N2JhMVx1NzQwNlwiLCBcIm1lbnVzXCI6IFt7XCJ0aXRsZVwiOiBcIlx1NzUyOFx1NjIzN1x1OGJiZVx1N2Y2ZVwiLCBcInVybFwiOiBcIi94YWRtaW4vdXNlcnNldHRpbmdzL1wiLCBcImljb25cIjogbnVsbCwgXCJvcmRlclwiOiAxM30sIHtcInRpdGxlXCI6IFwiXHU2NWU1XHU1ZmQ3XHU4YmIwXHU1ZjU1XCIsIFwidXJsXCI6IFwiL3hhZG1pbi9sb2cvXCIsIFwiaWNvblwiOiBcImZhIGZhLWNvZ1wiLCBcIm9yZGVyXCI6IDE0fV0sIFwiZmlyc3RfdXJsXCI6IFwiL3hhZG1pbi91c2Vyc2V0dGluZ3MvXCIsIFwiZmlyc3RfaWNvblwiOiBcImZhIGZhLWNvZ1wifSwge1widGl0bGVcIjogXCJcdThiYTRcdThiYzFcdTU0OGNcdTYzODhcdTY3NDNcIiwgXCJtZW51c1wiOiBbe1widGl0bGVcIjogXCJcdTdlYzRcIiwgXCJ1cmxcIjogXCIvYXV0aC9ncm91cC9cIiwgXCJpY29uXCI6IFwiZmEgZmEtZ3JvdXBcIiwgXCJvcmRlclwiOiAyfSwge1widGl0bGVcIjogXCJcdTY3NDNcdTk2NTBcIiwgXCJ1cmxcIjogXCIvYXV0aC9wZXJtaXNzaW9uL1wiLCBcImljb25cIjogXCJmYSBmYS1sb2NrXCIsIFwib3JkZXJcIjogNH1dLCBcImZpcnN0X2ljb25cIjogXCJmYSBmYS1ncm91cFwiLCBcImZpcnN0X3VybFwiOiBcIi9hdXRoL2dyb3VwL1wifV0iLCJMSVNUX1FVRVJZIjpbWyJ0ZWFjaGluZyIsImFjdGl2aXR5Il0sIiJdfQ==','2019-03-19 21:28:53.397255'),('jhaqjifh7cvges9bf2xedqox2ru41xcd','ZDM1ZTQ0ZTYxZTBjOGI1ZWMzOGJkMTViNDEwNmUwOGYwZTJjNjlkNTp7Il9hdXRoX3VzZXJfaWQiOiIxNjMzNzE1NCIsIl9hdXRoX3VzZXJfYmFja2VuZCI6ImRqYW5nby5jb250cmliLmF1dGguYmFja2VuZHMuTW9kZWxCYWNrZW5kIiwiX2F1dGhfdXNlcl9oYXNoIjoiMmQ3YzhhZjIwMjcyYTZhNDM4NjdkOGRjODJhMGM1MTE0MjI4NGUxZSIsIm5hdl9tZW51IjoiW3tcInRpdGxlXCI6IFwiXHU1MTVhXHU1NDU4XHU1M2QxXHU1YzU1XCIsIFwibWVudXNcIjogW3tcInRpdGxlXCI6IFwiXHU2MjEwXHU1NDU4XHU0ZmUxXHU2MDZmXCIsIFwidXJsXCI6IFwiL2luZm8vbWVtYmVyL1wiLCBcImljb25cIjogXCJmYSBmYS1pbmZvXCIsIFwib3JkZXJcIjogOH1dLCBcImZpcnN0X2ljb25cIjogXCJmYSBmYS11bml2ZXJzaXR5XCIsIFwiZmlyc3RfdXJsXCI6IFwiL2luZm8vc2Nob29sL1wifSwge1widGl0bGVcIjogXCJcdTUxNWFcdTU0NThcdTY1NTlcdTgwYjJcIiwgXCJtZW51c1wiOiBbe1widGl0bGVcIjogXCJcdTRmMWFcdThiYWUvXHU2ZDNiXHU1MmE4XCIsIFwidXJsXCI6IFwiL3RlYWNoaW5nL2FjdGl2aXR5L1wiLCBcImljb25cIjogXCJmYSBmYS11c2Vyc1wiLCBcIm9yZGVyXCI6IDEwfSwge1widGl0bGVcIjogXCJcdTViNjZcdTY1ZjZcdTdlZGZcdThiYTFcIiwgXCJ1cmxcIjogXCIvdGVhY2hpbmcvdGFrZXBhcnRpbi9cIiwgXCJpY29uXCI6IFwiZmEgZmEtYmFyLWNoYXJ0XCIsIFwib3JkZXJcIjogMTF9XSwgXCJmaXJzdF9pY29uXCI6IFwiZmEgZmEtdXNlcnNcIiwgXCJmaXJzdF91cmxcIjogXCIvdGVhY2hpbmcvYWN0aXZpdHkvXCJ9LCB7XCJ0aXRsZVwiOiBcIlx1NzUyOFx1NjIzN1wiLCBcIm1lbnVzXCI6IFt7XCJ0aXRsZVwiOiBcIlx1NjIxMVx1NzY4NFx1OGQyNlx1NTNmN1wiLCBcInVybFwiOiBcIi91c2VyL3VzZXIvXCIsIFwiaWNvblwiOiBcImZhIGZhLXZjYXJkXCIsIFwib3JkZXJcIjogNX1dLCBcImZpcnN0X2ljb25cIjogXCJmYSBmYS12Y2FyZFwiLCBcImZpcnN0X3VybFwiOiBcIi91c2VyL3VzZXIvXCJ9XSIsIkxJU1RfUVVFUlkiOltbInRlYWNoaW5nIiwidGFrZXBhcnRpbiJdLCIiXX0=','2019-03-09 09:47:25.526851'),('k9gn00maoxszldmq5buc0fa6bi0tpicb','ZTZjYzVjOGYwOGU2MzFmNzRlMTg3OTA5YWQ1ZjdiMWY5N2Y0YTYzMzp7Il9hdXRoX3VzZXJfaWQiOiIxNjMzNzExMyIsIl9hdXRoX3VzZXJfYmFja2VuZCI6ImRqYW5nby5jb250cmliLmF1dGguYmFja2VuZHMuTW9kZWxCYWNrZW5kIiwiX2F1dGhfdXNlcl9oYXNoIjoiZmY1Y2RjMGRjOTQxM2MzYmQyNzZhMDg2N2Q0YzBkMzFmNmI4ZGNkOSIsIm5hdl9tZW51IjoiW3tcInRpdGxlXCI6IFwiXHU1MTVhXHU1NDU4XHU1M2QxXHU1YzU1XCIsIFwibWVudXNcIjogW3tcInRpdGxlXCI6IFwiXHU1MTVhXHU2NTJmXHU5MGU4XCIsIFwidXJsXCI6IFwiL2luZm8vYnJhbmNoL1wiLCBcImljb25cIjogXCJmYSBmYS11c2VyXCIsIFwib3JkZXJcIjogN30sIHtcInRpdGxlXCI6IFwiXHU2MjEwXHU1NDU4XHU0ZmUxXHU2MDZmXCIsIFwidXJsXCI6IFwiL2luZm8vbWVtYmVyL1wiLCBcImljb25cIjogXCJmYSBmYS1pbmZvXCIsIFwib3JkZXJcIjogOH0sIHtcInRpdGxlXCI6IFwiXHU1M2QxXHU1YzU1XHU2ZDQxXHU3YTBiXHU0ZjlkXHU4ZDU2XCIsIFwidXJsXCI6IFwiL2luZm8vZGVwZW5kZW5jeS9cIiwgXCJpY29uXCI6IG51bGwsIFwib3JkZXJcIjogOX1dLCBcImZpcnN0X2ljb25cIjogXCJmYSBmYS11bml2ZXJzaXR5XCIsIFwiZmlyc3RfdXJsXCI6IFwiL2luZm8vc2Nob29sL1wifSwge1widGl0bGVcIjogXCJcdTUxNWFcdTU0NThcdTY1NTlcdTgwYjJcIiwgXCJtZW51c1wiOiBbe1widGl0bGVcIjogXCJcdTRmMWFcdThiYWUvXHU2ZDNiXHU1MmE4XCIsIFwidXJsXCI6IFwiL3RlYWNoaW5nL2FjdGl2aXR5L1wiLCBcImljb25cIjogXCJmYSBmYS11c2Vyc1wiLCBcIm9yZGVyXCI6IDEwfSwge1widGl0bGVcIjogXCJcdTViNjZcdTY1ZjZcdTdlZGZcdThiYTFcIiwgXCJ1cmxcIjogXCIvdGVhY2hpbmcvdGFrZXBhcnRpbi9cIiwgXCJpY29uXCI6IFwiZmEgZmEtYmFyLWNoYXJ0XCIsIFwib3JkZXJcIjogMTF9XSwgXCJmaXJzdF9pY29uXCI6IFwiZmEgZmEtdXNlcnNcIiwgXCJmaXJzdF91cmxcIjogXCIvdGVhY2hpbmcvYWN0aXZpdHkvXCJ9LCB7XCJ0aXRsZVwiOiBcIlx1NzUyOFx1NjIzN1wiLCBcIm1lbnVzXCI6IFt7XCJ0aXRsZVwiOiBcIlx1NjIxMVx1NzY4NFx1OGQyNlx1NTNmN1wiLCBcInVybFwiOiBcIi91c2VyL3VzZXIvXCIsIFwiaWNvblwiOiBcImZhIGZhLXZjYXJkXCIsIFwib3JkZXJcIjogNX1dLCBcImZpcnN0X2ljb25cIjogXCJmYSBmYS12Y2FyZFwiLCBcImZpcnN0X3VybFwiOiBcIi91c2VyL3VzZXIvXCJ9XSJ9','2019-03-12 20:36:00.435165'),('k9vg01qk933f0y4vbq5wf8rzucfwqvlz','YjYzZjY5Nzk2NzQ2ZTQ1ZjExOWI0YTRiODg5MTAxY2JmM2VhYTlmMzp7Il9hdXRoX3VzZXJfaWQiOiIxODM0MDA2OSIsIl9hdXRoX3VzZXJfYmFja2VuZCI6ImRqYW5nby5jb250cmliLmF1dGguYmFja2VuZHMuTW9kZWxCYWNrZW5kIiwiX2F1dGhfdXNlcl9oYXNoIjoiYjYzMWRkMWI2NjcyNzMxMGNkYjE2YmQ5ZTM2ZmNiOGRmOTUxZmE4ZCIsIm5hdl9tZW51IjoiW3tcInRpdGxlXCI6IFwiXHU1MTVhXHU1NDU4XHU1M2QxXHU1YzU1XCIsIFwibWVudXNcIjogW3tcInRpdGxlXCI6IFwiXHU2MjEwXHU1NDU4XHU0ZmUxXHU2MDZmXCIsIFwidXJsXCI6IFwiL2luZm8vbWVtYmVyL1wiLCBcImljb25cIjogXCJmYSBmYS1pbmZvXCIsIFwib3JkZXJcIjogOH1dLCBcImZpcnN0X2ljb25cIjogXCJmYSBmYS11bml2ZXJzaXR5XCIsIFwiZmlyc3RfdXJsXCI6IFwiL2luZm8vc2Nob29sL1wifSwge1widGl0bGVcIjogXCJcdTUxNWFcdTU0NThcdTY1NTlcdTgwYjJcIiwgXCJtZW51c1wiOiBbe1widGl0bGVcIjogXCJcdTRmMWFcdThiYWUvXHU2ZDNiXHU1MmE4XCIsIFwidXJsXCI6IFwiL3RlYWNoaW5nL2FjdGl2aXR5L1wiLCBcImljb25cIjogXCJmYSBmYS11c2Vyc1wiLCBcIm9yZGVyXCI6IDEwfSwge1widGl0bGVcIjogXCJcdTViNjZcdTY1ZjZcdTdlZGZcdThiYTFcIiwgXCJ1cmxcIjogXCIvdGVhY2hpbmcvdGFrZXBhcnRpbi9cIiwgXCJpY29uXCI6IFwiZmEgZmEtYmFyLWNoYXJ0XCIsIFwib3JkZXJcIjogMTF9XSwgXCJmaXJzdF9pY29uXCI6IFwiZmEgZmEtdXNlcnNcIiwgXCJmaXJzdF91cmxcIjogXCIvdGVhY2hpbmcvYWN0aXZpdHkvXCJ9LCB7XCJ0aXRsZVwiOiBcIlx1NzUyOFx1NjIzN1wiLCBcIm1lbnVzXCI6IFt7XCJ0aXRsZVwiOiBcIlx1NjIxMVx1NzY4NFx1OGQyNlx1NTNmN1wiLCBcInVybFwiOiBcIi91c2VyL3VzZXIvXCIsIFwiaWNvblwiOiBcImZhIGZhLXZjYXJkXCIsIFwib3JkZXJcIjogNX1dLCBcImZpcnN0X2ljb25cIjogXCJmYSBmYS12Y2FyZFwiLCBcImZpcnN0X3VybFwiOiBcIi91c2VyL3VzZXIvXCJ9XSJ9','2019-03-11 19:05:42.128875'),('lmvk3bdbgfldfi42snn2kqkfa78dr7u6','ZDkwNDE5YzAyYjI4YmVmZTRkNjI0ZWU1MzEyOWE3Y2FlMWMwZWNiMDp7Il9hdXRoX3VzZXJfaWQiOiIxNjMzNzExMiIsIl9hdXRoX3VzZXJfYmFja2VuZCI6ImRqYW5nby5jb250cmliLmF1dGguYmFja2VuZHMuTW9kZWxCYWNrZW5kIiwiX2F1dGhfdXNlcl9oYXNoIjoiYjgzNDEwZTY4Y2RkMGZjMTE0YTNlNzBmNzlhN2QwZDU1MWFlMDQ1MiIsIm5hdl9tZW51IjoiW3tcInRpdGxlXCI6IFwiXHU1MTVhXHU1NDU4XHU1M2QxXHU1YzU1XCIsIFwibWVudXNcIjogW3tcInRpdGxlXCI6IFwiXHU2MjEwXHU1NDU4XHU0ZmUxXHU2MDZmXCIsIFwidXJsXCI6IFwiL2luZm8vbWVtYmVyL1wiLCBcImljb25cIjogXCJmYSBmYS1pbmZvXCIsIFwib3JkZXJcIjogOH1dLCBcImZpcnN0X2ljb25cIjogXCJmYSBmYS11bml2ZXJzaXR5XCIsIFwiZmlyc3RfdXJsXCI6IFwiL2luZm8vc2Nob29sL1wifSwge1widGl0bGVcIjogXCJcdTUxNWFcdTU0NThcdTY1NTlcdTgwYjJcIiwgXCJtZW51c1wiOiBbe1widGl0bGVcIjogXCJcdTRmMWFcdThiYWUvXHU2ZDNiXHU1MmE4XCIsIFwidXJsXCI6IFwiL3RlYWNoaW5nL2FjdGl2aXR5L1wiLCBcImljb25cIjogXCJmYSBmYS11c2Vyc1wiLCBcIm9yZGVyXCI6IDEwfSwge1widGl0bGVcIjogXCJcdTViNjZcdTY1ZjZcdTdlZGZcdThiYTFcIiwgXCJ1cmxcIjogXCIvdGVhY2hpbmcvdGFrZXBhcnRpbi9cIiwgXCJpY29uXCI6IFwiZmEgZmEtYmFyLWNoYXJ0XCIsIFwib3JkZXJcIjogMTF9LCB7XCJ0aXRsZVwiOiBcIlx1NWI2Nlx1NGU2MFx1NWYzYVx1NTZmZFx1NjI1M1x1NTM2MVwiLCBcInVybFwiOiBcIi90ZWFjaGluZy9zaGFyaW5nL1wiLCBcImljb25cIjogbnVsbCwgXCJvcmRlclwiOiAxMn1dLCBcImZpcnN0X2ljb25cIjogXCJmYSBmYS11c2Vyc1wiLCBcImZpcnN0X3VybFwiOiBcIi90ZWFjaGluZy9hY3Rpdml0eS9cIn0sIHtcInRpdGxlXCI6IFwiXHU3NTI4XHU2MjM3XCIsIFwibWVudXNcIjogW3tcInRpdGxlXCI6IFwiXHU2MjExXHU3Njg0XHU4ZDI2XHU1M2Y3XCIsIFwidXJsXCI6IFwiL3VzZXIvdXNlci9cIiwgXCJpY29uXCI6IFwiZmEgZmEtdmNhcmRcIiwgXCJvcmRlclwiOiA1fV0sIFwiZmlyc3RfaWNvblwiOiBcImZhIGZhLXZjYXJkXCIsIFwiZmlyc3RfdXJsXCI6IFwiL3VzZXIvdXNlci9cIn1dIiwiTElTVF9RVUVSWSI6W1sidGVhY2hpbmciLCJ0YWtlcGFydGluIl0sIiJdfQ==','2019-03-15 22:39:40.655240'),('lukvjt4uj9eshf9isfew1xfnus5xfagw','NjRjMGM2ZGZjM2EyMjkxMDQ1NGI2YTFkZDkyYWFhZjM5NmI2MWE0Zjp7Il9hdXRoX3VzZXJfaWQiOiIxNjMzNzExMyIsIl9hdXRoX3VzZXJfYmFja2VuZCI6ImRqYW5nby5jb250cmliLmF1dGguYmFja2VuZHMuTW9kZWxCYWNrZW5kIiwiX2F1dGhfdXNlcl9oYXNoIjoiZmY1Y2RjMGRjOTQxM2MzYmQyNzZhMDg2N2Q0YzBkMzFmNmI4ZGNkOSIsIm5hdl9tZW51IjoiW3tcInRpdGxlXCI6IFwiXHU1MTVhXHU1NDU4XHU1M2QxXHU1YzU1XCIsIFwibWVudXNcIjogW3tcInRpdGxlXCI6IFwiXHU1MTVhXHU2NTJmXHU5MGU4XCIsIFwidXJsXCI6IFwiL2luZm8vYnJhbmNoL1wiLCBcImljb25cIjogXCJmYSBmYS11c2VyXCIsIFwib3JkZXJcIjogN30sIHtcInRpdGxlXCI6IFwiXHU2MjEwXHU1NDU4XHU0ZmUxXHU2MDZmXCIsIFwidXJsXCI6IFwiL2luZm8vbWVtYmVyL1wiLCBcImljb25cIjogXCJmYSBmYS1pbmZvXCIsIFwib3JkZXJcIjogOH0sIHtcInRpdGxlXCI6IFwiXHU1M2QxXHU1YzU1XHU2ZDQxXHU3YTBiXHU0ZjlkXHU4ZDU2XCIsIFwidXJsXCI6IFwiL2luZm8vZGVwZW5kZW5jeS9cIiwgXCJpY29uXCI6IG51bGwsIFwib3JkZXJcIjogOX1dLCBcImZpcnN0X2ljb25cIjogXCJmYSBmYS11bml2ZXJzaXR5XCIsIFwiZmlyc3RfdXJsXCI6IFwiL2luZm8vc2Nob29sL1wifSwge1widGl0bGVcIjogXCJcdTUxNWFcdTU0NThcdTY1NTlcdTgwYjJcIiwgXCJtZW51c1wiOiBbe1widGl0bGVcIjogXCJcdTRmMWFcdThiYWUvXHU2ZDNiXHU1MmE4XCIsIFwidXJsXCI6IFwiL3RlYWNoaW5nL2FjdGl2aXR5L1wiLCBcImljb25cIjogXCJmYSBmYS11c2Vyc1wiLCBcIm9yZGVyXCI6IDEwfSwge1widGl0bGVcIjogXCJcdTViNjZcdTY1ZjZcdTdlZGZcdThiYTFcIiwgXCJ1cmxcIjogXCIvdGVhY2hpbmcvdGFrZXBhcnRpbi9cIiwgXCJpY29uXCI6IFwiZmEgZmEtYmFyLWNoYXJ0XCIsIFwib3JkZXJcIjogMTF9LCB7XCJ0aXRsZVwiOiBcIlx1NWI2Nlx1NGU2MFx1NjI1M1x1NTM2MVwiLCBcInVybFwiOiBcIi90ZWFjaGluZy9zaGFyaW5nL1wiLCBcImljb25cIjogbnVsbCwgXCJvcmRlclwiOiAxMn1dLCBcImZpcnN0X2ljb25cIjogXCJmYSBmYS11c2Vyc1wiLCBcImZpcnN0X3VybFwiOiBcIi90ZWFjaGluZy9hY3Rpdml0eS9cIn0sIHtcInRpdGxlXCI6IFwiXHU3NTI4XHU2MjM3XCIsIFwibWVudXNcIjogW3tcInRpdGxlXCI6IFwiXHU2MjExXHU3Njg0XHU4ZDI2XHU1M2Y3XCIsIFwidXJsXCI6IFwiL3VzZXIvdXNlci9cIiwgXCJpY29uXCI6IFwiZmEgZmEtdmNhcmRcIiwgXCJvcmRlclwiOiA1fV0sIFwiZmlyc3RfaWNvblwiOiBcImZhIGZhLXZjYXJkXCIsIFwiZmlyc3RfdXJsXCI6IFwiL3VzZXIvdXNlci9cIn1dIiwiTElTVF9RVUVSWSI6W1siaW5mbyIsIm1lbWJlciJdLCJfcF9hY3RpdmlzdF9kYXRlX19ndGU9MTk0OS0xMC0xJl9wX2FjdGl2aXN0X2RhdGVfX2x0PTIwMTgtMTAtMSZfcF9rZXlfZGV2ZWxvcF9wZXJzb25fZGF0ZV9faXNudWxsPVRydWUiXX0=','2019-03-19 14:37:02.593039'),('lv87oea7v61zhv76wv5cfd9caajjxhk0','ZDEwNGE0MGU1NDUzNGIxZTVlYWQ2NjhjZWI3NDk0NGYzYjQ5NjNjOTp7Il9hdXRoX3VzZXJfaWQiOiIxNjMzNzExMyIsIl9hdXRoX3VzZXJfYmFja2VuZCI6ImRqYW5nby5jb250cmliLmF1dGguYmFja2VuZHMuTW9kZWxCYWNrZW5kIiwiX2F1dGhfdXNlcl9oYXNoIjoiMjBkZWQ3ZjE5OWQ1ODJkNzBmMDZjMTNlNjBiNTA5OTkyOWMxYzU3NCIsIm5hdl9tZW51IjoiW3tcInRpdGxlXCI6IFwiXHU1MTVhXHU1NDU4XHU1M2QxXHU1YzU1XCIsIFwibWVudXNcIjogW3tcInRpdGxlXCI6IFwiXHU1M2QxXHU1YzU1XHU2ZDQxXHU3YTBiXHU0ZjlkXHU4ZDU2XCIsIFwidXJsXCI6IFwiL2luZm8vZGVwZW5kZW5jeS9cIiwgXCJpY29uXCI6IG51bGwsIFwib3JkZXJcIjogOH0sIHtcInRpdGxlXCI6IFwiXHU2MjEwXHU1NDU4XHU0ZmUxXHU2MDZmXCIsIFwidXJsXCI6IFwiL2luZm8vbWVtYmVyL1wiLCBcImljb25cIjogXCJmYSBmYS1pbmZvXCIsIFwib3JkZXJcIjogOX1dLCBcImZpcnN0X2ljb25cIjogXCJmYSBmYS11bml2ZXJzaXR5XCIsIFwiZmlyc3RfdXJsXCI6IFwiL2luZm8vc2Nob29sL1wifSwge1widGl0bGVcIjogXCJcdTUxNWFcdTU0NThcdTY1NTlcdTgwYjJcIiwgXCJtZW51c1wiOiBbe1widGl0bGVcIjogXCJcdTRmMWFcdThiYWUvXHU2ZDNiXHU1MmE4XCIsIFwidXJsXCI6IFwiL3RlYWNoaW5nL2FjdGl2aXR5L1wiLCBcImljb25cIjogXCJmYSBmYS11c2Vyc1wiLCBcIm9yZGVyXCI6IDEwfSwge1widGl0bGVcIjogXCJcdTViNjZcdTY1ZjZcdTdlZGZcdThiYTFcIiwgXCJ1cmxcIjogXCIvdGVhY2hpbmcvdGFrZXBhcnRpbi9cIiwgXCJpY29uXCI6IFwiZmEgZmEtYmFyLWNoYXJ0XCIsIFwib3JkZXJcIjogMTF9XSwgXCJmaXJzdF9pY29uXCI6IFwiZmEgZmEtdXNlcnNcIiwgXCJmaXJzdF91cmxcIjogXCIvdGVhY2hpbmcvYWN0aXZpdHkvXCJ9LCB7XCJ0aXRsZVwiOiBcIlx1NzUyOFx1NjIzN1wiLCBcIm1lbnVzXCI6IFt7XCJ0aXRsZVwiOiBcIlx1NjIxMVx1NzY4NFx1OGQyNlx1NTNmN1wiLCBcInVybFwiOiBcIi91c2VyL3VzZXIvXCIsIFwiaWNvblwiOiBcImZhIGZhLXZjYXJkXCIsIFwib3JkZXJcIjogNX1dLCBcImZpcnN0X2ljb25cIjogXCJmYSBmYS12Y2FyZFwiLCBcImZpcnN0X3VybFwiOiBcIi91c2VyL3VzZXIvXCJ9XSIsIkxJU1RfUVVFUlkiOltbImluZm8iLCJtZW1iZXIiXSwiIl0sIndpemFyZF9pbmZvbWVtYmVyX2FkbWluX3dpemFyZF9mb3JtX3BsdWdpbiI6eyJzdGVwIjoiXHU1N2ZhXHU2NzJjXHU0ZmUxXHU2MDZmIiwic3RlcF9kYXRhIjp7fSwic3RlcF9maWxlcyI6e30sImV4dHJhX2RhdGEiOnt9fX0=','2019-03-03 00:52:56.545200'),('m2mfpcy8rxs1x0o2tguyiyuvnqzo823z','MDgyMDAwNTcxNTRkZDllMWY3YTg4Zjc3OTczY2Q4N2Y1NzE5NzBiMzp7Il9hdXRoX3VzZXJfaWQiOiIxNzM0MTExNyIsIl9hdXRoX3VzZXJfYmFja2VuZCI6ImRqYW5nby5jb250cmliLmF1dGguYmFja2VuZHMuTW9kZWxCYWNrZW5kIiwiX2F1dGhfdXNlcl9oYXNoIjoiZDE1MWU1Y2IwYmJjYmU4ZTU3OGQwZDg2YTE1MmU2YjA3ZmQ2YjY3NCIsIm5hdl9tZW51IjoiW3tcInRpdGxlXCI6IFwiXHU1MTVhXHU1NDU4XHU1M2QxXHU1YzU1XCIsIFwibWVudXNcIjogW3tcInRpdGxlXCI6IFwiXHU2MjEwXHU1NDU4XHU0ZmUxXHU2MDZmXCIsIFwidXJsXCI6IFwiL2luZm8vbWVtYmVyL1wiLCBcImljb25cIjogXCJmYSBmYS1pbmZvXCIsIFwib3JkZXJcIjogOH1dLCBcImZpcnN0X2ljb25cIjogXCJmYSBmYS11bml2ZXJzaXR5XCIsIFwiZmlyc3RfdXJsXCI6IFwiL2luZm8vc2Nob29sL1wifSwge1widGl0bGVcIjogXCJcdTUxNWFcdTU0NThcdTY1NTlcdTgwYjJcIiwgXCJtZW51c1wiOiBbe1widGl0bGVcIjogXCJcdTRmMWFcdThiYWUvXHU2ZDNiXHU1MmE4XCIsIFwidXJsXCI6IFwiL3RlYWNoaW5nL2FjdGl2aXR5L1wiLCBcImljb25cIjogXCJmYSBmYS11c2Vyc1wiLCBcIm9yZGVyXCI6IDEwfSwge1widGl0bGVcIjogXCJcdTViNjZcdTY1ZjZcdTdlZGZcdThiYTFcIiwgXCJ1cmxcIjogXCIvdGVhY2hpbmcvdGFrZXBhcnRpbi9cIiwgXCJpY29uXCI6IFwiZmEgZmEtYmFyLWNoYXJ0XCIsIFwib3JkZXJcIjogMTF9LCB7XCJ0aXRsZVwiOiBcIlx1NWI2Nlx1NGU2MFx1NWYzYVx1NTZmZFx1NjI1M1x1NTM2MVwiLCBcInVybFwiOiBcIi90ZWFjaGluZy9zaGFyaW5nL1wiLCBcImljb25cIjogbnVsbCwgXCJvcmRlclwiOiAxMn1dLCBcImZpcnN0X2ljb25cIjogXCJmYSBmYS11c2Vyc1wiLCBcImZpcnN0X3VybFwiOiBcIi90ZWFjaGluZy9hY3Rpdml0eS9cIn0sIHtcInRpdGxlXCI6IFwiXHU3NTI4XHU2MjM3XCIsIFwibWVudXNcIjogW3tcInRpdGxlXCI6IFwiXHU2MjExXHU3Njg0XHU4ZDI2XHU1M2Y3XCIsIFwidXJsXCI6IFwiL3VzZXIvdXNlci9cIiwgXCJpY29uXCI6IFwiZmEgZmEtdmNhcmRcIiwgXCJvcmRlclwiOiA1fV0sIFwiZmlyc3RfaWNvblwiOiBcImZhIGZhLXZjYXJkXCIsIFwiZmlyc3RfdXJsXCI6IFwiL3VzZXIvdXNlci9cIn1dIiwiTElTVF9RVUVSWSI6W1sidGVhY2hpbmciLCJ0YWtlcGFydGluIl0sIiJdfQ==','2019-03-16 08:51:49.978214'),('mli8h9qspbpk2bz3mrbg14wdrhoeb0c4','ZjhlODVmMDhkNWVjZGY1MDU5YTZjM2FjM2YzY2U1MTk2NmY4ZDAwYTp7Il9hdXRoX3VzZXJfaWQiOiIxNjMzNzExMyIsIl9hdXRoX3VzZXJfYmFja2VuZCI6ImRqYW5nby5jb250cmliLmF1dGguYmFja2VuZHMuTW9kZWxCYWNrZW5kIiwiX2F1dGhfdXNlcl9oYXNoIjoiZmY1Y2RjMGRjOTQxM2MzYmQyNzZhMDg2N2Q0YzBkMzFmNmI4ZGNkOSIsIm5hdl9tZW51IjoiW3tcInRpdGxlXCI6IFwiXHU1MTVhXHU1NDU4XHU1M2QxXHU1YzU1XCIsIFwibWVudXNcIjogW3tcInRpdGxlXCI6IFwiXHU1MTVhXHU2NTJmXHU5MGU4XCIsIFwidXJsXCI6IFwiL2luZm8vYnJhbmNoL1wiLCBcImljb25cIjogXCJmYSBmYS11c2VyXCIsIFwib3JkZXJcIjogN30sIHtcInRpdGxlXCI6IFwiXHU2MjEwXHU1NDU4XHU0ZmUxXHU2MDZmXCIsIFwidXJsXCI6IFwiL2luZm8vbWVtYmVyL1wiLCBcImljb25cIjogXCJmYSBmYS1pbmZvXCIsIFwib3JkZXJcIjogOH0sIHtcInRpdGxlXCI6IFwiXHU1M2QxXHU1YzU1XHU2ZDQxXHU3YTBiXHU0ZjlkXHU4ZDU2XCIsIFwidXJsXCI6IFwiL2luZm8vZGVwZW5kZW5jeS9cIiwgXCJpY29uXCI6IG51bGwsIFwib3JkZXJcIjogOX1dLCBcImZpcnN0X2ljb25cIjogXCJmYSBmYS11bml2ZXJzaXR5XCIsIFwiZmlyc3RfdXJsXCI6IFwiL2luZm8vc2Nob29sL1wifSwge1widGl0bGVcIjogXCJcdTUxNWFcdTU0NThcdTY1NTlcdTgwYjJcIiwgXCJtZW51c1wiOiBbe1widGl0bGVcIjogXCJcdTRmMWFcdThiYWUvXHU2ZDNiXHU1MmE4XCIsIFwidXJsXCI6IFwiL3RlYWNoaW5nL2FjdGl2aXR5L1wiLCBcImljb25cIjogXCJmYSBmYS11c2Vyc1wiLCBcIm9yZGVyXCI6IDEwfSwge1widGl0bGVcIjogXCJcdTViNjZcdTY1ZjZcdTdlZGZcdThiYTFcIiwgXCJ1cmxcIjogXCIvdGVhY2hpbmcvdGFrZXBhcnRpbi9cIiwgXCJpY29uXCI6IFwiZmEgZmEtYmFyLWNoYXJ0XCIsIFwib3JkZXJcIjogMTF9LCB7XCJ0aXRsZVwiOiBcIlx1NWI2Nlx1NGU2MFx1NjI1M1x1NTM2MVwiLCBcInVybFwiOiBcIi90ZWFjaGluZy9zaGFyaW5nL1wiLCBcImljb25cIjogbnVsbCwgXCJvcmRlclwiOiAxMn1dLCBcImZpcnN0X2ljb25cIjogXCJmYSBmYS11c2Vyc1wiLCBcImZpcnN0X3VybFwiOiBcIi90ZWFjaGluZy9hY3Rpdml0eS9cIn0sIHtcInRpdGxlXCI6IFwiXHU3NTI4XHU2MjM3XCIsIFwibWVudXNcIjogW3tcInRpdGxlXCI6IFwiXHU2MjExXHU3Njg0XHU4ZDI2XHU1M2Y3XCIsIFwidXJsXCI6IFwiL3VzZXIvdXNlci9cIiwgXCJpY29uXCI6IFwiZmEgZmEtdmNhcmRcIiwgXCJvcmRlclwiOiA1fV0sIFwiZmlyc3RfaWNvblwiOiBcImZhIGZhLXZjYXJkXCIsIFwiZmlyc3RfdXJsXCI6IFwiL3VzZXIvdXNlci9cIn1dIiwiTElTVF9RVUVSWSI6W1sidGVhY2hpbmciLCJzaGFyaW5nIl0sIiJdfQ==','2019-03-18 19:31:21.585804'),('mu4okqtoe3kjoicjr10sp97worr0ihbw','YWZlODI5NTBiZDYyYjFkNWQ3MThhZmMyYzA5YjlhMWE0Mjg3OTg2MDp7Il9hdXRoX3VzZXJfaWQiOiIxNTMzMTMzMSIsIl9hdXRoX3VzZXJfYmFja2VuZCI6ImRqYW5nby5jb250cmliLmF1dGguYmFja2VuZHMuTW9kZWxCYWNrZW5kIiwiX2F1dGhfdXNlcl9oYXNoIjoiMjVmNTI3NTFmNjA2ZWM1ZjU5ZDkyNDAzM2FhYmRlZGZkNTM3NzE0MCIsIm5hdl9tZW51IjoiW3tcInRpdGxlXCI6IFwiXHU1MTVhXHU1NDU4XHU1M2QxXHU1YzU1XCIsIFwibWVudXNcIjogW3tcInRpdGxlXCI6IFwiXHU2MjEwXHU1NDU4XHU0ZmUxXHU2MDZmXCIsIFwidXJsXCI6IFwiL2luZm8vbWVtYmVyL1wiLCBcImljb25cIjogXCJmYSBmYS1pbmZvXCIsIFwib3JkZXJcIjogOH1dLCBcImZpcnN0X2ljb25cIjogXCJmYSBmYS11bml2ZXJzaXR5XCIsIFwiZmlyc3RfdXJsXCI6IFwiL2luZm8vc2Nob29sL1wifSwge1widGl0bGVcIjogXCJcdTUxNWFcdTU0NThcdTY1NTlcdTgwYjJcIiwgXCJtZW51c1wiOiBbe1widGl0bGVcIjogXCJcdTRmMWFcdThiYWUvXHU2ZDNiXHU1MmE4XCIsIFwidXJsXCI6IFwiL3RlYWNoaW5nL2FjdGl2aXR5L1wiLCBcImljb25cIjogXCJmYSBmYS11c2Vyc1wiLCBcIm9yZGVyXCI6IDEwfSwge1widGl0bGVcIjogXCJcdTViNjZcdTY1ZjZcdTdlZGZcdThiYTFcIiwgXCJ1cmxcIjogXCIvdGVhY2hpbmcvdGFrZXBhcnRpbi9cIiwgXCJpY29uXCI6IFwiZmEgZmEtYmFyLWNoYXJ0XCIsIFwib3JkZXJcIjogMTF9XSwgXCJmaXJzdF9pY29uXCI6IFwiZmEgZmEtdXNlcnNcIiwgXCJmaXJzdF91cmxcIjogXCIvdGVhY2hpbmcvYWN0aXZpdHkvXCJ9LCB7XCJ0aXRsZVwiOiBcIlx1NzUyOFx1NjIzN1wiLCBcIm1lbnVzXCI6IFt7XCJ0aXRsZVwiOiBcIlx1NjIxMVx1NzY4NFx1OGQyNlx1NTNmN1wiLCBcInVybFwiOiBcIi91c2VyL3VzZXIvXCIsIFwiaWNvblwiOiBcImZhIGZhLXZjYXJkXCIsIFwib3JkZXJcIjogNX1dLCBcImZpcnN0X2ljb25cIjogXCJmYSBmYS12Y2FyZFwiLCBcImZpcnN0X3VybFwiOiBcIi91c2VyL3VzZXIvXCJ9XSIsIkxJU1RfUVVFUlkiOltbImluZm8iLCJtZW1iZXIiXSwiIl0sIndpemFyZF9pbmZvbWVtYmVyX2FkbWluX3dpemFyZF9mb3JtX3BsdWdpbiI6eyJzdGVwIjoiXHU1N2ZhXHU2NzJjXHU0ZmUxXHU2MDZmIiwic3RlcF9kYXRhIjp7fSwic3RlcF9maWxlcyI6e30sImV4dHJhX2RhdGEiOnt9fX0=','2019-03-10 16:46:14.495837'),('n5uckgip6rd5lr7ezfxms1duri652nxf','MDMxNDMyNmI5MDdhMzRlMzk1MDBkYmRhYjhlYmJjNmFmM2U1Y2UwYzp7Il9hdXRoX3VzZXJfaWQiOiIxNzM0MTA4NyIsIl9hdXRoX3VzZXJfYmFja2VuZCI6ImRqYW5nby5jb250cmliLmF1dGguYmFja2VuZHMuTW9kZWxCYWNrZW5kIiwiX2F1dGhfdXNlcl9oYXNoIjoiZDBiMjdhOGQzZDg0NmY3NjE2ZjFlMGQ1NjI5NWY3NmFkOTk2ZmFlZSIsIm5hdl9tZW51IjoiW3tcInRpdGxlXCI6IFwiXHU1MTVhXHU1NDU4XHU1M2QxXHU1YzU1XCIsIFwibWVudXNcIjogW3tcInRpdGxlXCI6IFwiXHU2MjEwXHU1NDU4XHU0ZmUxXHU2MDZmXCIsIFwidXJsXCI6IFwiL2luZm8vbWVtYmVyL1wiLCBcImljb25cIjogXCJmYSBmYS1pbmZvXCIsIFwib3JkZXJcIjogOH1dLCBcImZpcnN0X2ljb25cIjogXCJmYSBmYS11bml2ZXJzaXR5XCIsIFwiZmlyc3RfdXJsXCI6IFwiL2luZm8vc2Nob29sL1wifSwge1widGl0bGVcIjogXCJcdTUxNWFcdTU0NThcdTY1NTlcdTgwYjJcIiwgXCJtZW51c1wiOiBbe1widGl0bGVcIjogXCJcdTRmMWFcdThiYWUvXHU2ZDNiXHU1MmE4XCIsIFwidXJsXCI6IFwiL3RlYWNoaW5nL2FjdGl2aXR5L1wiLCBcImljb25cIjogXCJmYSBmYS11c2Vyc1wiLCBcIm9yZGVyXCI6IDEwfSwge1widGl0bGVcIjogXCJcdTViNjZcdTY1ZjZcdTdlZGZcdThiYTFcIiwgXCJ1cmxcIjogXCIvdGVhY2hpbmcvdGFrZXBhcnRpbi9cIiwgXCJpY29uXCI6IFwiZmEgZmEtYmFyLWNoYXJ0XCIsIFwib3JkZXJcIjogMTF9XSwgXCJmaXJzdF9pY29uXCI6IFwiZmEgZmEtdXNlcnNcIiwgXCJmaXJzdF91cmxcIjogXCIvdGVhY2hpbmcvYWN0aXZpdHkvXCJ9LCB7XCJ0aXRsZVwiOiBcIlx1NzUyOFx1NjIzN1wiLCBcIm1lbnVzXCI6IFt7XCJ0aXRsZVwiOiBcIlx1NjIxMVx1NzY4NFx1OGQyNlx1NTNmN1wiLCBcInVybFwiOiBcIi91c2VyL3VzZXIvXCIsIFwiaWNvblwiOiBcImZhIGZhLXZjYXJkXCIsIFwib3JkZXJcIjogNX1dLCBcImZpcnN0X2ljb25cIjogXCJmYSBmYS12Y2FyZFwiLCBcImZpcnN0X3VybFwiOiBcIi91c2VyL3VzZXIvXCJ9XSIsIkxJU1RfUVVFUlkiOltbImluZm8iLCJtZW1iZXIiXSwiIl19','2019-03-09 09:48:11.368508'),('n95mnnle1fapk17caqlf0zyksqjgq4ry','NmIyYmU4ODYzYmIwOWZkY2ViMGYyZDc3MTZhNWI3ODFmY2I1NDk3YTp7Il9hdXRoX3VzZXJfaWQiOiIxNjMzNzA5OSIsIl9hdXRoX3VzZXJfYmFja2VuZCI6ImRqYW5nby5jb250cmliLmF1dGguYmFja2VuZHMuTW9kZWxCYWNrZW5kIiwiX2F1dGhfdXNlcl9oYXNoIjoiZGU5ZTljZmJiZTNkYzZjN2JhMzM4ZTI5YTRjMGMzZmY4MDVkMDExMCIsIm5hdl9tZW51IjoiW3tcInRpdGxlXCI6IFwiXHU1MTVhXHU1NDU4XHU1M2QxXHU1YzU1XCIsIFwibWVudXNcIjogW3tcInRpdGxlXCI6IFwiXHU2MjEwXHU1NDU4XHU0ZmUxXHU2MDZmXCIsIFwidXJsXCI6IFwiL2luZm8vbWVtYmVyL1wiLCBcImljb25cIjogXCJmYSBmYS1pbmZvXCIsIFwib3JkZXJcIjogOH1dLCBcImZpcnN0X2ljb25cIjogXCJmYSBmYS11bml2ZXJzaXR5XCIsIFwiZmlyc3RfdXJsXCI6IFwiL2luZm8vc2Nob29sL1wifSwge1widGl0bGVcIjogXCJcdTUxNWFcdTU0NThcdTY1NTlcdTgwYjJcIiwgXCJtZW51c1wiOiBbe1widGl0bGVcIjogXCJcdTRmMWFcdThiYWUvXHU2ZDNiXHU1MmE4XCIsIFwidXJsXCI6IFwiL3RlYWNoaW5nL2FjdGl2aXR5L1wiLCBcImljb25cIjogXCJmYSBmYS11c2Vyc1wiLCBcIm9yZGVyXCI6IDEwfSwge1widGl0bGVcIjogXCJcdTViNjZcdTY1ZjZcdTdlZGZcdThiYTFcIiwgXCJ1cmxcIjogXCIvdGVhY2hpbmcvdGFrZXBhcnRpbi9cIiwgXCJpY29uXCI6IFwiZmEgZmEtYmFyLWNoYXJ0XCIsIFwib3JkZXJcIjogMTF9LCB7XCJ0aXRsZVwiOiBcIlx1NWI2Nlx1NGU2MFx1NWYzYVx1NTZmZFx1NjI1M1x1NTM2MVwiLCBcInVybFwiOiBcIi90ZWFjaGluZy9zaGFyaW5nL1wiLCBcImljb25cIjogbnVsbCwgXCJvcmRlclwiOiAxMn1dLCBcImZpcnN0X2ljb25cIjogXCJmYSBmYS11c2Vyc1wiLCBcImZpcnN0X3VybFwiOiBcIi90ZWFjaGluZy9hY3Rpdml0eS9cIn0sIHtcInRpdGxlXCI6IFwiXHU3NTI4XHU2MjM3XCIsIFwibWVudXNcIjogW3tcInRpdGxlXCI6IFwiXHU2MjExXHU3Njg0XHU4ZDI2XHU1M2Y3XCIsIFwidXJsXCI6IFwiL3VzZXIvdXNlci9cIiwgXCJpY29uXCI6IFwiZmEgZmEtdmNhcmRcIiwgXCJvcmRlclwiOiA1fV0sIFwiZmlyc3RfaWNvblwiOiBcImZhIGZhLXZjYXJkXCIsIFwiZmlyc3RfdXJsXCI6IFwiL3VzZXIvdXNlci9cIn1dIiwiTElTVF9RVUVSWSI6W1sidGVhY2hpbmciLCJ0YWtlcGFydGluIl0sIiJdfQ==','2019-03-15 21:34:49.131972'),('nvwal3ha6wd0w4e2ydb1a5ejc6j1e13r','YTFlZWE3YjgyYWFmZTAzMzUyNzY1YjQyNzdjMDM2MDBkN2QzZGFiNTp7Il9hdXRoX3VzZXJfaWQiOiIxODM0MDA3NSIsIl9hdXRoX3VzZXJfYmFja2VuZCI6ImRqYW5nby5jb250cmliLmF1dGguYmFja2VuZHMuTW9kZWxCYWNrZW5kIiwiX2F1dGhfdXNlcl9oYXNoIjoiNzc2OGUxZGIyMTA2YzljNDA0NmRlNTBhZDdkNDMyMzE5YmUzYTVlNCIsIm5hdl9tZW51IjoiW3tcInRpdGxlXCI6IFwiXHU1MTVhXHU1NDU4XHU1M2QxXHU1YzU1XCIsIFwibWVudXNcIjogW3tcInRpdGxlXCI6IFwiXHU2MjEwXHU1NDU4XHU0ZmUxXHU2MDZmXCIsIFwidXJsXCI6IFwiL2luZm8vbWVtYmVyL1wiLCBcImljb25cIjogXCJmYSBmYS1pbmZvXCIsIFwib3JkZXJcIjogOH1dLCBcImZpcnN0X2ljb25cIjogXCJmYSBmYS11bml2ZXJzaXR5XCIsIFwiZmlyc3RfdXJsXCI6IFwiL2luZm8vc2Nob29sL1wifSwge1widGl0bGVcIjogXCJcdTUxNWFcdTU0NThcdTY1NTlcdTgwYjJcIiwgXCJtZW51c1wiOiBbe1widGl0bGVcIjogXCJcdTRmMWFcdThiYWUvXHU2ZDNiXHU1MmE4XCIsIFwidXJsXCI6IFwiL3RlYWNoaW5nL2FjdGl2aXR5L1wiLCBcImljb25cIjogXCJmYSBmYS11c2Vyc1wiLCBcIm9yZGVyXCI6IDEwfSwge1widGl0bGVcIjogXCJcdTViNjZcdTY1ZjZcdTdlZGZcdThiYTFcIiwgXCJ1cmxcIjogXCIvdGVhY2hpbmcvdGFrZXBhcnRpbi9cIiwgXCJpY29uXCI6IFwiZmEgZmEtYmFyLWNoYXJ0XCIsIFwib3JkZXJcIjogMTF9XSwgXCJmaXJzdF9pY29uXCI6IFwiZmEgZmEtdXNlcnNcIiwgXCJmaXJzdF91cmxcIjogXCIvdGVhY2hpbmcvYWN0aXZpdHkvXCJ9LCB7XCJ0aXRsZVwiOiBcIlx1NzUyOFx1NjIzN1wiLCBcIm1lbnVzXCI6IFt7XCJ0aXRsZVwiOiBcIlx1NjIxMVx1NzY4NFx1OGQyNlx1NTNmN1wiLCBcInVybFwiOiBcIi91c2VyL3VzZXIvXCIsIFwiaWNvblwiOiBcImZhIGZhLXZjYXJkXCIsIFwib3JkZXJcIjogNX1dLCBcImZpcnN0X2ljb25cIjogXCJmYSBmYS12Y2FyZFwiLCBcImZpcnN0X3VybFwiOiBcIi91c2VyL3VzZXIvXCJ9XSJ9','2019-03-11 19:39:58.314951'),('q1b6h6d6a58mqnc7kuoilds908h9gt2p','MDAwN2E5NGQwMmRiZjI2ZmNjODM0MGI4NTliM2IzZTE3YjI2M2ViZDp7Il9hdXRoX3VzZXJfaWQiOiIxODM0MDA2MCIsIl9hdXRoX3VzZXJfYmFja2VuZCI6ImRqYW5nby5jb250cmliLmF1dGguYmFja2VuZHMuTW9kZWxCYWNrZW5kIiwiX2F1dGhfdXNlcl9oYXNoIjoiMGFlZDEzMTZlZTY3ZmVjNjI4MTU2YzcxZTc4NTY3MjFmNTE4NTJhOSIsIm5hdl9tZW51IjoiW3tcInRpdGxlXCI6IFwiXHU1MTVhXHU1NDU4XHU1M2QxXHU1YzU1XCIsIFwibWVudXNcIjogW3tcInRpdGxlXCI6IFwiXHU2MjEwXHU1NDU4XHU0ZmUxXHU2MDZmXCIsIFwidXJsXCI6IFwiL2luZm8vbWVtYmVyL1wiLCBcImljb25cIjogXCJmYSBmYS1pbmZvXCIsIFwib3JkZXJcIjogOX1dLCBcImZpcnN0X2ljb25cIjogXCJmYSBmYS11bml2ZXJzaXR5XCIsIFwiZmlyc3RfdXJsXCI6IFwiL2luZm8vc2Nob29sL1wifSwge1widGl0bGVcIjogXCJcdTUxNWFcdTU0NThcdTY1NTlcdTgwYjJcIiwgXCJtZW51c1wiOiBbe1widGl0bGVcIjogXCJcdTRmMWFcdThiYWUvXHU2ZDNiXHU1MmE4XCIsIFwidXJsXCI6IFwiL3RlYWNoaW5nL2FjdGl2aXR5L1wiLCBcImljb25cIjogXCJmYSBmYS11c2Vyc1wiLCBcIm9yZGVyXCI6IDEwfSwge1widGl0bGVcIjogXCJcdTViNjZcdTY1ZjZcdTdlZGZcdThiYTFcIiwgXCJ1cmxcIjogXCIvdGVhY2hpbmcvdGFrZXBhcnRpbi9cIiwgXCJpY29uXCI6IFwiZmEgZmEtYmFyLWNoYXJ0XCIsIFwib3JkZXJcIjogMTF9XSwgXCJmaXJzdF9pY29uXCI6IFwiZmEgZmEtdXNlcnNcIiwgXCJmaXJzdF91cmxcIjogXCIvdGVhY2hpbmcvYWN0aXZpdHkvXCJ9LCB7XCJ0aXRsZVwiOiBcIlx1NzUyOFx1NjIzN1wiLCBcIm1lbnVzXCI6IFt7XCJ0aXRsZVwiOiBcIlx1NjIxMVx1NzY4NFx1OGQyNlx1NTNmN1wiLCBcInVybFwiOiBcIi91c2VyL3VzZXIvXCIsIFwiaWNvblwiOiBcImZhIGZhLXZjYXJkXCIsIFwib3JkZXJcIjogNX1dLCBcImZpcnN0X2ljb25cIjogXCJmYSBmYS12Y2FyZFwiLCBcImZpcnN0X3VybFwiOiBcIi91c2VyL3VzZXIvXCJ9XSIsIndpemFyZF9pbmZvbWVtYmVyX2FkbWluX3dpemFyZF9mb3JtX3BsdWdpbiI6eyJzdGVwIjoiXHU1N2ZhXHU2NzJjXHU0ZmUxXHU2MDZmIiwic3RlcF9kYXRhIjp7fSwic3RlcF9maWxlcyI6e30sImV4dHJhX2RhdGEiOnt9fSwiTElTVF9RVUVSWSI6W1siaW5mbyIsIm1lbWJlciJdLCIiXX0=','2019-03-03 16:34:31.411322'),('qczfngmf5vsvfybq1rku1zjfwxddpm52','ODgzNDkwM2E2MDViMjI1MzI4MzhlYzU0NTNjN2ExM2E0MzVlNDlkNDp7Il9hdXRoX3VzZXJfaWQiOiIxNjMzNzExMyIsIl9hdXRoX3VzZXJfYmFja2VuZCI6ImRqYW5nby5jb250cmliLmF1dGguYmFja2VuZHMuTW9kZWxCYWNrZW5kIiwiX2F1dGhfdXNlcl9oYXNoIjoiZmY1Y2RjMGRjOTQxM2MzYmQyNzZhMDg2N2Q0YzBkMzFmNmI4ZGNkOSIsIkxJU1RfUVVFUlkiOltbImluZm8iLCJtZW1iZXIiXSwiIl19','2019-03-20 00:11:43.853586'),('qeyy3rte1l4ixiuq5ml4ypf9fxw2zan3','NDY2NzY5YzJmYzY4NzlmMDUyNThhNzFhZTRkYzQ5NDg3ODUwZmY5MTp7Il9hdXRoX3VzZXJfaWQiOiIxNjMzNzE1NCIsIl9hdXRoX3VzZXJfYmFja2VuZCI6ImRqYW5nby5jb250cmliLmF1dGguYmFja2VuZHMuTW9kZWxCYWNrZW5kIiwiX2F1dGhfdXNlcl9oYXNoIjoiMmQ3YzhhZjIwMjcyYTZhNDM4NjdkOGRjODJhMGM1MTE0MjI4NGUxZSIsIm5hdl9tZW51IjoiW3tcInRpdGxlXCI6IFwiXHU1MTVhXHU1NDU4XHU1M2QxXHU1YzU1XCIsIFwibWVudXNcIjogW3tcInRpdGxlXCI6IFwiXHU2MjEwXHU1NDU4XHU0ZmUxXHU2MDZmXCIsIFwidXJsXCI6IFwiL2luZm8vbWVtYmVyL1wiLCBcImljb25cIjogXCJmYSBmYS1pbmZvXCIsIFwib3JkZXJcIjogOH1dLCBcImZpcnN0X2ljb25cIjogXCJmYSBmYS11bml2ZXJzaXR5XCIsIFwiZmlyc3RfdXJsXCI6IFwiL2luZm8vc2Nob29sL1wifSwge1widGl0bGVcIjogXCJcdTUxNWFcdTU0NThcdTY1NTlcdTgwYjJcIiwgXCJtZW51c1wiOiBbe1widGl0bGVcIjogXCJcdTRmMWFcdThiYWUvXHU2ZDNiXHU1MmE4XCIsIFwidXJsXCI6IFwiL3RlYWNoaW5nL2FjdGl2aXR5L1wiLCBcImljb25cIjogXCJmYSBmYS11c2Vyc1wiLCBcIm9yZGVyXCI6IDEwfSwge1widGl0bGVcIjogXCJcdTViNjZcdTY1ZjZcdTdlZGZcdThiYTFcIiwgXCJ1cmxcIjogXCIvdGVhY2hpbmcvdGFrZXBhcnRpbi9cIiwgXCJpY29uXCI6IFwiZmEgZmEtYmFyLWNoYXJ0XCIsIFwib3JkZXJcIjogMTF9XSwgXCJmaXJzdF9pY29uXCI6IFwiZmEgZmEtdXNlcnNcIiwgXCJmaXJzdF91cmxcIjogXCIvdGVhY2hpbmcvYWN0aXZpdHkvXCJ9LCB7XCJ0aXRsZVwiOiBcIlx1NzUyOFx1NjIzN1wiLCBcIm1lbnVzXCI6IFt7XCJ0aXRsZVwiOiBcIlx1NjIxMVx1NzY4NFx1OGQyNlx1NTNmN1wiLCBcInVybFwiOiBcIi91c2VyL3VzZXIvXCIsIFwiaWNvblwiOiBcImZhIGZhLXZjYXJkXCIsIFwib3JkZXJcIjogNX1dLCBcImZpcnN0X2ljb25cIjogXCJmYSBmYS12Y2FyZFwiLCBcImZpcnN0X3VybFwiOiBcIi91c2VyL3VzZXIvXCJ9XSIsIkxJU1RfUVVFUlkiOltbImluZm8iLCJtZW1iZXIiXSwiIl19','2019-03-08 13:08:30.373749'),('t7tcgc2pgra38uj8rrnmuygpcrwgnrog','MzI4OGIyNWQxYTcxOTVkZGQ3ZDgyNzQ2ZDhjYzI1OTc3OTQwYmVhYzp7Il9hdXRoX3VzZXJfaWQiOiIxNjMzNzExMyIsIl9hdXRoX3VzZXJfYmFja2VuZCI6ImRqYW5nby5jb250cmliLmF1dGguYmFja2VuZHMuTW9kZWxCYWNrZW5kIiwiX2F1dGhfdXNlcl9oYXNoIjoiZmY1Y2RjMGRjOTQxM2MzYmQyNzZhMDg2N2Q0YzBkMzFmNmI4ZGNkOSIsIkxJU1RfUVVFUlkiOltbInRlYWNoaW5nIiwidGFrZXBhcnRpbiJdLCIiXSwid2l6YXJkX2luZm9tZW1iZXJfYWRtaW5fd2l6YXJkX2Zvcm1fcGx1Z2luIjp7InN0ZXAiOm51bGwsInN0ZXBfZGF0YSI6e30sInN0ZXBfZmlsZXMiOnt9LCJleHRyYV9kYXRhIjp7fX19','2019-03-12 19:11:00.154922'),('tbaytnm8mcfskyjs7ugqg0grh4m9u3jj','ZTFhNjgwYmQwZTFlM2E0YjczZDJmY2Y0YjdiNzEzOWJlZGJkOTRkZTp7Il9hdXRoX3VzZXJfaWQiOiIxNzM0MTA3NCIsIl9hdXRoX3VzZXJfYmFja2VuZCI6ImRqYW5nby5jb250cmliLmF1dGguYmFja2VuZHMuTW9kZWxCYWNrZW5kIiwiX2F1dGhfdXNlcl9oYXNoIjoiZTJjOTcyODU1OTM2NjNmOTI5NWZmZWI0NDVmZGI0ZGMzZTY5NjJkYiIsIm5hdl9tZW51IjoiW3tcInRpdGxlXCI6IFwiXHU1MTVhXHU1NDU4XHU1M2QxXHU1YzU1XCIsIFwibWVudXNcIjogW3tcInRpdGxlXCI6IFwiXHU2MjEwXHU1NDU4XHU0ZmUxXHU2MDZmXCIsIFwidXJsXCI6IFwiL2luZm8vbWVtYmVyL1wiLCBcImljb25cIjogXCJmYSBmYS1pbmZvXCIsIFwib3JkZXJcIjogOH1dLCBcImZpcnN0X2ljb25cIjogXCJmYSBmYS11bml2ZXJzaXR5XCIsIFwiZmlyc3RfdXJsXCI6IFwiL2luZm8vc2Nob29sL1wifSwge1widGl0bGVcIjogXCJcdTUxNWFcdTU0NThcdTY1NTlcdTgwYjJcIiwgXCJtZW51c1wiOiBbe1widGl0bGVcIjogXCJcdTRmMWFcdThiYWUvXHU2ZDNiXHU1MmE4XCIsIFwidXJsXCI6IFwiL3RlYWNoaW5nL2FjdGl2aXR5L1wiLCBcImljb25cIjogXCJmYSBmYS11c2Vyc1wiLCBcIm9yZGVyXCI6IDEwfSwge1widGl0bGVcIjogXCJcdTViNjZcdTY1ZjZcdTdlZGZcdThiYTFcIiwgXCJ1cmxcIjogXCIvdGVhY2hpbmcvdGFrZXBhcnRpbi9cIiwgXCJpY29uXCI6IFwiZmEgZmEtYmFyLWNoYXJ0XCIsIFwib3JkZXJcIjogMTF9XSwgXCJmaXJzdF9pY29uXCI6IFwiZmEgZmEtdXNlcnNcIiwgXCJmaXJzdF91cmxcIjogXCIvdGVhY2hpbmcvYWN0aXZpdHkvXCJ9LCB7XCJ0aXRsZVwiOiBcIlx1NzUyOFx1NjIzN1wiLCBcIm1lbnVzXCI6IFt7XCJ0aXRsZVwiOiBcIlx1NjIxMVx1NzY4NFx1OGQyNlx1NTNmN1wiLCBcInVybFwiOiBcIi91c2VyL3VzZXIvXCIsIFwiaWNvblwiOiBcImZhIGZhLXZjYXJkXCIsIFwib3JkZXJcIjogNX1dLCBcImZpcnN0X2ljb25cIjogXCJmYSBmYS12Y2FyZFwiLCBcImZpcnN0X3VybFwiOiBcIi91c2VyL3VzZXIvXCJ9XSIsIkxJU1RfUVVFUlkiOltbInRlYWNoaW5nIiwidGFrZXBhcnRpbiJdLCJvPS1hY3Rpdml0eS5tZW1iZXIiXX0=','2019-03-15 21:29:33.579140'),('u2c1mtjr0icrzyee8rh6rqlby9pj3guy','YmQxOGYxNjIyMmVlNDdkZTJjYjEzZDBkMzIzNTAzYjZmN2NlZDU0NDp7Il9hdXRoX3VzZXJfaWQiOiIxNjMzNzEwNiIsIl9hdXRoX3VzZXJfYmFja2VuZCI6ImRqYW5nby5jb250cmliLmF1dGguYmFja2VuZHMuTW9kZWxCYWNrZW5kIiwiX2F1dGhfdXNlcl9oYXNoIjoiODlkZTc4MGY2ZWU5YjdhMGI0OTdiNDBjZjBiNDZkNzMyYTNlOGM5YiIsIm5hdl9tZW51IjoiW3tcInRpdGxlXCI6IFwiXHU1MTVhXHU1NDU4XHU1M2QxXHU1YzU1XCIsIFwibWVudXNcIjogW3tcInRpdGxlXCI6IFwiXHU2MjEwXHU1NDU4XHU0ZmUxXHU2MDZmXCIsIFwidXJsXCI6IFwiL2luZm8vbWVtYmVyL1wiLCBcImljb25cIjogXCJmYSBmYS1pbmZvXCIsIFwib3JkZXJcIjogOH1dLCBcImZpcnN0X2ljb25cIjogXCJmYSBmYS11bml2ZXJzaXR5XCIsIFwiZmlyc3RfdXJsXCI6IFwiL2luZm8vc2Nob29sL1wifSwge1widGl0bGVcIjogXCJcdTUxNWFcdTU0NThcdTY1NTlcdTgwYjJcIiwgXCJtZW51c1wiOiBbe1widGl0bGVcIjogXCJcdTRmMWFcdThiYWUvXHU2ZDNiXHU1MmE4XCIsIFwidXJsXCI6IFwiL3RlYWNoaW5nL2FjdGl2aXR5L1wiLCBcImljb25cIjogXCJmYSBmYS11c2Vyc1wiLCBcIm9yZGVyXCI6IDEwfSwge1widGl0bGVcIjogXCJcdTViNjZcdTY1ZjZcdTdlZGZcdThiYTFcIiwgXCJ1cmxcIjogXCIvdGVhY2hpbmcvdGFrZXBhcnRpbi9cIiwgXCJpY29uXCI6IFwiZmEgZmEtYmFyLWNoYXJ0XCIsIFwib3JkZXJcIjogMTF9LCB7XCJ0aXRsZVwiOiBcIlx1NWI2Nlx1NGU2MFx1NWYzYVx1NTZmZFx1NjI1M1x1NTM2MVwiLCBcInVybFwiOiBcIi90ZWFjaGluZy9zaGFyaW5nL1wiLCBcImljb25cIjogbnVsbCwgXCJvcmRlclwiOiAxMn1dLCBcImZpcnN0X2ljb25cIjogXCJmYSBmYS11c2Vyc1wiLCBcImZpcnN0X3VybFwiOiBcIi90ZWFjaGluZy9hY3Rpdml0eS9cIn0sIHtcInRpdGxlXCI6IFwiXHU3NTI4XHU2MjM3XCIsIFwibWVudXNcIjogW3tcInRpdGxlXCI6IFwiXHU2MjExXHU3Njg0XHU4ZDI2XHU1M2Y3XCIsIFwidXJsXCI6IFwiL3VzZXIvdXNlci9cIiwgXCJpY29uXCI6IFwiZmEgZmEtdmNhcmRcIiwgXCJvcmRlclwiOiA1fV0sIFwiZmlyc3RfaWNvblwiOiBcImZhIGZhLXZjYXJkXCIsIFwiZmlyc3RfdXJsXCI6IFwiL3VzZXIvdXNlci9cIn1dIiwiTElTVF9RVUVSWSI6W1sidGVhY2hpbmciLCJ0YWtlcGFydGluIl0sIiJdfQ==','2019-03-15 21:41:13.465300'),('uxvbwahhnumcis8y8a8kvsnpaodnceki','MDg5ZmFkMTQzM2RjNDA1OTVkYjZlZGU3ODM0MjZlNWQ0ZTI3Y2E3Yzp7Il9hdXRoX3VzZXJfaWQiOiIxNjMzNzEwOCIsIl9hdXRoX3VzZXJfYmFja2VuZCI6ImRqYW5nby5jb250cmliLmF1dGguYmFja2VuZHMuTW9kZWxCYWNrZW5kIiwiX2F1dGhfdXNlcl9oYXNoIjoiMDA4ZjNlMjMzY2YzYTk2ZDI1NjU4ZGUzYzUxNjFhY2I5MjFjYjcyYSIsIm5hdl9tZW51IjoiW3tcInRpdGxlXCI6IFwiXHU1MTVhXHU1NDU4XHU1M2QxXHU1YzU1XCIsIFwibWVudXNcIjogW3tcInRpdGxlXCI6IFwiXHU2MjEwXHU1NDU4XHU0ZmUxXHU2MDZmXCIsIFwidXJsXCI6IFwiL2luZm8vbWVtYmVyL1wiLCBcImljb25cIjogXCJmYSBmYS1pbmZvXCIsIFwib3JkZXJcIjogOH1dLCBcImZpcnN0X2ljb25cIjogXCJmYSBmYS11bml2ZXJzaXR5XCIsIFwiZmlyc3RfdXJsXCI6IFwiL2luZm8vc2Nob29sL1wifSwge1widGl0bGVcIjogXCJcdTUxNWFcdTU0NThcdTY1NTlcdTgwYjJcIiwgXCJtZW51c1wiOiBbe1widGl0bGVcIjogXCJcdTRmMWFcdThiYWUvXHU2ZDNiXHU1MmE4XCIsIFwidXJsXCI6IFwiL3RlYWNoaW5nL2FjdGl2aXR5L1wiLCBcImljb25cIjogXCJmYSBmYS11c2Vyc1wiLCBcIm9yZGVyXCI6IDEwfSwge1widGl0bGVcIjogXCJcdTViNjZcdTY1ZjZcdTdlZGZcdThiYTFcIiwgXCJ1cmxcIjogXCIvdGVhY2hpbmcvdGFrZXBhcnRpbi9cIiwgXCJpY29uXCI6IFwiZmEgZmEtYmFyLWNoYXJ0XCIsIFwib3JkZXJcIjogMTF9LCB7XCJ0aXRsZVwiOiBcIlx1NWI2Nlx1NGU2MFx1NjI1M1x1NTM2MVwiLCBcInVybFwiOiBcIi90ZWFjaGluZy9zaGFyaW5nL1wiLCBcImljb25cIjogbnVsbCwgXCJvcmRlclwiOiAxMn1dLCBcImZpcnN0X2ljb25cIjogXCJmYSBmYS11c2Vyc1wiLCBcImZpcnN0X3VybFwiOiBcIi90ZWFjaGluZy9hY3Rpdml0eS9cIn0sIHtcInRpdGxlXCI6IFwiXHU3NTI4XHU2MjM3XCIsIFwibWVudXNcIjogW3tcInRpdGxlXCI6IFwiXHU2MjExXHU3Njg0XHU4ZDI2XHU1M2Y3XCIsIFwidXJsXCI6IFwiL3VzZXIvdXNlci9cIiwgXCJpY29uXCI6IFwiZmEgZmEtdmNhcmRcIiwgXCJvcmRlclwiOiA1fV0sIFwiZmlyc3RfaWNvblwiOiBcImZhIGZhLXZjYXJkXCIsIFwiZmlyc3RfdXJsXCI6IFwiL3VzZXIvdXNlci9cIn1dIn0=','2019-03-18 12:27:13.286980'),('uy1rr9zoq4ucjsrq8l70isl08drc8rpv','NTk5M2U2YzM3MjZmZGY0MTQxZjZiNzkxMGM3ODUzN2IwNjQzMzRmYzp7Il9hdXRoX3VzZXJfaWQiOiIxNjMzNzEwOCIsIl9hdXRoX3VzZXJfYmFja2VuZCI6ImRqYW5nby5jb250cmliLmF1dGguYmFja2VuZHMuTW9kZWxCYWNrZW5kIiwiX2F1dGhfdXNlcl9oYXNoIjoiN2YzNWNiM2FkNDZlMGI0MDAxYWEzNzFjODM5MTk1YWRkNmZkZGFiNSIsIm5hdl9tZW51IjoiW3tcInRpdGxlXCI6IFwiXHU1MTVhXHU1NDU4XHU1M2QxXHU1YzU1XCIsIFwibWVudXNcIjogW3tcInRpdGxlXCI6IFwiXHU2MjEwXHU1NDU4XHU0ZmUxXHU2MDZmXCIsIFwidXJsXCI6IFwiL2luZm8vbWVtYmVyL1wiLCBcImljb25cIjogXCJmYSBmYS1pbmZvXCIsIFwib3JkZXJcIjogOX1dLCBcImZpcnN0X2ljb25cIjogXCJmYSBmYS11bml2ZXJzaXR5XCIsIFwiZmlyc3RfdXJsXCI6IFwiL2luZm8vc2Nob29sL1wifSwge1widGl0bGVcIjogXCJcdTUxNWFcdTU0NThcdTY1NTlcdTgwYjJcIiwgXCJtZW51c1wiOiBbe1widGl0bGVcIjogXCJcdTRmMWFcdThiYWUvXHU2ZDNiXHU1MmE4XCIsIFwidXJsXCI6IFwiL3RlYWNoaW5nL2FjdGl2aXR5L1wiLCBcImljb25cIjogXCJmYSBmYS11c2Vyc1wiLCBcIm9yZGVyXCI6IDEwfSwge1widGl0bGVcIjogXCJcdTViNjZcdTY1ZjZcdTdlZGZcdThiYTFcIiwgXCJ1cmxcIjogXCIvdGVhY2hpbmcvdGFrZXBhcnRpbi9cIiwgXCJpY29uXCI6IFwiZmEgZmEtYmFyLWNoYXJ0XCIsIFwib3JkZXJcIjogMTF9XSwgXCJmaXJzdF9pY29uXCI6IFwiZmEgZmEtdXNlcnNcIiwgXCJmaXJzdF91cmxcIjogXCIvdGVhY2hpbmcvYWN0aXZpdHkvXCJ9LCB7XCJ0aXRsZVwiOiBcIlx1NzUyOFx1NjIzN1wiLCBcIm1lbnVzXCI6IFt7XCJ0aXRsZVwiOiBcIlx1NjIxMVx1NzY4NFx1OGQyNlx1NTNmN1wiLCBcInVybFwiOiBcIi91c2VyL3VzZXIvXCIsIFwiaWNvblwiOiBcImZhIGZhLXZjYXJkXCIsIFwib3JkZXJcIjogNX1dLCBcImZpcnN0X2ljb25cIjogXCJmYSBmYS12Y2FyZFwiLCBcImZpcnN0X3VybFwiOiBcIi91c2VyL3VzZXIvXCJ9XSIsIndpemFyZF9pbmZvbWVtYmVyX2FkbWluX3dpemFyZF9mb3JtX3BsdWdpbiI6eyJzdGVwIjoiXHU1N2ZhXHU2NzJjXHU0ZmUxXHU2MDZmIiwic3RlcF9kYXRhIjp7fSwic3RlcF9maWxlcyI6e30sImV4dHJhX2RhdGEiOnt9fSwiTElTVF9RVUVSWSI6W1siaW5mbyIsIm1lbWJlciJdLCIiXX0=','2019-03-03 17:16:28.009759'),('vqupkufs2n63yyec2unrejtrhmdqq2z9','ODRjODBiYmZlZmRmMjE0NmY4YjM1YjIwNGNmMjI4NjBjMTkwNjk4YTp7Il9hdXRoX3VzZXJfaWQiOiIxNzM0MTA3MyIsIl9hdXRoX3VzZXJfYmFja2VuZCI6ImRqYW5nby5jb250cmliLmF1dGguYmFja2VuZHMuTW9kZWxCYWNrZW5kIiwiX2F1dGhfdXNlcl9oYXNoIjoiMjY5YjJlNGFmMDZmYmFjNGViYTc1ODZiZTA3ZDUzOTU4NzMyZTM1NSIsIm5hdl9tZW51IjoiW3tcInRpdGxlXCI6IFwiXHU1MTVhXHU1NDU4XHU1M2QxXHU1YzU1XCIsIFwibWVudXNcIjogW3tcInRpdGxlXCI6IFwiXHU2MjEwXHU1NDU4XHU0ZmUxXHU2MDZmXCIsIFwidXJsXCI6IFwiL2luZm8vbWVtYmVyL1wiLCBcImljb25cIjogXCJmYSBmYS1pbmZvXCIsIFwib3JkZXJcIjogOH1dLCBcImZpcnN0X2ljb25cIjogXCJmYSBmYS11bml2ZXJzaXR5XCIsIFwiZmlyc3RfdXJsXCI6IFwiL2luZm8vc2Nob29sL1wifSwge1widGl0bGVcIjogXCJcdTUxNWFcdTU0NThcdTY1NTlcdTgwYjJcIiwgXCJtZW51c1wiOiBbe1widGl0bGVcIjogXCJcdTRmMWFcdThiYWUvXHU2ZDNiXHU1MmE4XCIsIFwidXJsXCI6IFwiL3RlYWNoaW5nL2FjdGl2aXR5L1wiLCBcImljb25cIjogXCJmYSBmYS11c2Vyc1wiLCBcIm9yZGVyXCI6IDEwfSwge1widGl0bGVcIjogXCJcdTViNjZcdTY1ZjZcdTdlZGZcdThiYTFcIiwgXCJ1cmxcIjogXCIvdGVhY2hpbmcvdGFrZXBhcnRpbi9cIiwgXCJpY29uXCI6IFwiZmEgZmEtYmFyLWNoYXJ0XCIsIFwib3JkZXJcIjogMTF9LCB7XCJ0aXRsZVwiOiBcIlx1NWI2Nlx1NGU2MFx1NWYzYVx1NTZmZFx1NjI1M1x1NTM2MVwiLCBcInVybFwiOiBcIi90ZWFjaGluZy9zaGFyaW5nL1wiLCBcImljb25cIjogbnVsbCwgXCJvcmRlclwiOiAxMn1dLCBcImZpcnN0X2ljb25cIjogXCJmYSBmYS11c2Vyc1wiLCBcImZpcnN0X3VybFwiOiBcIi90ZWFjaGluZy9hY3Rpdml0eS9cIn0sIHtcInRpdGxlXCI6IFwiXHU3NTI4XHU2MjM3XCIsIFwibWVudXNcIjogW3tcInRpdGxlXCI6IFwiXHU2MjExXHU3Njg0XHU4ZDI2XHU1M2Y3XCIsIFwidXJsXCI6IFwiL3VzZXIvdXNlci9cIiwgXCJpY29uXCI6IFwiZmEgZmEtdmNhcmRcIiwgXCJvcmRlclwiOiA1fV0sIFwiZmlyc3RfaWNvblwiOiBcImZhIGZhLXZjYXJkXCIsIFwiZmlyc3RfdXJsXCI6IFwiL3VzZXIvdXNlci9cIn1dIiwiTElTVF9RVUVSWSI6W1sidGVhY2hpbmciLCJ0YWtlcGFydGluIl0sIiJdfQ==','2019-03-15 21:31:42.265389'),('vtlpoaw6dh9p1dr0n5oygrdesn5p5se8','Y2NiY2Y4Yzc4YjAwZDkwMDRjODVjZmYxMzdhMjY1NzZmOTY1MzA2Mjp7Il9hdXRoX3VzZXJfaWQiOiIxNzM0MTEwNSIsIl9hdXRoX3VzZXJfYmFja2VuZCI6ImRqYW5nby5jb250cmliLmF1dGguYmFja2VuZHMuTW9kZWxCYWNrZW5kIiwiX2F1dGhfdXNlcl9oYXNoIjoiOTE5ZDdlZThmODhlZWRlN2IwYjY4NzU2M2Q3MTIzZTdkOGJhOGQ5YSIsIm5hdl9tZW51IjoiW3tcInRpdGxlXCI6IFwiXHU1MTVhXHU1NDU4XHU1M2QxXHU1YzU1XCIsIFwibWVudXNcIjogW3tcInRpdGxlXCI6IFwiXHU2MjEwXHU1NDU4XHU0ZmUxXHU2MDZmXCIsIFwidXJsXCI6IFwiL2luZm8vbWVtYmVyL1wiLCBcImljb25cIjogXCJmYSBmYS1pbmZvXCIsIFwib3JkZXJcIjogOX1dLCBcImZpcnN0X2ljb25cIjogXCJmYSBmYS11bml2ZXJzaXR5XCIsIFwiZmlyc3RfdXJsXCI6IFwiL2luZm8vc2Nob29sL1wifSwge1widGl0bGVcIjogXCJcdTUxNWFcdTU0NThcdTY1NTlcdTgwYjJcIiwgXCJtZW51c1wiOiBbe1widGl0bGVcIjogXCJcdTRmMWFcdThiYWUvXHU2ZDNiXHU1MmE4XCIsIFwidXJsXCI6IFwiL3RlYWNoaW5nL2FjdGl2aXR5L1wiLCBcImljb25cIjogXCJmYSBmYS11c2Vyc1wiLCBcIm9yZGVyXCI6IDEwfSwge1widGl0bGVcIjogXCJcdTViNjZcdTY1ZjZcdTdlZGZcdThiYTFcIiwgXCJ1cmxcIjogXCIvdGVhY2hpbmcvdGFrZXBhcnRpbi9cIiwgXCJpY29uXCI6IFwiZmEgZmEtYmFyLWNoYXJ0XCIsIFwib3JkZXJcIjogMTF9XSwgXCJmaXJzdF9pY29uXCI6IFwiZmEgZmEtdXNlcnNcIiwgXCJmaXJzdF91cmxcIjogXCIvdGVhY2hpbmcvYWN0aXZpdHkvXCJ9LCB7XCJ0aXRsZVwiOiBcIlx1NzUyOFx1NjIzN1wiLCBcIm1lbnVzXCI6IFt7XCJ0aXRsZVwiOiBcIlx1NjIxMVx1NzY4NFx1OGQyNlx1NTNmN1wiLCBcInVybFwiOiBcIi91c2VyL3VzZXIvXCIsIFwiaWNvblwiOiBcImZhIGZhLXZjYXJkXCIsIFwib3JkZXJcIjogNX1dLCBcImZpcnN0X2ljb25cIjogXCJmYSBmYS12Y2FyZFwiLCBcImZpcnN0X3VybFwiOiBcIi91c2VyL3VzZXIvXCJ9XSIsIndpemFyZF9pbmZvbWVtYmVyX2FkbWluX3dpemFyZF9mb3JtX3BsdWdpbiI6eyJzdGVwIjoiXHU1N2ZhXHU2NzJjXHU0ZmUxXHU2MDZmIiwic3RlcF9kYXRhIjp7fSwic3RlcF9maWxlcyI6e30sImV4dHJhX2RhdGEiOnt9fSwiTElTVF9RVUVSWSI6W1siaW5mbyIsIm1lbWJlciJdLCIiXX0=','2019-03-03 16:56:37.561706'),('vx431lvv1sp73o5q7cpppqyisokahv00','YmFmMzcxMzRjMDdlODAzMWRlNjkxNmNlZTcwZjdlNTVhMWVjYjhhYjp7Il9hdXRoX3VzZXJfaWQiOiIxODM0MDA3NiIsIl9hdXRoX3VzZXJfYmFja2VuZCI6ImRqYW5nby5jb250cmliLmF1dGguYmFja2VuZHMuTW9kZWxCYWNrZW5kIiwiX2F1dGhfdXNlcl9oYXNoIjoiYWE1YjBmNWFlOWMyMWJkMzdjYjljNzRjZWU2OTg5ZjU0NTJjMDZlZiIsIm5hdl9tZW51IjoiW3tcInRpdGxlXCI6IFwiXHU1MTVhXHU1NDU4XHU1M2QxXHU1YzU1XCIsIFwibWVudXNcIjogW3tcInRpdGxlXCI6IFwiXHU2MjEwXHU1NDU4XHU0ZmUxXHU2MDZmXCIsIFwidXJsXCI6IFwiL2luZm8vbWVtYmVyL1wiLCBcImljb25cIjogXCJmYSBmYS1pbmZvXCIsIFwib3JkZXJcIjogOX1dLCBcImZpcnN0X2ljb25cIjogXCJmYSBmYS11bml2ZXJzaXR5XCIsIFwiZmlyc3RfdXJsXCI6IFwiL2luZm8vc2Nob29sL1wifSwge1widGl0bGVcIjogXCJcdTUxNWFcdTU0NThcdTY1NTlcdTgwYjJcIiwgXCJtZW51c1wiOiBbe1widGl0bGVcIjogXCJcdTRmMWFcdThiYWUvXHU2ZDNiXHU1MmE4XCIsIFwidXJsXCI6IFwiL3RlYWNoaW5nL2FjdGl2aXR5L1wiLCBcImljb25cIjogXCJmYSBmYS11c2Vyc1wiLCBcIm9yZGVyXCI6IDEwfSwge1widGl0bGVcIjogXCJcdTViNjZcdTY1ZjZcdTdlZGZcdThiYTFcIiwgXCJ1cmxcIjogXCIvdGVhY2hpbmcvdGFrZXBhcnRpbi9cIiwgXCJpY29uXCI6IFwiZmEgZmEtYmFyLWNoYXJ0XCIsIFwib3JkZXJcIjogMTF9XSwgXCJmaXJzdF9pY29uXCI6IFwiZmEgZmEtdXNlcnNcIiwgXCJmaXJzdF91cmxcIjogXCIvdGVhY2hpbmcvYWN0aXZpdHkvXCJ9LCB7XCJ0aXRsZVwiOiBcIlx1NzUyOFx1NjIzN1wiLCBcIm1lbnVzXCI6IFt7XCJ0aXRsZVwiOiBcIlx1NjIxMVx1NzY4NFx1OGQyNlx1NTNmN1wiLCBcInVybFwiOiBcIi91c2VyL3VzZXIvXCIsIFwiaWNvblwiOiBcImZhIGZhLXZjYXJkXCIsIFwib3JkZXJcIjogNX1dLCBcImZpcnN0X2ljb25cIjogXCJmYSBmYS12Y2FyZFwiLCBcImZpcnN0X3VybFwiOiBcIi91c2VyL3VzZXIvXCJ9XSIsIndpemFyZF9pbmZvbWVtYmVyX2FkbWluX3dpemFyZF9mb3JtX3BsdWdpbiI6eyJzdGVwIjoiXHU1N2ZhXHU2NzJjXHU0ZmUxXHU2MDZmIiwic3RlcF9kYXRhIjp7fSwic3RlcF9maWxlcyI6e30sImV4dHJhX2RhdGEiOnt9fSwiTElTVF9RVUVSWSI6W1sidXNlciIsInVzZXIiXSwiIl19','2019-03-04 21:14:53.668354'),('wgzml2ofpfp9lvdc2djgzjyfcuvlg8iv','ZDM1ZTk4M2E0ZjNlODA3YzA2NmRjNzgwYTliZmY5ZjcxZTU1MjMwYzp7Il9hdXRoX3VzZXJfaWQiOiIxNjMzNzA5NCIsIl9hdXRoX3VzZXJfYmFja2VuZCI6ImRqYW5nby5jb250cmliLmF1dGguYmFja2VuZHMuTW9kZWxCYWNrZW5kIiwiX2F1dGhfdXNlcl9oYXNoIjoiZjUwYjIzOGY5MWZkZjkxMGFkYWY4MGE3NTAwOGRiNWJhMDNiOTE0MSIsIm5hdl9tZW51IjoiW3tcInRpdGxlXCI6IFwiXHU1MTVhXHU1NDU4XHU1M2QxXHU1YzU1XCIsIFwibWVudXNcIjogW3tcInRpdGxlXCI6IFwiXHU2MjEwXHU1NDU4XHU0ZmUxXHU2MDZmXCIsIFwidXJsXCI6IFwiL2luZm8vbWVtYmVyL1wiLCBcImljb25cIjogXCJmYSBmYS1pbmZvXCIsIFwib3JkZXJcIjogOX1dLCBcImZpcnN0X2ljb25cIjogXCJmYSBmYS11bml2ZXJzaXR5XCIsIFwiZmlyc3RfdXJsXCI6IFwiL2luZm8vc2Nob29sL1wifSwge1widGl0bGVcIjogXCJcdTUxNWFcdTU0NThcdTY1NTlcdTgwYjJcIiwgXCJtZW51c1wiOiBbe1widGl0bGVcIjogXCJcdTRmMWFcdThiYWUvXHU2ZDNiXHU1MmE4XCIsIFwidXJsXCI6IFwiL3RlYWNoaW5nL2FjdGl2aXR5L1wiLCBcImljb25cIjogXCJmYSBmYS11c2Vyc1wiLCBcIm9yZGVyXCI6IDEwfSwge1widGl0bGVcIjogXCJcdTViNjZcdTY1ZjZcdTdlZGZcdThiYTFcIiwgXCJ1cmxcIjogXCIvdGVhY2hpbmcvdGFrZXBhcnRpbi9cIiwgXCJpY29uXCI6IFwiZmEgZmEtYmFyLWNoYXJ0XCIsIFwib3JkZXJcIjogMTF9XSwgXCJmaXJzdF9pY29uXCI6IFwiZmEgZmEtdXNlcnNcIiwgXCJmaXJzdF91cmxcIjogXCIvdGVhY2hpbmcvYWN0aXZpdHkvXCJ9LCB7XCJ0aXRsZVwiOiBcIlx1NzUyOFx1NjIzN1wiLCBcIm1lbnVzXCI6IFt7XCJ0aXRsZVwiOiBcIlx1NjIxMVx1NzY4NFx1OGQyNlx1NTNmN1wiLCBcInVybFwiOiBcIi91c2VyL3VzZXIvXCIsIFwiaWNvblwiOiBcImZhIGZhLXZjYXJkXCIsIFwib3JkZXJcIjogNX1dLCBcImZpcnN0X2ljb25cIjogXCJmYSBmYS12Y2FyZFwiLCBcImZpcnN0X3VybFwiOiBcIi91c2VyL3VzZXIvXCJ9XSIsIndpemFyZF9pbmZvbWVtYmVyX2FkbWluX3dpemFyZF9mb3JtX3BsdWdpbiI6eyJzdGVwIjoiXHU1N2ZhXHU2NzJjXHU0ZmUxXHU2MDZmIiwic3RlcF9kYXRhIjp7fSwic3RlcF9maWxlcyI6e30sImV4dHJhX2RhdGEiOnt9fSwiTElTVF9RVUVSWSI6W1siaW5mbyIsIm1lbWJlciJdLCIiXX0=','2019-03-03 17:50:36.486573'),('whukzvhypa3gyiqogvev9bqvr5ouid70','NTYzYzhiOTliMjZkMWIxZWYwYWM4YzEzNjhlZGY3NmQ5YTFkOTgyMDp7Il9hdXRoX3VzZXJfaWQiOiIxNjMzNzA5NCIsIl9hdXRoX3VzZXJfYmFja2VuZCI6ImRqYW5nby5jb250cmliLmF1dGguYmFja2VuZHMuTW9kZWxCYWNrZW5kIiwiX2F1dGhfdXNlcl9oYXNoIjoiZTJiMzdlZDEyNGU4ZDY5M2U0ZGUxYmEyNTc2NmRmY2JkZjNlYTRmYyIsIm5hdl9tZW51IjoiW3tcInRpdGxlXCI6IFwiXHU1MTVhXHU1NDU4XHU1M2QxXHU1YzU1XCIsIFwibWVudXNcIjogW3tcInRpdGxlXCI6IFwiXHU2MjEwXHU1NDU4XHU0ZmUxXHU2MDZmXCIsIFwidXJsXCI6IFwiL2luZm8vbWVtYmVyL1wiLCBcImljb25cIjogXCJmYSBmYS1pbmZvXCIsIFwib3JkZXJcIjogOH1dLCBcImZpcnN0X2ljb25cIjogXCJmYSBmYS11bml2ZXJzaXR5XCIsIFwiZmlyc3RfdXJsXCI6IFwiL2luZm8vc2Nob29sL1wifSwge1widGl0bGVcIjogXCJcdTUxNWFcdTU0NThcdTY1NTlcdTgwYjJcIiwgXCJtZW51c1wiOiBbe1widGl0bGVcIjogXCJcdTRmMWFcdThiYWUvXHU2ZDNiXHU1MmE4XCIsIFwidXJsXCI6IFwiL3RlYWNoaW5nL2FjdGl2aXR5L1wiLCBcImljb25cIjogXCJmYSBmYS11c2Vyc1wiLCBcIm9yZGVyXCI6IDEwfSwge1widGl0bGVcIjogXCJcdTViNjZcdTY1ZjZcdTdlZGZcdThiYTFcIiwgXCJ1cmxcIjogXCIvdGVhY2hpbmcvdGFrZXBhcnRpbi9cIiwgXCJpY29uXCI6IFwiZmEgZmEtYmFyLWNoYXJ0XCIsIFwib3JkZXJcIjogMTF9XSwgXCJmaXJzdF9pY29uXCI6IFwiZmEgZmEtdXNlcnNcIiwgXCJmaXJzdF91cmxcIjogXCIvdGVhY2hpbmcvYWN0aXZpdHkvXCJ9LCB7XCJ0aXRsZVwiOiBcIlx1NzUyOFx1NjIzN1wiLCBcIm1lbnVzXCI6IFt7XCJ0aXRsZVwiOiBcIlx1NjIxMVx1NzY4NFx1OGQyNlx1NTNmN1wiLCBcInVybFwiOiBcIi91c2VyL3VzZXIvXCIsIFwiaWNvblwiOiBcImZhIGZhLXZjYXJkXCIsIFwib3JkZXJcIjogNX1dLCBcImZpcnN0X2ljb25cIjogXCJmYSBmYS12Y2FyZFwiLCBcImZpcnN0X3VybFwiOiBcIi91c2VyL3VzZXIvXCJ9XSIsIkxJU1RfUVVFUlkiOltbInRlYWNoaW5nIiwidGFrZXBhcnRpbiJdLCIiXX0=','2019-03-13 21:13:08.518357'),('y7ssnqjlqkyhr8tef375adjd7lbh7kx9','OWFkNDk0NjYxZGMyNTIxOTljZWQ5ZDYwNzlmNDBhZDViOTUyNGNmNzp7Il9hdXRoX3VzZXJfaWQiOiIxNjMzNzExMyIsIl9hdXRoX3VzZXJfYmFja2VuZCI6ImRqYW5nby5jb250cmliLmF1dGguYmFja2VuZHMuTW9kZWxCYWNrZW5kIiwiX2F1dGhfdXNlcl9oYXNoIjoiZmY1Y2RjMGRjOTQxM2MzYmQyNzZhMDg2N2Q0YzBkMzFmNmI4ZGNkOSIsIm5hdl9tZW51IjoiW3tcInRpdGxlXCI6IFwiXHU1MTVhXHU1NDU4XHU1M2QxXHU1YzU1XCIsIFwibWVudXNcIjogW3tcInRpdGxlXCI6IFwiXHU1MTVhXHU2NTJmXHU5MGU4XCIsIFwidXJsXCI6IFwiL2luZm8vYnJhbmNoL1wiLCBcImljb25cIjogXCJmYSBmYS11c2VyXCIsIFwib3JkZXJcIjogN30sIHtcInRpdGxlXCI6IFwiXHU2MjEwXHU1NDU4XHU0ZmUxXHU2MDZmXCIsIFwidXJsXCI6IFwiL2luZm8vbWVtYmVyL1wiLCBcImljb25cIjogXCJmYSBmYS1pbmZvXCIsIFwib3JkZXJcIjogOH0sIHtcInRpdGxlXCI6IFwiXHU1M2QxXHU1YzU1XHU2ZDQxXHU3YTBiXHU0ZjlkXHU4ZDU2XCIsIFwidXJsXCI6IFwiL2luZm8vZGVwZW5kZW5jeS9cIiwgXCJpY29uXCI6IG51bGwsIFwib3JkZXJcIjogOX1dLCBcImZpcnN0X2ljb25cIjogXCJmYSBmYS11bml2ZXJzaXR5XCIsIFwiZmlyc3RfdXJsXCI6IFwiL2luZm8vc2Nob29sL1wifSwge1widGl0bGVcIjogXCJcdTUxNWFcdTU0NThcdTY1NTlcdTgwYjJcIiwgXCJtZW51c1wiOiBbe1widGl0bGVcIjogXCJcdTRmMWFcdThiYWUvXHU2ZDNiXHU1MmE4XCIsIFwidXJsXCI6IFwiL3RlYWNoaW5nL2FjdGl2aXR5L1wiLCBcImljb25cIjogXCJmYSBmYS11c2Vyc1wiLCBcIm9yZGVyXCI6IDEwfSwge1widGl0bGVcIjogXCJcdTViNjZcdTY1ZjZcdTdlZGZcdThiYTFcIiwgXCJ1cmxcIjogXCIvdGVhY2hpbmcvdGFrZXBhcnRpbi9cIiwgXCJpY29uXCI6IFwiZmEgZmEtYmFyLWNoYXJ0XCIsIFwib3JkZXJcIjogMTF9LCB7XCJ0aXRsZVwiOiBcIlx1NWI2Nlx1NGU2MFx1NjI1M1x1NTM2MVwiLCBcInVybFwiOiBcIi90ZWFjaGluZy9zaGFyaW5nL1wiLCBcImljb25cIjogbnVsbCwgXCJvcmRlclwiOiAxMn1dLCBcImZpcnN0X2ljb25cIjogXCJmYSBmYS11c2Vyc1wiLCBcImZpcnN0X3VybFwiOiBcIi90ZWFjaGluZy9hY3Rpdml0eS9cIn0sIHtcInRpdGxlXCI6IFwiXHU3NTI4XHU2MjM3XCIsIFwibWVudXNcIjogW3tcInRpdGxlXCI6IFwiXHU2MjExXHU3Njg0XHU4ZDI2XHU1M2Y3XCIsIFwidXJsXCI6IFwiL3VzZXIvdXNlci9cIiwgXCJpY29uXCI6IFwiZmEgZmEtdmNhcmRcIiwgXCJvcmRlclwiOiA1fV0sIFwiZmlyc3RfaWNvblwiOiBcImZhIGZhLXZjYXJkXCIsIFwiZmlyc3RfdXJsXCI6IFwiL3VzZXIvdXNlci9cIn1dIiwiTElTVF9RVUVSWSI6W1sidGVhY2hpbmciLCJ0YWtlcGFydGluIl0sIiJdfQ==','2019-03-18 17:07:09.906247'),('zvz7gwzymmh2eod8k9xlhwg7t67flujf','ZWE3YjBlMTA2NzNmMzY0MmJkMjkyMTFiZjcxMmRmNzU5ODIwNDMzOTp7Il9hdXRoX3VzZXJfaWQiOiIxNjMzNzE3NCIsIl9hdXRoX3VzZXJfYmFja2VuZCI6ImRqYW5nby5jb250cmliLmF1dGguYmFja2VuZHMuTW9kZWxCYWNrZW5kIiwiX2F1dGhfdXNlcl9oYXNoIjoiNWM5MjAyNmEwMTcyZWJmZGMzYmI2M2E3YjRhZTk0YjJjMmE0MThiMyIsIkxJU1RfUVVFUlkiOltbImluZm8iLCJtZW1iZXIiXSwiIl19','2019-03-12 19:08:58.864201');
/*!40000 ALTER TABLE `django_session` ENABLE KEYS */;
UNLOCK TABLES;

--
-- Table structure for table `info_application`
--

DROP TABLE IF EXISTS `info_application`;
/*!40101 SET @saved_cs_client     = @@character_set_client */;
/*!40101 SET character_set_client = utf8 */;
CREATE TABLE `info_application` (
  `id` int(11) NOT NULL AUTO_INCREMENT,
  `netid` int(11) NOT NULL,
  `application_type` varchar(20) NOT NULL,
  PRIMARY KEY (`id`)
) ENGINE=InnoDB DEFAULT CHARSET=utf8;
/*!40101 SET character_set_client = @saved_cs_client */;

--
-- Dumping data for table `info_application`
--

LOCK TABLES `info_application` WRITE;
/*!40000 ALTER TABLE `info_application` DISABLE KEYS */;
/*!40000 ALTER TABLE `info_application` ENABLE KEYS */;
UNLOCK TABLES;

--
-- Table structure for table `info_branch`
--

DROP TABLE IF EXISTS `info_branch`;
/*!40101 SET @saved_cs_client     = @@character_set_client */;
/*!40101 SET character_set_client = utf8 */;
CREATE TABLE `info_branch` (
  `id` int(11) NOT NULL AUTO_INCREMENT,
  `branch_name` varchar(50) NOT NULL,
  `date_create` date DEFAULT NULL,
  `school_id` int(11) NOT NULL,
  PRIMARY KEY (`id`),
  KEY `info_branch_school_id_a22b8f0c_fk_info_school_id` (`school_id`),
  CONSTRAINT `info_branch_school_id_a22b8f0c_fk_info_school_id` FOREIGN KEY (`school_id`) REFERENCES `info_school` (`id`)
) ENGINE=InnoDB AUTO_INCREMENT=4 DEFAULT CHARSET=utf8;
/*!40101 SET character_set_client = @saved_cs_client */;

--
-- Dumping data for table `info_branch`
--

LOCK TABLES `info_branch` WRITE;
/*!40000 ALTER TABLE `info_branch` DISABLE KEYS */;
INSERT INTO `info_branch` VALUES (1,'计算机本科生第二党支部',NULL,1),(2,'保密党支部',NULL,1),(3,'计算机本科生第三党支部',NULL,1);
/*!40000 ALTER TABLE `info_branch` ENABLE KEYS */;
UNLOCK TABLES;

--
-- Table structure for table `info_dependency`
--

DROP TABLE IF EXISTS `info_dependency`;
/*!40101 SET @saved_cs_client     = @@character_set_client */;
/*!40101 SET character_set_client = utf8 */;
CREATE TABLE `info_dependency` (
  `id` int(11) NOT NULL AUTO_INCREMENT,
  `from_1` varchar(50) NOT NULL,
  `to` varchar(50) NOT NULL,
  `days` int(11) NOT NULL,
  PRIMARY KEY (`id`),
  UNIQUE KEY `info_dependency_from_1_to_07a0d4eb_uniq` (`from_1`,`to`)
) ENGINE=InnoDB AUTO_INCREMENT=10 DEFAULT CHARSET=utf8;
/*!40101 SET character_set_client = @saved_cs_client */;

--
-- Dumping data for table `info_dependency`
--

LOCK TABLES `info_dependency` WRITE;
/*!40000 ALTER TABLE `info_dependency` DISABLE KEYS */;
INSERT INTO `info_dependency` VALUES (2,'birth_date','application_date',6570),(3,'application_date','activist_date',180),(4,'activist_date','key_develop_person_date',365),(5,'league_promotion_date','democratic_appraisal_date',1),(6,'democratic_appraisal_date','key_develop_person_date',1),(7,'key_develop_person_date','first_branch_conference',90),(8,'first_branch_conference','second_branch_conference',365),(9,'application_fullmember_date','second_branch_conference',60);
/*!40000 ALTER TABLE `info_dependency` ENABLE KEYS */;
UNLOCK TABLES;

--
-- Table structure for table `info_member`
--

DROP TABLE IF EXISTS `info_member`;
/*!40101 SET @saved_cs_client     = @@character_set_client */;
/*!40101 SET character_set_client = utf8 */;
CREATE TABLE `info_member` (
  `netid` int(11) NOT NULL,
  `name` varchar(20) NOT NULL,
  `birth_date` date DEFAULT NULL,
  `gender` varchar(1) DEFAULT NULL,
  `group` varchar(20) DEFAULT NULL,
  `family_address` varchar(50) DEFAULT NULL,
  `phone_number` varchar(128) DEFAULT NULL,
  `major_in` varchar(30) DEFAULT NULL,
  `youth_league_date` date DEFAULT NULL,
  `constitution_group_date` date DEFAULT NULL,
  `application_date` date DEFAULT NULL,
  `first_talk_date` date DEFAULT NULL,
  `league_promotion_date_a` date DEFAULT NULL,
  `activist_date` date DEFAULT NULL,
  `contacts` varchar(50) DEFAULT NULL,
  `democratic_appraisal_date` date DEFAULT NULL,
  `league_promotion_date` date DEFAULT NULL,
  `key_develop_person_date` date DEFAULT NULL,
  `recommenders_date` date DEFAULT NULL,
  `recommenders` varchar(50) DEFAULT NULL,
  `political_check_date` date DEFAULT NULL,
  `graduated_party_school_date` date DEFAULT NULL,
  `autobiography_date` date DEFAULT NULL,
  `application_form_date` date DEFAULT NULL,
  `first_branch_conference` date DEFAULT NULL,
  `pro_conversation_date` date DEFAULT NULL,
  `talker` varchar(50) DEFAULT NULL,
  `probationary_approval_date` date DEFAULT NULL,
  `oach_date` date DEFAULT NULL,
  `application_fullmember_date` date DEFAULT NULL,
  `second_branch_conference` date DEFAULT NULL,
  `fullmember_approval_date` date DEFAULT NULL,
  `branch_id` int(11) NOT NULL,
  PRIMARY KEY (`netid`),
  KEY `info_member_branch_id_90c6294a_fk_info_branch_id` (`branch_id`),
  KEY `info_member_name_0c14d67c` (`name`),
  CONSTRAINT `info_member_branch_id_90c6294a_fk_info_branch_id` FOREIGN KEY (`branch_id`) REFERENCES `info_branch` (`id`)
) ENGINE=InnoDB DEFAULT CHARSET=utf8;
/*!40101 SET character_set_client = @saved_cs_client */;

--
-- Dumping data for table `info_member`
--

LOCK TABLES `info_member` WRITE;
/*!40000 ALTER TABLE `info_member` DISABLE KEYS */;
INSERT INTO `info_member` VALUES (15331331,'邢宇静',NULL,'男','','','','',NULL,NULL,NULL,NULL,NULL,NULL,NULL,NULL,NULL,NULL,NULL,'',NULL,NULL,NULL,NULL,NULL,NULL,'',NULL,NULL,NULL,NULL,NULL,2),(15331332,'冯心怡',NULL,'男','','','','',NULL,NULL,NULL,NULL,NULL,NULL,NULL,NULL,NULL,NULL,NULL,'',NULL,NULL,NULL,NULL,NULL,NULL,'',NULL,NULL,NULL,NULL,NULL,2),(15331333,'卢明-',NULL,'男','','','','',NULL,NULL,NULL,NULL,NULL,NULL,NULL,NULL,NULL,NULL,NULL,'',NULL,NULL,NULL,NULL,NULL,NULL,'',NULL,NULL,NULL,NULL,NULL,2),(15331334,'张少帅',NULL,'男','','','','',NULL,NULL,NULL,NULL,NULL,NULL,NULL,NULL,NULL,NULL,NULL,'',NULL,NULL,NULL,NULL,NULL,NULL,'',NULL,NULL,NULL,NULL,NULL,2),(15331335,'张桐瑞',NULL,'男','','','','',NULL,NULL,NULL,NULL,NULL,NULL,NULL,NULL,NULL,NULL,NULL,'',NULL,NULL,NULL,NULL,NULL,NULL,'',NULL,NULL,NULL,NULL,NULL,2),(15331336,'陈王',NULL,'男','','','','',NULL,NULL,NULL,NULL,NULL,NULL,NULL,NULL,NULL,NULL,NULL,'',NULL,NULL,NULL,NULL,NULL,NULL,'',NULL,NULL,NULL,NULL,NULL,2),(15331337,'杨丽君',NULL,'男','','','','',NULL,NULL,NULL,NULL,NULL,NULL,NULL,NULL,NULL,NULL,NULL,'',NULL,NULL,NULL,NULL,NULL,NULL,'',NULL,NULL,NULL,NULL,NULL,2),(15331338,'朱高洁',NULL,'男','','','','',NULL,NULL,NULL,NULL,NULL,NULL,NULL,NULL,NULL,NULL,NULL,'',NULL,NULL,NULL,NULL,NULL,NULL,'',NULL,NULL,NULL,NULL,NULL,2),(15331339,'卢嘉嘉',NULL,'男','','','','',NULL,NULL,NULL,NULL,NULL,NULL,NULL,NULL,NULL,NULL,NULL,'',NULL,NULL,NULL,NULL,NULL,NULL,'',NULL,NULL,NULL,NULL,NULL,2),(15336095,'梁沛霖','1997-05-27','男','汉','广州市荔湾区360号2203','+8613435644823','计算机科学与技术','2010-09-01','2016-10-20','2016-10-23',NULL,NULL,'2017-09-16',NULL,'2018-09-18','2018-09-12','2018-09-22','2018-12-23','劳马东 柯司博','2018-09-22','2018-11-10','2018-12-21','2018-12-22','2018-12-22','2019-03-04','黄玲娟',NULL,NULL,NULL,NULL,NULL,1),(15336101,'林建涛','1996-09-06','男','汉','','','计算机类',NULL,NULL,'2016-10-21',NULL,NULL,'2017-09-16',NULL,'2018-09-18','2018-09-12','2018-09-22',NULL,'','2018-09-22','2018-11-10',NULL,NULL,NULL,NULL,'',NULL,NULL,NULL,NULL,NULL,1),(15336102,'林民钊','1997-06-25','男','汉','中山市小榄镇宝丰村怡生路11号','+8615521090568','计算机类','2011-06-09','2015-10-10','2015-11-29',NULL,NULL,'2016-09-24',NULL,'2018-03-16','2018-03-14','2018-03-17','2018-12-22','劳马东 柯司博','2018-03-17','2018-11-10','2018-12-21','2018-12-22','2018-12-23',NULL,'',NULL,NULL,NULL,NULL,NULL,1),(15336117,'刘展宏','1997-08-28','男','汉','','','计算机类',NULL,NULL,'2015-10-10',NULL,NULL,'2016-09-24',NULL,'2018-03-16','2018-03-14','2018-03-17','2018-06-04','劳马东 柯司博','2018-03-17','2018-05-12',NULL,NULL,'2018-06-04','2018-06-12','胡凤娟','2018-06-27','2018-06-12',NULL,NULL,NULL,1),(15336121,'陆剑','1997-04-18','男','汉','','','计算机类',NULL,NULL,'2015-11-30',NULL,NULL,'2016-09-24',NULL,'2018-03-16','2018-03-14','2018-03-17',NULL,'','2018-03-17','2018-11-10',NULL,NULL,NULL,NULL,'',NULL,NULL,NULL,NULL,NULL,1),(15336141,'彭博东','1996-12-24','男','汉','广东省汕头市澄海区莲上镇','+8613719320736','计算机类','2010-06-01','2015-09-19','2015-09-28',NULL,NULL,'2016-09-24',NULL,'2018-03-16','2018-03-14','2018-03-17','2018-06-04','劳马东 柯司博','2018-03-17','2018-05-12',NULL,NULL,'2018-06-04','2018-06-12','胡凤娟','2018-06-27','2018-06-12',NULL,NULL,NULL,1),(16337071,'郭如意','1998-01-09','女','汉','浙江省台州市仙居县','+8615626210493','信息安全',NULL,'2016-10-13','2016-10-14',NULL,NULL,'2017-09-16',NULL,'2018-09-18','2018-09-12','2018-09-22','2018-12-22','劳马东 柯司博','2018-09-22','2018-11-10','2018-12-21','2018-12-22','2018-12-23',NULL,'',NULL,NULL,NULL,NULL,NULL,1),(16337094,'黄凯欢','1997-12-19','男','汉','广东省梅州市兴宁市坭陂镇新岭村田心黄屋9号','+8618420245926','计算机类',NULL,'2016-10-10','2017-03-02',NULL,NULL,'2018-03-17',NULL,NULL,NULL,NULL,NULL,'',NULL,NULL,NULL,NULL,NULL,NULL,'',NULL,NULL,NULL,NULL,NULL,1),(16337098,'黄义凯','1997-10-25','男','汉','广东省高州市','+8615902013537','计算机类','2010-10-01','2016-10-20','2016-10-25',NULL,NULL,'2017-09-16',NULL,'2018-09-18','2018-09-12','2018-09-22',NULL,'','2018-09-22','2018-11-10',NULL,NULL,NULL,NULL,'',NULL,NULL,NULL,NULL,NULL,1),(16337099,'黄亦安','1997-08-05','男','汉','广东省云浮市罗定市黎少镇田心村236号','+8615902015001','计算机类','2011-11-11','2016-10-10','2017-02-28',NULL,NULL,'2018-03-17',NULL,NULL,NULL,NULL,NULL,'',NULL,NULL,NULL,NULL,NULL,NULL,'',NULL,NULL,NULL,NULL,NULL,1),(16337106,'解锐','1998-12-13','男','汉','重庆市云阳县双江镇莲花一街38号','+8615626225228','计算机类','2013-03-16','2016-10-10','2017-04-07',NULL,NULL,'2018-03-17',NULL,NULL,NULL,NULL,NULL,'',NULL,NULL,NULL,NULL,NULL,NULL,'',NULL,NULL,NULL,NULL,NULL,1),(16337108,'金牧','1998-08-18','女','汉','安徽省合肥市肥西镇禹洲天境三期荷园','+8615989003076','计算机科学与技术','2011-11-10','2016-10-25','2016-10-31',NULL,NULL,'2017-09-16',NULL,'2018-09-18','2018-09-12','2018-09-22','2018-12-22','劳马东 柯司博','2018-09-22','2018-11-10','2018-12-21','2018-12-22','2018-12-23','2019-03-04','王甲海',NULL,NULL,NULL,NULL,NULL,1),(16337109,'柯司博','1996-12-24','男','汉','广东省高州市南新路317号北楼404房','+8615626403016','计算机科学与技术超级计算方向',NULL,'2016-09-01','2015-03-01',NULL,NULL,'2015-03-10',NULL,'2016-03-14','2015-03-08','2016-03-15','2016-03-20','徐亦春 范瑞莲','2016-03-15','2016-03-16',NULL,NULL,'2016-03-21','2016-03-29','莫宇贵','2016-03-31','2016-06-02','2017-03-14','2017-04-23','2017-05-24',1),(16337112,'兰楠','1999-10-14','女','汉','云南省镇雄县商业城4-4-401','+8615002037997','信息安全',NULL,'2017-10-15','2017-10-24',NULL,NULL,'2018-09-22',NULL,NULL,NULL,NULL,NULL,'',NULL,NULL,NULL,NULL,NULL,NULL,'',NULL,NULL,NULL,NULL,NULL,1),(16337113,'劳马东','1997-02-14','男','汉','广东省湛江市遂溪县杨柑镇下山仔村41号','+8617875971360','计算机科学与技术（超算方向）',NULL,'2016-09-01','2015-02-19','2015-03-04',NULL,'2015-03-08',NULL,'2015-04-01','2015-04-01','2016-03-01','2016-03-10','陈成文 郑康明','2016-03-01','2016-03-10',NULL,NULL,'2016-04-05','2016-04-10','骆国丰','2016-04-20','2016-06-24','2017-03-25','2017-04-23','2017-05-24',1),(16337129,'李智源','1997-07-15','男','汉','河南洛阳偃师岳滩镇黄大王庙村','+8617665439866','计算机科学与技术','2010-10-17','2016-10-11','2018-03-03',NULL,NULL,'2018-09-22',NULL,NULL,NULL,NULL,NULL,'',NULL,NULL,NULL,NULL,NULL,NULL,'',NULL,NULL,NULL,NULL,NULL,1),(16337154,'刘海','1997-09-20','男','汉','珠海市香洲区人民西路291号苑','','计算机类','2010-09-25','2016-10-19','2017-10-10',NULL,NULL,'2018-09-22',NULL,NULL,NULL,NULL,NULL,'',NULL,NULL,NULL,NULL,NULL,NULL,'',NULL,NULL,NULL,NULL,NULL,1),(16337171,'罗俊伟','1998-01-28','男','汉','广东省深圳市观澜新塘村乐新大厦901','+8615626403205','信息安全','2011-11-01','2018-11-24',NULL,NULL,NULL,NULL,NULL,NULL,NULL,NULL,NULL,'',NULL,NULL,NULL,NULL,NULL,NULL,'',NULL,NULL,NULL,NULL,NULL,1),(16337174,'吕高雅馨','1998-03-10','女','汉','','+8613246802310','智能科学与技术','2009-05-04','2019-02-26','2019-02-26',NULL,NULL,NULL,NULL,NULL,NULL,NULL,NULL,'',NULL,NULL,NULL,NULL,NULL,NULL,'',NULL,NULL,NULL,NULL,NULL,1),(16337191,'潘春燕','1998-03-15','女','汉','贵州省遵义市红花岗区外环路','+8615626281565','信息安全',NULL,'2018-11-18','2018-11-26',NULL,NULL,NULL,NULL,NULL,NULL,NULL,NULL,'',NULL,NULL,NULL,NULL,NULL,NULL,'',NULL,NULL,NULL,NULL,NULL,1),(17341061,'黄勇','1997-11-01','男','汉','陕西省商洛市山阳县漫川关镇李家坪村红星组','+8613242870462','计算机类',NULL,'2017-10-20','2016-01-18',NULL,NULL,'2016-02-28',NULL,'2017-03-08','2017-03-08','2017-03-14','2017-05-18','汪绍银 席永红','2017-03-14','2017-05-18',NULL,NULL,'2017-05-19','2017-05-25','席永红','2017-06-20','2017-06-30','2018-05-03','2018-07-18','2020-06-27',1),(17341073,'蓝靖瑜','1999-01-22','男','汉','广东省东莞市虎门镇丰泰华园山庄9栋5D','+8615626261384','计算机类','2013-02-15','2017-09-01','2017-12-22',NULL,NULL,'2018-09-22',NULL,NULL,NULL,NULL,NULL,'',NULL,NULL,NULL,NULL,NULL,NULL,'',NULL,NULL,NULL,NULL,NULL,1),(17341074,'蓝煜航','1999-09-06','男','畲','福建省上杭县民兴路七巷11号','+8613246863236','信息安全','2011-05-04','2017-11-20','2018-03-16',NULL,NULL,'2018-09-22',NULL,NULL,NULL,NULL,NULL,'',NULL,NULL,NULL,NULL,NULL,NULL,'',NULL,NULL,NULL,NULL,NULL,1),(17341095,'廖德洋','1997-10-27','男','汉族','','','计算机类',NULL,'2017-10-20','2018-03-21',NULL,NULL,'2018-09-22',NULL,NULL,NULL,NULL,NULL,'',NULL,NULL,NULL,NULL,NULL,NULL,'',NULL,NULL,NULL,NULL,NULL,1),(17341096,'廖浩淳','1999-08-27','男','汉族','广东省深圳市龙岗区南湾街道南晶小区二栋1609','+8613510088509','计算机类','2013-05-04','2017-10-20','2018-03-21',NULL,NULL,'2018-09-22',NULL,NULL,NULL,NULL,NULL,'',NULL,NULL,NULL,NULL,NULL,NULL,'',NULL,NULL,NULL,NULL,NULL,1),(17341097,'廖永滨','1999-02-05','男','汉族','广东省汕头市潮南区司马浦镇司下五村渠东6号','+8613825811770','计算机类','2013-03-01','2017-10-20','2018-03-21',NULL,NULL,'2018-09-22',NULL,NULL,NULL,NULL,NULL,'',NULL,NULL,NULL,NULL,NULL,NULL,'',NULL,NULL,NULL,NULL,NULL,1),(17341099,'廖泽祥','1998-08-26','男','汉族','汕头市潮阳区贵屿镇下陇村泰安路1号','','计算机类',NULL,'2017-10-20','2018-03-21',NULL,NULL,'2018-09-22',NULL,NULL,NULL,NULL,NULL,'',NULL,NULL,NULL,NULL,NULL,NULL,'',NULL,NULL,NULL,NULL,NULL,1),(17341105,'刘晨飞','1999-12-01','男','汉','黑龙江省牡丹江市新港小区','+8615013045485','计算机类',NULL,'2017-10-20','2018-03-21',NULL,NULL,'2018-09-22',NULL,NULL,NULL,NULL,NULL,'',NULL,NULL,NULL,NULL,NULL,NULL,'',NULL,NULL,NULL,NULL,NULL,1),(17341114,'刘雨萱','1999-07-22','女','汉族','河北省唐山市路北区幸福花园','+8613242870068','信息安全','2012-12-09','2018-03-21','2018-03-21',NULL,NULL,'2018-09-22',NULL,NULL,NULL,NULL,NULL,'',NULL,NULL,NULL,NULL,NULL,NULL,'',NULL,NULL,NULL,NULL,NULL,1),(17341117,'卢曼宁','1999-06-29','女','汉','广西南宁市纬武路区直机关干休所','+8613977188261','计算机类','2014-12-01','2018-03-27','2018-03-27',NULL,NULL,NULL,NULL,NULL,NULL,NULL,NULL,'',NULL,NULL,NULL,NULL,NULL,NULL,'',NULL,NULL,NULL,NULL,NULL,1),(18340060,'黄涵','1999-08-18','男','汉','湖北省来凤县旧司镇都司村4组17号','+8615172834322','计算机类','2015-05-04','2018-10-19','2018-12-25',NULL,NULL,NULL,NULL,NULL,NULL,NULL,NULL,'',NULL,NULL,NULL,NULL,NULL,NULL,'',NULL,NULL,NULL,NULL,NULL,1),(18340069,'黄轩腾','2000-08-15','男','汉','福建省漳州市芗城区国道南上街农业银行304','+8615059633159','计算机类','2013-11-01','2018-10-19','2018-10-10',NULL,NULL,NULL,NULL,NULL,NULL,NULL,NULL,'',NULL,NULL,NULL,NULL,NULL,NULL,'',NULL,NULL,NULL,NULL,NULL,1),(18340075,'黄卓燊','1999-10-03','男','汉','广州市番禺区市桥大北路康富花园业兴大厦3座301','+8613286836183','计算机类','2014-01-19','2018-10-19','2018-10-12',NULL,NULL,NULL,NULL,NULL,NULL,NULL,NULL,'',NULL,NULL,NULL,NULL,NULL,NULL,'',NULL,NULL,NULL,NULL,NULL,1),(18340076,'黄子聿','2000-02-13','男','汉','广州市黄埔区越秀岭南山畔6栋3103','+8613660101182','计算机类',NULL,'2018-10-19','2018-10-10',NULL,NULL,NULL,NULL,NULL,NULL,NULL,NULL,'',NULL,NULL,NULL,NULL,NULL,NULL,'',NULL,NULL,NULL,NULL,NULL,1);
/*!40000 ALTER TABLE `info_member` ENABLE KEYS */;
UNLOCK TABLES;

--
-- Table structure for table `info_school`
--

DROP TABLE IF EXISTS `info_school`;
/*!40101 SET @saved_cs_client     = @@character_set_client */;
/*!40101 SET character_set_client = utf8 */;
CREATE TABLE `info_school` (
  `id` int(11) NOT NULL AUTO_INCREMENT,
  `name` varchar(50) NOT NULL,
  PRIMARY KEY (`id`),
  UNIQUE KEY `name` (`name`)
) ENGINE=InnoDB AUTO_INCREMENT=2 DEFAULT CHARSET=utf8;
/*!40101 SET character_set_client = @saved_cs_client */;

--
-- Dumping data for table `info_school`
--

LOCK TABLES `info_school` WRITE;
/*!40000 ALTER TABLE `info_school` DISABLE KEYS */;
INSERT INTO `info_school` VALUES (1,'数据科学与计算机学院');
/*!40000 ALTER TABLE `info_school` ENABLE KEYS */;
UNLOCK TABLES;

--
-- Table structure for table `teaching_activity`
--

DROP TABLE IF EXISTS `teaching_activity`;
/*!40101 SET @saved_cs_client     = @@character_set_client */;
/*!40101 SET character_set_client = utf8 */;
CREATE TABLE `teaching_activity` (
  `id` int(11) NOT NULL AUTO_INCREMENT,
  `name` varchar(100) NOT NULL,
  `date` datetime(6) NOT NULL,
  `end_time` datetime(6) NOT NULL,
  `credit` double NOT NULL,
  `visualable_others` tinyint(1) NOT NULL,
  `atv_type` varchar(10) NOT NULL,
  `cascade` tinyint(1) NOT NULL,
  PRIMARY KEY (`id`),
  UNIQUE KEY `teaching_activity_name_date_8b93b872_uniq` (`name`,`date`)
) ENGINE=InnoDB AUTO_INCREMENT=11 DEFAULT CHARSET=utf8;
/*!40101 SET character_set_client = @saved_cs_client */;

--
-- Dumping data for table `teaching_activity`
--

LOCK TABLES `teaching_activity` WRITE;
/*!40000 ALTER TABLE `teaching_activity` DISABLE KEYS */;
INSERT INTO `teaching_activity` VALUES (1,'组织生活会','2019-01-03 20:00:00.000000','2019-01-03 20:40:00.000000',1,0,'集中学习',1),(4,'学习强国APP学习','2019-02-26 00:00:00.000000','2019-02-28 23:59:00.000000',0.1,0,'个人自学',0),(6,'组织生活会','2019-02-27 21:00:00.000000','2019-02-27 22:00:00.000000',1,0,'集中学习',0),(8,'学习强国APP学习','2019-03-01 00:00:00.000000','2019-05-31 23:59:00.000000',0.2,0,'个人自学',0),(9,'习近平三十讲','2019-03-04 00:00:00.000000','2019-03-31 23:59:00.000000',0.5,0,'个人自学',0),(10,'《形式与政策》讲座','2019-03-05 14:00:00.000000','2019-03-05 16:00:00.000000',2,0,'集中教育',1);
/*!40000 ALTER TABLE `teaching_activity` ENABLE KEYS */;
UNLOCK TABLES;

--
-- Table structure for table `teaching_activity_branch`
--

DROP TABLE IF EXISTS `teaching_activity_branch`;
/*!40101 SET @saved_cs_client     = @@character_set_client */;
/*!40101 SET character_set_client = utf8 */;
CREATE TABLE `teaching_activity_branch` (
  `id` int(11) NOT NULL AUTO_INCREMENT,
  `activity_id` int(11) NOT NULL,
  `branch_id` int(11) NOT NULL,
  PRIMARY KEY (`id`),
  UNIQUE KEY `teaching_activity_branch_activity_id_branch_id_ac2e2548_uniq` (`activity_id`,`branch_id`),
  KEY `teaching_activity_branch_branch_id_f5603176_fk_info_branch_id` (`branch_id`),
  CONSTRAINT `teaching_activity_br_activity_id_f5ddd2e9_fk_teaching_` FOREIGN KEY (`activity_id`) REFERENCES `teaching_activity` (`id`),
  CONSTRAINT `teaching_activity_branch_branch_id_f5603176_fk_info_branch_id` FOREIGN KEY (`branch_id`) REFERENCES `info_branch` (`id`)
) ENGINE=InnoDB AUTO_INCREMENT=11 DEFAULT CHARSET=utf8;
/*!40101 SET character_set_client = @saved_cs_client */;

--
-- Dumping data for table `teaching_activity_branch`
--

LOCK TABLES `teaching_activity_branch` WRITE;
/*!40000 ALTER TABLE `teaching_activity_branch` DISABLE KEYS */;
INSERT INTO `teaching_activity_branch` VALUES (1,1,1),(4,4,1),(6,6,1),(8,8,1),(9,9,1),(10,10,1);
/*!40000 ALTER TABLE `teaching_activity_branch` ENABLE KEYS */;
UNLOCK TABLES;

--
-- Table structure for table `teaching_sharing`
--

DROP TABLE IF EXISTS `teaching_sharing`;
/*!40101 SET @saved_cs_client     = @@character_set_client */;
/*!40101 SET character_set_client = utf8 */;
CREATE TABLE `teaching_sharing` (
  `id` int(11) NOT NULL AUTO_INCREMENT,
  `when` datetime(6) NOT NULL,
  `title` varchar(100) DEFAULT NULL,
  `impression` varchar(255) DEFAULT NULL,
  `added` tinyint(1) NOT NULL,
  `member_id` int(11) NOT NULL,
  PRIMARY KEY (`id`),
  UNIQUE KEY `teaching_sharing_impression_fc29ed41_uniq` (`impression`),
  KEY `teaching_sharing_member_id_660ef371` (`member_id`),
  CONSTRAINT `teaching_sharing_member_id_660ef371_fk_info_member_netid` FOREIGN KEY (`member_id`) REFERENCES `info_member` (`netid`)
) ENGINE=InnoDB AUTO_INCREMENT=125 DEFAULT CHARSET=utf8;
/*!40101 SET character_set_client = @saved_cs_client */;

--
-- Dumping data for table `teaching_sharing`
--

LOCK TABLES `teaching_sharing` WRITE;
/*!40000 ALTER TABLE `teaching_sharing` DISABLE KEYS */;
INSERT INTO `teaching_sharing` VALUES (9,'2019-02-28 15:25:16.492425','去年国家资助学生超9800万人次 资助金额超2000亿元','苦什么不能苦孩子穷什么不能穷教育，资助贫困家庭学生顺利完成学业，是教育脱贫攻坚工作的重要组成部分，是阻断贫困代际传递的治本之策。',1,17341114),(10,'2019-02-28 16:21:06.885988','国务院台湾事务办公室2月27日例行新闻发布会','制度不同，不是统一的障碍，更不是分裂的借口。“一国两制”的提出，本来就是为了照顾台湾现实情况，维护台湾同胞利益福祉。',1,15336121),(11,'2019-02-28 20:19:17.942179','习近平为第五批全国干部学习培训教材作序 要求加快推进马克思主义学习型政党学习大国建设','我们党依靠学习创造了历史，更要依靠学习创造未来。要加快推进建设马克思主义学习型政党，学习大国建设，坚持把学习习近平新时代社会主义思想作为重中之重。善于学习，就是善于进步，党的历史经验和现实发展告诉我们，没有全党大学习，没有干部大培训，就没有事业大发展。面对伟大斗争，伟大工程，伟大事业，伟大梦想的波澜',1,18340069),(12,'2019-02-28 20:25:46.610130','栗战书同人大代表座谈：认真履行宪法法律赋予职责','人大代表作为国家权力机关的组成人员，在我国的经济、政治与其他方面的社会生活中，发挥着重要作用。全国和地方各级人大代表，代表人民的利益和意志，依照宪法和法律赋予本级人大的各项职权，参加行使国家权力。人民代表大会在国家政权体系中处于主导和中心地位，是整个政权体系的基础。人民代表大会重大作用的发挥，依赖于',1,17341117),(13,'2019-02-28 20:29:23.879468','长江经济带三大城市群的“对话”：串起万里黄金水道的新使命','推动长江经济带发展，是党中央、国务院主动适应把握引领经济发展新常态、科学谋划中国经济新棋局作出的既利当前又惠长远的重大决策部署，对于实现“两个一百年”奋斗目标和中华民族伟大复兴的中国梦，具有重大现实意义和深远历史意义。牢固树立“创新、协调、绿色、开放、共享”的发展理念始终贯穿在长江经济带建设中，坚持',1,17341117),(14,'2019-02-28 20:36:08.652839','人民日报评论：把党的政治建设摆在首位','把党的政治建设应摆在首位，有利于维持党的活力、保持党的纯洁。近几年来党重拳反腐，一批“老虎”、“苍蝇”先后落马，体现了党反腐的决心、为人民服务的初心。',1,18340075),(15,'2019-02-28 20:37:00.471498','习近平：在新的起点上深化国家监察体制改革','深化国家监察体制改革是贯彻党的十九大精神、健全党和国家监督体系的重要部署，是推进国家治理体系和治理能力现代化的一项重要改革。抓贪官是治标，改革体制是治本，坚持标本兼治，方能巩固扩大反腐败斗争成果，将权力关进制度的笼子中',1,17341099),(17,'2019-02-28 20:40:45.481641','钟声：“中国绿”为地球添生机','我国大力推进生态文明建设，为世界环境保护事业作出了自己的贡献。为自己负责，也为世界负责，这是大国风范。中国绿，值得我们点赞。',1,18340075),(18,'2019-02-28 21:01:34.610875','每日金句|习近平论人才资源的重要性','如今中国特色社会主义进入了新时代，这是我国发展新的历史方位。面对新的国际形势，我国原有的粗放型发展方式已经不能适应新时代的要求，我们必须走实现创新型发展道路，而实现创新型发展，人才资源已成为最重要的战略资源，人才在综合国力竞争中越来越具有决定性意义',1,17341114),(19,'2019-02-28 21:11:33.643309','习近平总书记重要讲话引发两岸社会深思“一国两制”','两岸的和平统一是所有中华同胞共同的心愿，在新的历史起点上，大陆与台湾的联系的进一步加深是大势所趋。坚持一国两制，坚持九二共识，制度不同不是分裂的借口，只有合力探求友好的发展方式，促进统一才是富国强国、赢得未来的道路',1,17341097),(23,'2019-02-28 21:24:45.831620','《求是》杂志发表习近平总书记重要文章《在新的起点上深化国家监察体制改革》','深化国家监察体制改革的目标是构建集中统一、权威高效的国家监察体系，形成以党内监督为主、其他监督相贯通的监察合力。坚持推进国家监察体制改革，保证公权力的正确行使，促进干部为人民做实事。',1,16337174),(26,'2019-02-28 21:47:56.364831','长江经济带三大城市群的“对话”：串起万里黄金水道的新使命','自推动长江经济带发展座谈会召开以来，三年的时间内，三大长江流域城市群在不断探索如何实现长江经济带最大效益，城市之间慢慢形成产业合作、共同繁荣的发展模式，实践证明只有共享共建、转变传统产业才能实现高质量发展。',1,16337174),(27,'2019-02-28 21:57:16.780510','重点领域改革向纵深推进 进一步激发微观主体活力','进一步推进高质量发展，不单单只是追求gdp总值，而且健康全面的深度发展。在不破坏绿水青山的前提下，让企业与经济快速切稳步的发展，创造更有意义的金山银山！以增强微观主体活力为重点，推动相关改革走深走实，深刻领会高质量发展内涵。同时加强人才培养，因为人才资源是第一资源，也是创新活动中最为活跃、最为积极的',1,18340060),(28,'2019-03-01 08:00:10.423276','康震讲《唐诗宋词的风骨气韵》之《芙蓉楼送辛渐》','即景生情，寓情于景，含蓄蕴藉，韵味无穷。自比冰壶，表达自己开朗胸怀和坚强性格。我觉得老师讲的十分好！',1,17341114),(29,'2019-03-01 08:53:19.886900','防范化解各领域重大风险，习近平有明确要求','总书记在讲话中提出全党要增强“四个意识”、坚定“四个自信”、做到“两个维护”，自觉在思想上政治上行动上同党中央保持高度一致，要养成防患未然的忧患意识。如果我们不学时政就容易迷失方向，就好比不学业务不会说行话，不敢想就不敢干，这样永远无法成功。',1,17341074),(30,'2019-03-01 09:06:15.280621','全国红色故事讲解员大赛集中展示活动在上海举行','“传承红色基因，弘扬革命精神”。在当今社会，许多人的思想受到当下流行文化，国外不符我国国情文化等冲击，造成了价值观上的一些歪曲，如前段时间摸黑革命英雄历史事迹等事件。全国红色故事讲解员大赛的举办，无疑是对广大民众普及红色故事、用红色故事感染人们的绝佳机会',1,17341073),(31,'2019-03-01 09:37:52.887509','习近平：在新的起点上深化国家监察体制改革','深化国家监察体制改革是贯彻党的十九大精神、健全党和国家监督体系的重要部署，是推进国家治理体系和治理能力现代化的一项重要改革。这一举措有利于党对反腐败工作的统一领导，有利于对公权力监督的全覆盖，有利于坚持标本兼治、巩固扩大反腐败斗争成果。',1,18340069),(32,'2019-03-01 11:45:49.369749','长江经济带三大城市群的“对话”：串起万里黄金水道的新使命','一条大江，将全国大约40%的人口紧密的联系在了一起。川渝，鄂，江浙沪皖，这三大城市群，拥有雄厚的经济的基础。曾经他们各自发展自己的经济，进行竞争比拼，经济发展得到了高速发展，而如今中国已经进入了新时期，曾经的发展方式似乎已经不完全适合。各个省市之间，应该合作起来互帮互助！最为典型的即是川渝由曾经的相背而行，到如今的互帮互助，重庆利用自己直辖市的优势帮助四川贫困人口，增加收入。四川则利用自己资源丰富的优势为重庆提供原料！相信长江流域在这样的氛围下会更好更快的发展',1,18340060),(33,'2019-03-01 16:20:13.201703','反家庭暴力法实施三周年 越来越多的家暴受害者敢于求助','家暴现象往往受到陈腐落后的观念影响。反家庭暴力法对家庭暴力的清晰界定和对家庭暴力零容忍的鲜明态度，使社会公众不再单纯地把家庭暴力视为不可言说的家庭丑事和家庭私事。受害者要敢于维权，且掌握搜集证据等手段。而对于社会公众，每个人都应知道自己有权中止家暴，敢于和善于遏制暴力言行和协助受害者。',1,17341099),(34,'2019-03-01 16:23:55.166236','江西省委宣传部黄璜问：如何从网络大国迈向网络强国？','信息时代的到来，网络技术对强国有着至关重要的作用，对于政治建设更有巨大作用。中国网民数量庞大，活用网络，对科技，对民生都有巨大的帮助。',1,17341097),(35,'2019-03-01 18:28:28.281576','集中力量支持深度贫困地区脱贫攻坚——一份来自全国人大常委会专题调研组的报告','2020年要实现全面小康，剩下一千六百多万贫困人口，是一件不容易的事。要做到真脱贫，越往后困难就越大，扶贫难度递增，返贫几率递增。但是我觉得，越是到最后关键时刻，越是会有更多的人会参与到扶贫事业中，实现全部贫困人口脱贫也会更有希望。',1,18340075),(36,'2019-03-01 19:00:05.923601','农业农村部：扶持小农户 发展现代农业','推动小农户的现代化改造，实现小农户与现代化农业接轨，更有利于提高乡村发展建设质效，加快乡村振兴步伐。尤其是在当下农村青壮年多在城市务工，老弱妇幼成为农业生产主力的前提下，加快小农户与现代化农业衔接的意义则更为重大。',1,17341117),(37,'2019-03-01 19:04:40.799525','全国红色故事讲解员大赛集中展示活动在上海举行','红色文化蕴涵了党在长期领导中国革命与建设的伟大实践中所创造和积累的丰富历史经验，包括重要革命纪念地、纪念物、标志物及其所承载的革命历史、革命精神等，其中包含的革命历史、革命传统精神和党的理想信念等都是对广大党员开展党性教育的独特资源',1,17341117),(38,'2019-03-01 21:09:18.604589','习近平在中央党校（国家行政学院）中青年干部培训班开班式上发表重要讲话','培养选拔优秀年轻干部是一件大事，关乎党的命运、国家的命运、民族的命运、人民的福祉，是百年大计。政治上的坚定、党性上的坚定都离不开理论上的坚定。这就要求我们加强理论学习，掌握和运用辩证唯物主义和历史唯物主义，掌握贯穿其中的马克思主义立场、观点、方法，深入认识共产党执政规律、社会主义建设规律、人类社会发展规律。',1,18340069),(39,'2019-03-01 21:13:57.070057','新时代全面依法治国的根本遵循','依法治国对国家的发展有着极为重要的意义。法律时刻保障着人民的切身利益。普及法律知识，健全法律体制，让制度更优，让人民法律意识更深，对营造和谐社会大环境十分重要。学法知法，从群众起。',1,17341097),(40,'2019-03-02 13:21:00.809360','31省份2018年GDP出炉 18地增速跑赢全国','在过去的2018年中，我国的GDP总值在整体上仍然是处于稳定增长的形式！值得一提的事广东省与江苏省两省以九万亿的GDP总值领跑全国，将第三名的山东省远远甩到身后。同时，东西部的差距仍然很大，但是从增长速率西部地区的速率快于东部地区，由此看来东西部差距正在不断地缩小。中国正在向更好的方向发展',1,18340060),(46,'2019-03-02 14:36:09.334076','全军部队贯彻落实习近平主席全国两会重要讲话精神纪实','近年来，人民军队不断实现历史性的跨越。聚焦强军目标，踏上强军兴军新征程，人民军队取得历史性成就、发生历史性变革，国防和军队建设进入新时代。人民军队正以时不我待、只争朝夕的紧迫感和使命感，朝着实现党在新时代的强军目标、全面建成世界一流军队阔步前行。',1,18340076),(47,'2019-03-02 14:49:19.088686','习近平：在新的起点上深化国家监察体制改革','深化国家监察体制改革是推进国家治理体系和治理能力现代化的一项重要改革。目前，我国监察体制改革已初显成效。因此，更要进一步深化改革，完善纪检监察体制机制，使制度更加完善有效。',1,18340076),(48,'2019-03-02 15:06:52.669585','人民日报评论：年轻干部要加强理论修养 不断修炼自我','“一年之计，莫如树谷；十年之计，莫如树木；终身之计，莫如树人。”实现中华民族伟大复兴，坚持和发展中国特色社会主义，关键在党，关键在人，归根到底在培养造就一代又一代可靠接班人，时代的接力棒最终要交接到我们这一代青年的手里。我们要强化自我修炼、自我约束、自我学习。我们应该深刻学习习近平新时代中国特色社会主义思想，时时对照、躬身践行，才能不断自我完善、自我提高。',1,17341074),(49,'2019-03-02 18:14:54.264111','每日金句|习近平论理论学习','要紧密结合新时代新实践，紧密结合思想和工作实际，有针对性地重点学习，多思多想、学深悟透，知其然又知其所以然。实事求是，与时俱进，是党的指导思想活的灵魂',1,15336121),(50,'2019-03-02 18:42:41.246299','全军部队贯彻落实习近平主席全国两会重要讲话精神纪实','军队是国家的守卫者，寄托着全国人民的期望，同时军人更是全国人民心灵的一处港湾，他们既背负着护国职责，更是有着道德重任。全军部队贯彻习近平总书记全国两会重要讲话精神，既是为了提高军人们整体素质，也让人民对于军队更加信任',1,17341073),(51,'2019-03-02 19:24:53.592219','中央政治局同志向党中央和习近平总书记述职','近期，中央政治局通知按规定向党中央和习近平总书记书面述职。十九届重要政治局要履行好党和人民赋予的历史责任，永葆共产党人的政治本色，也要锐意进取，攻坚克难，为全党做好示范和表率。',1,18340069),(52,'2019-03-03 11:52:45.513634','每日金句|习近平论社会主义协商民主的发展方向','人民政协的政治协商是中国共产党领导的多党合作的重要体现，是党和国家实行科学民主决策的重要环节，是党提高执政能力的重要途径。把政治协商纳入决策程序，就国家和地方的重要问题在决策之前和决策执行过程中进行协商，是政治协商的重要原则。',1,15336121),(53,'2019-03-03 12:10:29.560518','2019年铁路春运收官 发送旅客首次突破4亿人次','春运一直是每年春节期间的热点话题，随着12306的普及，越来越多的人选择铁路方式出行，这一方面显示了我国高铁网建设的成果，同时也带来了巨大的挑战。在春节期间，我们可以明显的看见铁路部门采取的措施，如武警值守，开设绿色通道等，充分响应了为人民服务的号召',1,17341073),(54,'2019-03-03 13:25:28.326031','奋进 向着第一个百年奋斗目标——写在2019年全国两会召开之际','时至建国70周年，距离我国的第一个百年计划越来越近，党中央和地方干部在不断地加强国家建设，精准扶贫工作仍在不断地激烈的进行着，在最后的一年里如何将精准扶贫工作做好做实又是一门深刻的话题，如何让全国的全面小康如约而至，就看这关键的一年！我相信，在全国人民的一致努力下，一定可以实现',1,18340060),(55,'2019-03-03 13:38:56.256351','习近平为第五批全国干部学习培训教材作序 要求加快推进马克思主义学习型政党学习大国建设','党的历史经验和现实发展都告诉我们，我们依靠学习创造了历史，更要依靠学习走向未来。所以要求全党要加快推进马克思主义学习型政党、学习大国建设，坚持把学习贯彻新时代中国特色社会主义思想作为重中之重。只有思想跟上去了，才能实现跟上时代前进步伐、跟上事业发展需要。',1,17341074),(56,'2019-03-03 19:35:07.315565','以习近平同志为核心的党中央引领中国改革开放迈入新天地',']改革开放是中国共产党在社会主义初级阶段基本路线的两个基本点之一。中共十一届三中全会以来进行社会主义现代化建设的总方针、总政策，是强国之路，是党和国家发展进步的活力源泉，深化改革开放需坚持社会主义方向。',1,17341117),(57,'2019-03-03 19:35:00.000000','每日金句|习近平论社会主义协商民主的发展方向','竞争、对抗性的民主机制并不是实现民主的唯一方式，协商、合作性的民主机制同样可以成为发展中国家的民主政治模式，这是中国对人类民主政治文明发展的重大贡献，我国的协商民主既关注决策的结果，又关注决策的过程，从而拓宽了民主的深度；协商民主既关注多数人的意见，又关注少数人的意见，从而拓宽了民主的广度。',1,17341117),(59,'2019-03-03 19:58:19.418105','涨知识！一文告诉你两会那些事儿','两会是中国社会主义制度实现的根基之一。要实现人民民主，就要充分发挥两会的重要作用。依法治国，让工人阶级参与进来，实现社会主义事业的进步。关注人民群众的心声，中国将越来越强大！',1,17341097),(60,'2019-03-03 20:01:11.309504','我国规划新一代长征火箭型谱，重型火箭将于2030年首飞','时代在发展，在进步。科技力量始终是衡量一个国家综合国力强弱的一个重要因素。中国要富强，就要加大力度发展科技。我们也能看到，在这些年来，中国科技实力的强大！科技强国，我看行！',1,17341097),(61,'2019-03-03 20:52:24.071163','以习近平同志为核心的党中央引领中国改革开放迈入新天地','实践是发展的，改革不可能毕其功于一役、一劳永逸。新时期已经从以经济体制改革为主，转变为全面深化经济、政治、文化、社会、生态文明体制和党的建设制度改革。全面深化改革的重大部署，既是改革历史发展的必然逻辑，更是现实发展的客观需要，是我们党应对新情况、新挑战，克服各种困难和风险，大力推进中国特色社会主义事业，全面建成小康社会，进而实现中国梦的重大举措。',1,16337174),(62,'2019-03-03 21:02:53.603191','习近平：在新的起点上深化国家监察体制改革','深化国家监察体制改革，要以新时代中国特色社会主义思想为指导，坚持目标导向，坚持问题导向，继续把纪检监察体制改革推向前进。“善禁者，先禁其身而后人；不善禁者，先禁人而后身。”，广大纪检监察干部要做党和人民的忠诚卫士，坚定理想信念，提高政治能力，加强自我约束，在遵纪守法、严于律己上作表率。',1,16337191),(64,'2019-03-03 21:08:06.103940','十三届全国人大二次会议京外代表团抵京侧记：带着民意和信心而来','人大代表们陆续抵京，代表人民的心声开启新一年的人大之旅。习主席曾说过，有一批基层人民担任人大代表，是我国社会主义制度的优势。正是因为有这样的优势，人民的归属感不断提升，人大会议越来越让人民期待。',1,18340075),(65,'2019-03-03 21:12:15.746767','习近平在中央党校（国家行政学院）中青年干部培训班开班式上发表重要讲话','优秀的年轻干部关乎着党的命运、国家的命运、民族的命运、人民的福祉，是百年大计。习近平强调干部要全面系统、及时跟进、深入思考学习，坚定理想信念，牢记党的初心和使命，并且不断提升自己的党性修养、道德水平，在工作中坚持知行合一、敢于担当。',1,16337174),(66,'2019-03-03 21:40:32.677315','习近平：加强党对全面依法治国的领导','依规治党深入党心，依法治国才能深入民心。执法部门代表的是人民利益，决不能成为家族势力、黑恶势力的保护伞。近年来，司法机关依法纠正了呼格吉勒图案、聂树斌案、念斌案等一批冤假错案，受到广大群众好评。中国走向世界，以负责任大国参与国际事务，必须善于运用法治。在对外斗争中，我们要拿起法律武器，占领法治制高点，敢于向破坏者、搅局者说不。',1,16337191),(67,'2019-03-03 21:53:49.402309','奋进 向着第一个百年奋斗目标——写在2019年全国两会召开之际','两会将部署全年的工作，对基层工作者来说，最强的力量就是说到做到，最好的落实就是一抓到底从。春天出发，加满油，把稳舵，鼓足劲，在以习近平同志为核心的党中央坚强领导下，中国人民必将书写新的时代华章。',1,17341099),(69,'2019-03-03 22:45:17.397549','习近平等党和国家领导人出席全国政协十三届二次会议开幕会','今天政协开幕，全国政协委员将认真履行职责，广泛凝心聚力，强化使命担当，为决胜全面建成小康社会、夺取新时代中国特色社会主义伟大胜利作出新的更大贡献。',1,18340076),(73,'2019-03-04 18:29:09.247651','以习近平同志为核心的党中央引领中国改革开放迈入新天地','党的十一届三中全会是划时代的，开启了改革开放和社会主义现代化建设的历史新时期，党的十八届三中全会也是划时代的，开启了全面深化改革，系统整体设计推进改革的新时代，开创了我国改革开放的新局面。以习近平同志为核心的党中央站在更高起点，相继推出一系列具有重大历史意义和现实意义的改革举措，全面深化改革沿着既定方向一往无前。宏伟目标指引前进方向，新时代的召唤催人奋进，我们誓将改革开放进行到底。',1,18340069),(74,'2019-03-04 18:34:13.040847','习近平在中央党校（国家行政学院）中青年干部培训班开班式上发表重要讲话','党的性质反映了党的特征，党性是一个立场问题，党性并不等于阶级性。革命导师列宁就指出：严格的党性是高度发展的阶级斗争的随行者和结果。党性要求在对事要做任何估计时，都必须直率而公开地站到一定社会集团的立场上。这就要求共产党员的立场，旗帜要鲜明，要坚信共产主义。',1,17341117),(75,'2019-03-04 18:35:48.011104','习近平：在新的起点上深化国家监察体制改革','国家监察体制改革是全面从严治党、实现党内监督与人民监督有机结合的需要。只有坚持全面从严治党，集中有效的反腐败力量，才能从根本上解决腐败问题。推进国家监察体制改革，特别是设置国家监察委员会，是全面从严治党的需要。',1,17341117),(76,'2019-03-04 18:43:46.540793','我国农村承包地确权登记颁证基本完成','做到真正的民族复兴，切实为人民服务，关键在农村，此举有助于维护农民的合法权益，减少占地、荒地等不良现象的发生，也有助于打压当地黑势力的气焰，在实现基本完成后，仍需继续推进工作，争取早日全面完成',1,17341073),(77,'2019-03-04 18:49:32.954544','以习近平同志为核心的党中央引领中国改革开放迈入新天地','改革开放每一步都不是轻而易举的，未来必定会面临这样那样的风险挑战，甚至会遇到难以想象的惊涛骇浪。全面深化改革作为一项复杂的系统工程，不可能走一步看一步，也不可能胡子眉毛一把抓，更不可能头痛医头、脚痛医脚，必须统筹谋划，探索行之有效的思路和打法。党的十八届三中全会翻开了以勇气为桨、以创新为帆，长风破浪的改革新篇，用成功实践彰显出其划时代的伟大意义。',1,17341096),(78,'2019-03-04 18:49:45.696795','人民日报评论：坚持知行合一 主动担当作为','根据习近平总书记在中青年干部会议上的讲话，我深刻体会到要实现中华民族伟大复兴，绝不是轻轻松松、敲锣打鼓就能实现的。时时刻刻提醒自己要牢记空谈误国、实干兴邦的道理，坚持知行合一、真抓实干，做实干家。所谓的坚持知行合一， 主动担当作为，扛起责任与使命。',1,17341074),(79,'2019-03-04 18:49:45.707321','习近平等党和国家领导人出席全国政协十三届二次会议开幕会','今年的政协报告展现了新时代人民政协的新面貌新气象，过去的一年中，政协全面贯彻中共十九大精神，推动各项工作取得新进展。今年是新中国成立70周年，也是人民政协成立70周年，相信政协将会为全面建设小康社会、实现中华民族伟大复兴中国梦贡献更大的力量！',1,16337174),(80,'2019-03-04 18:49:54.659850','供给侧结构性改革再迎“提质升级” 重点领域有望破局','未来在推进供给侧结构性改革的过程中，要增加改革的针对性、灵活性、有效性和精准性，更多满足市场、用户、消费者的个性化、多元化、差异化需求，使得供给侧结构性改革具备持续长久推动经济增长的能力。',1,17341096),(81,'2019-03-04 18:54:57.349112','新华社评论：会上看承诺，会后重落实','两会期间，数场“部长通道”采访活动备受关注。凝聚民心、彰显决心、增强信心，两会继续开通部长级工作。会上看承诺，会后看落实。不少去年全国两会“部长通道”上的承诺得到了兑现。相信这种改革的体质建设将继续带来新愿景、新承诺，为共创更加美好的未来展现新作为。',1,17341074),(82,'2019-03-04 18:56:51.394155','听总书记讲新时代学雷锋','社会在发展进步，但雷锋精神却永远不会过时。雷锋精神是崇高的，有时代意义的。如果每个人都能学习雷锋精神，将奉献精神，将爱心给予他人，社会会越来越美好。',1,17341097),(83,'2019-03-04 19:03:34.227887','听总书记讲新时代学雷锋','在现代社会雷锋精神依旧有着深刻的社会价值，志愿活动尤其体现这种精神，作为社会贡献的前行者和引领者，充分践行了社会主义核心价值体系，是社会的宝贵财富',1,16337112),(84,'2019-03-04 19:04:11.339582','重要事业、重要战线！习近平谈文艺、社科工作','文艺事业是党和人民的重要事业，实现中华民族的伟大复兴需要发挥文艺和文艺工作者的重要作用。在国家着力构建中国特色哲学社会科学的同时文艺工作者也需要做真善美的追求者和传播者，自觉与人民同呼吸共命运。',1,16337112),(85,'2019-03-04 19:08:23.453768','钟声：读懂中国与世界共同发展的内在逻辑','中国的日益强盛使得在经济全球化的环境下，越来越多的国际人士聚焦中国，试图从中国的发展策略、治国理念中寻找启示。在决胜全面建成小康社会第一个百年奋斗目标的关键之年，中国必将向世界展现出巨大的潜力，为推动世界经济发展贡献力量。',1,16337174),(86,'2019-03-04 19:09:01.563235','第一讲：习近平新时代中国特色社会主义思想是党和国家必须长期坚持的指导思想','随着中国的发展与富强，中国特色社会主义的道路也在不断延伸，其思想内涵也在不断丰富与发展。中国特色社会主义取得的成就大家有目共睹，只有坚持下去，才是实现中华民族伟大复兴的正确道路。而要发展下去，就要坚持以民为本，为人民谋求福利。我相信，睡着制度的不断完善，中国的社会主义之路将越走越好！',1,17341097),(87,'2019-03-04 19:14:11.968998','第一讲：习近平新时代中国特色社会主义思想是党和国家必须长期坚持的指导思想','必须长期坚持习近平新时代中国特色社会主义思想、坚持用习近平新时代中国特色社会主义思想武装全党是灵魂，应该成为我们重要的思想武器，要贯穿在其他每个部分中。坚持用习近平新时代中国特色社会主义思想武装全党是有实际含义的，包含进一步解放思想的要求。',1,16337106),(88,'2019-03-04 19:15:32.554138','第八讲：以人民为中心是新时代坚持和发展中国特色社会主义根本立场','第八讲，即强调坚持以人民为中心。其中提到，人民对美好生活的向往，就是我们奋斗的目标。这是站稳了人民的立场，这也是立党为公，执政为民的体现。同时提到要依靠人民来实现伟大事业，这是尊重人民的主体地位，保持党同人民群众的联系，是我党突出的经验与优势。',1,16337106),(89,'2019-03-04 19:18:32.567345','这六年，习近平两会上的暖心话','什么地方人民感觉不幸福、不快乐、不满意，我们就在哪方面下功夫；   这是中国共产党人对广大人民群众的承诺，从这几年的实际行动中，我们发现共产党人做到了！在中国共产党人的领导下，中国这片土地上将会处处充满阳光，到处都是快乐，幸福！！习近平主席句句暖心话，句句深入人心！让人民群众感受到了党的温馨！',1,18340060),(90,'2019-03-04 19:31:02.430159','第三讲：实现中华民族伟大复兴是近代以来中华民族最伟大的梦想','中华民族伟大复兴绝不是轻轻松松就能实现的，需要群众，人民，党各方面的不懈努力。中国梦，决不仅仅是梦，是一种期许，是未来，是中华民族的希望。东方已然破晓，红日初升，其道大光，河出伏流，一泻汪洋，怀梦想走向远方，中国能行！即便未来不可预料，我们依旧 —— 选择希望 (ง •̀_•́)ง',1,17341097),(91,'2019-03-04 19:54:45.952039','代表委员话经济：创造新供给满足新需求','促进形成强大国内市场，是未来我国经济增长的重要亮点与动力所在。一大批创新成果为实现高质量发展提供了强有力的科技支撑。我们要把握好机遇，坚持创新驱动、转型升级，迈向高质量发展。',1,18340076),(92,'2019-03-04 20:03:05.814569','钟声：读懂中国与世界共同发展的内在逻辑','中国仅仅用了十几年就取得了其他国家一百多年才能去得的发展成就。在全世界也发挥着越来越重要的作用。国际社会期待从两会中读懂中国与世界共同发展的内在逻辑，从中国理念、中国智慧中探寻破解时代难题的信心与启示。',1,18340076),(93,'2019-03-04 20:06:25.959709','第一讲：习近平新时代中国特色社会主义思想是党和国家必须长期坚持的指导思想','什么是中国特色社会主义思想？新时代中国特色社会主义思想,是对马克思列宁主义、毛泽东思想、邓小平理论、  “三个代表”重要思想、科学发展观的继承和发展,是马克思主义中国化最新成果,是党和人民实践经验和集体智慧的结晶,是中国特色社会主义理论体系的重要组成部分,是全党全国人民为实现中华民族伟大复兴而奋斗的行动指南,必须长期坚持并不断发展。新时代，新时期，中国面临着新的矛盾，新的困难，中国共产党人将继续领导中国人民走向全面小康，同时中国也正在一步一步的建设一带一路，并且表态，中国愿意让各个国家搭乘中国高速发...',1,18340060),(94,'2019-03-04 20:16:21.736944','第一讲：习近平新时代中国特色社会主义思想是党和国家必须长期坚持的指导思想','习近平新时代中国特色社会主义思想来源于实践的艰辛探索和积累，系统回答了“新时代坚持和发展什么样的中国特色社会主义、怎样坚持和发展中国特色社会主义”这样一个重大时代课题。党的十八大以来，我们党以巨大的政治勇气和强烈的责任担当，提出一系列新理念新思想新战略，出台一系列重大方针政策，推出一系列重大举措，推进一系列重大工作，解决了许多长期想解决而没有解决的难题，办成了许多过去想办而没有办成的大事，推动党和国家事业发生历史性变革，彰显出习近平新时代中国特色社会主义思想的巨大力量。今后，全党的重大政治任务就是学...',1,16337191),(95,'2019-03-04 20:26:10.754682','第一讲：习近平新时代中国特色社会主义思想是党和国家必须长期坚持的指导思想','习近平新时代中国特色社会主义思想是在中国特色社会主义进入新时代、科学社会主义迈向新阶段、当今世界历经新变局、我们党面临执政新考验的历史条件下形成和发展起来的。是党和国家必须长期坚持的指导思想和马克思主义中国化的最新成果。坚持这一思想可适应国情做出政策指导方针，促进国家进一步发展。',1,16337112),(96,'2019-03-04 20:26:31.536710','第二讲：坚持和发展中国特色社会主义是当代中国发展进步的根本方向','把国家建设成社会主义强国，坚持发展中国特色社会主义是一项长期任务，中国特色社会主义进入新时代意味着中华民族伟大复兴的光明前景。我们需要坚持习近平新时代中国特色社会主义思想，全面贯彻党的基本理论、路线和方略，坚定文化自信、理论自信，不断提高党和国家事业发展水平、马克思主义理论水平、社会现代化建设水平。',1,16337112),(97,'2019-03-04 21:49:26.916049','第一讲：习近平新时代中国特色社会主义思想是党和国家必须长期坚持的指导思想','习近平新时代中国特色社会主义思想，是党和人民实践经验和集体智慧的结晶，内涵十分丰富，包括新时代坚持和发展中国特色社会主义的总目标、总任务、总体布局、战略布局和发展方向、发展方式、发展动力、战略步骤、外部条件、政治保证等方面的基本问题，对中国社会的方方面面和党的建设等各个方面作出理论分析和政策指导，是党和国家必须长期坚持的指导思想。',1,16337174),(98,'2019-03-04 22:03:24.134731','辽宁打造新时代学雷锋高地','雷锋是时代的楷模，雷锋精神是永恒的。实现中华民族伟大复兴，需要更多时代楷模。我们既要学习雷锋的精神，也要学习雷锋的做法，把崇高理想信念和道德品质追求转化为具体行动，体现在平凡的工作生活中，作出自己应有的贡献，把雷锋精神代代传承下去。',1,17341099),(99,'2019-03-04 22:05:13.614512','第二讲：坚持和发展中国特色社会主义是当代中国发展进步的根本方向','经过长期探索，我们已经找到一条适合中国国情的正确发展道路，中国特色社会主义是中国共产党和中国人民团结的旗帜、奋进的旗帜、胜利的旗帜。一个国家的发展道路合不合适，只有这个国家的人民才最有发言权。改革开放以来，党团结带领全国各族人民，高举中国特色社会主义伟大旗帜，不懈奋斗，推动我国经济实力、科技实力、国防实力、综合国力进入世界前列，推动我国国际地位实现前所未有的提升，中华民族正以崭新姿态屹立于世界的东方。只要我们紧紧依靠13亿多中国人民，坚定不移走自己的路，我们就一定能战胜一切艰难险阻，不断取得新的成绩...',1,16337191),(100,'2019-03-04 22:30:17.987424','第二讲：坚持和发展中国特色社会主义是当代中国发展进步的根本方向','中国特色社会主义思想是党和人民经过长期努力奋斗，取得的宝贵成果。改革开放以来，党和国家取得一切成绩和进步的根本原因，归结起来就是：开辟了中国特色社会主义道路，形成了中国特色社会主义理论体系，确立了中国特色社会主义制度，发展了中国特色社会主义文化，这是中国特色社会主义的根本标志。习近平强调“一切向前走，都不能忘记走过的路……面向未来，面对挑战，全党同志一定要不忘初心、继续前进”，我们要更加自觉地坚定这四个方面的自信，即道路自信、理论自信、制度自信、文化自信。',1,16337174),(101,'2019-03-04 22:47:59.535015','120倍偿还50年前欠款 浙江乌镇98岁“诚信奶奶”冒雨还债','人无信不立。诚信是做人的基本准则，失去诚信，人就无法在社会立足;拥有诚信，就拥有了立足之本。国无信无以自强。国家机构、国家领导也要处处以诚信为本，不弄虚作假，不负人民期望。如此人民更有幸福感，国家更富盛强。',1,18340075),(102,'2019-03-04 23:01:11.254675','我国今年计划发射8-10颗北斗导航卫星','我国北斗系统的不断完善、不断进步，一方面体现我国对自研技术的重视，另一方面体现我国日益进步的科研力量。钻研自主知识产权的技术，不再依赖外国，是我国迈向科技强国的必经之路，也是中华民族伟大复兴的必由之路。相信在未来的5G时代，我们会有更多属于自己的技术，自力更生迈向未来。',1,18340075),(103,'2019-03-04 23:11:26.972937','第一讲：习近平新时代中国特色社会主义思想是党和国家必须长期坚持的指导思想','每个时代都需要引领性的思想理论。习总书记的思想是在马克思列宁主义，毛泽东思想，邓小平理论，三个代表重要思想科学发展观的基础上从2013年开始逐步建立完善起来的，直到2017年底才基本成型，有了自己的内核。新时代理论突出体现了与时俱进，不断前进的理念。必须长期坚持新时代中国特色社会主义思想，这样中国特色社会主义道路才会越走越好',1,17341105),(104,'2019-03-04 23:15:22.052430','第二讲：坚持和发展中国特色社会主义是当代中国发展进步的根本方向','历史已经证明无论是君主立宪制还是民主共和制都不适合中国的发展。无论是洋务运动，戊戌变法，辛亥革命，还是照搬照抄苏联的社会主义制度，都救不了中国。只有坚持和发展中国特色社会主义，才是中国发展进步的根本方向。只有坚持“四个自信”，不忘初心，继续前进，我们的国家才能迅速发展，更快走向社会主义现代化',1,17341105),(105,'2019-03-04 23:57:36.116885','听总书记讲新时代学雷锋','积小善为大善，善莫大焉，这和我们党‘为人民服务’‘做人民勤务员’是一脉相承的，所以雷锋精神永远值得弘扬。”党的宗旨是为人民服务，雷锋精神完美阐释了党的宗旨，是我们所有人值得学习的。',1,15336121),(106,'2019-03-05 00:07:54.745128','第一讲：习近平新时代中国特色社会主义思想是党和国家必须长期坚持的指导思想','任何一种思想的确立，都有其内在的理论逻辑。作为马克思主义中国化最新成果和中国共产党人新的行动指南，习近平新时代中国特色社会主义思想更是一个集时代性、原创性与系统性于一体的科学体系。习近平新时代中国特色社会主义指导思想的逐步完善让中国特色社会主义制度进一步发展，我们应始终高举中国特色社会主义的旗帜，坚定不移地走中国特色社会主义，坚持党的领导，我们才能实现中华民族的伟大复兴，建成富强民主文明和谐美丽的社会主义工业化强国',1,15336121),(107,'2019-03-05 00:15:54.490026','第二讲：坚持和发展中国特色社会主义是当代中国发展进步的根本方向','只有社会主义才能救中国，只有坚持和发展中国特色社会主义才能实现中华民族伟大复兴。坚持和发展中国特色社会主义是改革开放以来党的全面理论和实践的主题，是当代中国发展进步的根本方向。习近平总书记指出，中国特色社会主义是党和人民长期奋斗、创造、积累的根本成就。经过长期努力，中国特色社会主义进入了新时代，这是我国发展新的历史方位。新时代新作风，中国特色社会主义进入了新的历史时期并不是说我们要改变我们的道路，而是应该继续坚持和发展中国特色社会主义，继续坚持党的领导',1,15336121),(108,'2019-03-05 11:53:32.643423','风正帆悬——人民政协 70年再出发','2019年，人民政协将迎来70周年华诞，要把加强思想政治引领、广泛凝聚共识作为履职工作的中心环节，加强各党派团体、各族各界人士大团结大联合，担负起把中共中央对人民政协工作的要求落实下去、把海内外中华儿女实现中华民族伟大复兴中国梦的智慧和力量凝聚起来的政治责任，以优异成绩迎接新中国成立70周年。',1,18340069),(109,'2019-03-05 11:55:21.991497','代表委员畅谈新中国七十年辉煌历程：可爱的中国（社会建设篇）','新中国成立七十年来，党和国家始终坚持在发展中保障和改善民生，全面推进幼有所育、学有所教、劳有所得、病有所医、老有所养、住有所居、弱有所扶，不断改善人民生活、增进人民福祉。全面建成小康社会惠及十几亿人口，是实现中华民族伟大复兴的重要基础和关键一步，是每一个中国人的幸福所在、责任所在。',1,17341074),(110,'2019-03-05 11:56:07.798583','为党和人民继续前进提供强大精神激励——全国政协文艺界社科界委员畅谈聆听习近平总书记讲话心得','习近平总书记指出:一切优秀文艺工作者的艺术生命都源于人民，一切优秀文艺创作都为了人民。当今时代文艺作品必须具有振奋人心、催人奋进的力量。那些优秀的文艺作品代表着时代进步的思想，理应再次吹响了以文化自信为底蕴、以伟大灵魂和作品为动力，为党和人民继续前进提供强大精神激励的进军号角。',1,17341074),(111,'2019-03-05 11:56:52.780399','国务院办公厅关于成立中国国际进口博览会组委会的通知','国务院办公厅着手组建中国国际进口博览会组委会，标志着在经济全球化、货物互通往来的当下，我国政府积极融入时代潮流，并争做时代领航员的决心，此次国际进口博览会组委会的组建，将推动落实我们国家邀请其他国家、地区和国际组织参展，也有助于提升我国的国际地位',1,17341073),(112,'2019-03-05 11:58:12.082831','第二十九讲：努力掌握马克思主义思想方法和工作方法','“八个坚持”的思想方法和工作方法是对习近平总书记强调的思维方法的发展，实事求是、问题导向与调查研究其实是一回事，搞清楚“实事”要认真调查研究，“求是”才能解决问题，实事求是的方法在于不断解放思想，解放思想的实质是厚今薄古，讲发展必须讲马克思主义中国化的其他成果，他们的历史使命已经完成，有益成分已经吸收到新思想中，讲思想武装与指导实践必须明确强调新思想。',1,16337106),(113,'2019-03-05 11:58:22.222864','第二十七讲：促进“一带一路”国际合作','方略论是新思想的主要内容，其他各讲共同构成方略论，其中包括理念论以及各方面建设内容，具体剖析如下。理念论除了新发展理念还包括全面深化改革、全面开放、法治国家，这些都具有指导思想的意义。值得注意的是，由全面扩大开放到形成全面开放新格局的提法是重要变化。',1,16337106),(114,'2019-03-05 20:10:07.445075','习近平：在新的起点上深化国家监察体制改革','党的十八大以来对国家监察体制进行了改革，党对反腐败工作的统一领导加群，进一步实现了对公权利监督的全覆盖，坚持了标本兼治，巩固扩大了反腐斗争成果。',1,16337112),(115,'2019-03-05 20:10:30.037055','习近平：加强党对全面依法治国的领导','党的十八大以来，提出一系列全面依法治国新理念新思想新战略，明确了全面依法治国的指导思想、发展道路、工作布局、重点任务，是马克思主义法治思想中国化的最新成果，是全面依法治国的根本遵循，必须长期坚持、不断丰富发展。',1,16337112),(116,'2019-03-05 20:11:38.892555','第三讲：实现中华民族伟大复兴是近代以来中华民族最伟大的梦想','中国共产党人的初心和使命就是为中国人民谋幸福、为中国民族谋复兴。中国共产党是为人民谋利益的政党，具有统一的动员组织能力，积累了实现中华民族伟大复习的丰富经验，义务反顾肩负起中华民族伟大复兴的历史使命。我们也要为实现国家富强、民族振兴、人民幸福而努力奋斗。',1,16337112),(117,'2019-03-05 20:12:07.609672','第四讲：党和国家事业历史性、根本性的变革和成就','面对世界经济持续低迷，发展不均衡、不可持续问题突出，国内经济“三期叠加”，十八大以来党和国家事业进行了历史性变革，有效提高了国家机构依法履职能力，有效促进了社会公平正义，维护了人民群众合法权益，显著增强了党运用法律手段和治理国家的能力。',1,16337112),(118,'2019-03-05 22:34:45.790200','以精品奉献人民，用明德引领风尚','科技进步和创新是增强综合国力的决定性因素，世界范围内的竞争、综合国力的竞争，关键是科学技术的竞争，教育是培养人才的基础，对经济和发展具有先导性、全局性，增强创新能力关系到中华民族的兴衰存亡，创新是一个民族的灵魂，是一个国家兴旺发达的不竭动力。',1,17341117),(119,'2019-03-05 22:35:10.996409','【央视快评】与人民心心相印 与人民团结奋斗','中国人民的伟大团结精神是在历史继承中形成的，这种历史继承既包括对中国传统文化的继承，也包括对马克思主义和中国共产党在实践中形成的红色文化的传承。传承好伟大团结精神需要有伟大目标指引、伟大道路落实和伟大政党带领。发展好伟大精神要继续推动党的伟大团结、人民的伟大团结和民族的伟大团结。',1,17341117),(120,'2019-03-05 22:36:06.601614','为党和人民继续前进提供强大精神激励——全国政协文艺界社科界委员畅谈聆听习近平总书记讲话心得','文艺作品的创作与时代的发展息息相关，好的文艺作品能够代表一个时代的风貌，引领一个时代的风气，烙下时代的印记。文艺工作者应该铭记以人民为中心，创作接地气的好作品，真正用心弘扬中国特色社会主义新时代的伟大精神。',1,16337174),(121,'2019-03-05 22:36:18.519138','【央视快评】与人民心心相印 与人民团结奋斗','我们党一直强调人民当家做主，而党也始终坚持人民的主体地位，坚持为人民服务。过去的一年，十三届全国人大及其常委会，坚持党的领导，为人民认真履职，推进了社会各行各业的立法工作，密切联系群众，广纳群言，实现了良好开局。',1,16337174),(122,'2019-03-05 22:51:17.811035','听总书记讲新时代学雷锋','雷锋精神，人人可学；奉献爱心，处处可为。积小善为大善，善莫大焉。当有人需要帮助时，大家搭把手、出份力，社会将变得更加美好。这和我们党\"为人民服务’‘做人民勤务员’是一脉相承的，所以雷锋精神永远值得弘扬。',1,17341096),(124,'2019-03-06 00:03:41.748677','助推经济高质量发展 新型基建将是2019年投资重点','做好顶层设计和政策协调，避免出现盲目建设、重复建设甚至是恶性竞争的情况；要着力引入民间资本参与新型基础设施建设，形成多元化的投融资体系，并加快探索新型基础设施建设的商业可持续模式，做到风险可控。',1,17341096);
/*!40000 ALTER TABLE `teaching_sharing` ENABLE KEYS */;
UNLOCK TABLES;

--
-- Table structure for table `teaching_takepartin`
--

DROP TABLE IF EXISTS `teaching_takepartin`;
/*!40101 SET @saved_cs_client     = @@character_set_client */;
/*!40101 SET character_set_client = utf8 */;
CREATE TABLE `teaching_takepartin` (
  `id` int(11) NOT NULL AUTO_INCREMENT,
  `credit` double DEFAULT NULL,
  `activity_id` int(11) NOT NULL,
  `member_id` int(11) NOT NULL,
  `last_modified` datetime(6) NOT NULL,
  PRIMARY KEY (`id`),
  UNIQUE KEY `teaching_takepartin_activity_id_member_id_3b4305ab_uniq` (`activity_id`,`member_id`),
  KEY `teaching_takepartin_member_id_79f6fabe_fk_info_member_netid` (`member_id`),
  CONSTRAINT `teaching_takepartin_activity_id_10744c51_fk_teaching_activity_id` FOREIGN KEY (`activity_id`) REFERENCES `teaching_activity` (`id`),
  CONSTRAINT `teaching_takepartin_member_id_79f6fabe_fk` FOREIGN KEY (`member_id`) REFERENCES `info_member` (`netid`)
) ENGINE=InnoDB AUTO_INCREMENT=156 DEFAULT CHARSET=utf8;
/*!40101 SET character_set_client = @saved_cs_client */;

--
-- Dumping data for table `teaching_takepartin`
--

LOCK TABLES `teaching_takepartin` WRITE;
/*!40000 ALTER TABLE `teaching_takepartin` DISABLE KEYS */;
INSERT INTO `teaching_takepartin` VALUES (33,1,1,16337113,'2019-03-02 19:55:52.243017'),(34,1,1,17341061,'2019-03-02 19:55:52.243017'),(35,1,1,15336117,'2019-03-02 19:55:52.243017'),(36,1,1,15336141,'2019-03-02 19:55:52.243017'),(37,1,1,15336095,'2019-03-02 19:55:52.243017'),(38,1,1,15336101,'2019-03-02 19:55:52.243017'),(39,1,1,15336102,'2019-03-02 19:55:52.243017'),(40,1,1,15336121,'2019-03-02 19:55:52.243017'),(41,1,1,16337071,'2019-03-02 19:55:52.243017'),(42,1,1,16337098,'2019-03-02 19:55:52.243017'),(43,1,1,16337108,'2019-03-02 19:55:52.243017'),(45,1,1,16337094,'2019-03-02 19:55:52.243017'),(46,1,1,16337099,'2019-03-02 19:55:52.243017'),(47,1,1,16337106,'2019-03-02 19:55:52.243017'),(48,1,1,16337112,'2019-03-02 19:55:52.243017'),(49,1,1,16337129,'2019-03-02 19:55:52.243017'),(50,1,1,16337154,'2019-03-02 19:55:52.243017'),(51,1,1,17341073,'2019-03-02 19:55:52.243017'),(52,1,1,17341074,'2019-03-02 19:55:52.243017'),(53,1,1,17341095,'2019-03-02 19:55:52.243017'),(54,1,1,17341096,'2019-03-02 19:55:52.243017'),(55,1,1,17341097,'2019-03-02 19:55:52.243017'),(56,1,1,17341099,'2019-03-02 19:55:52.243017'),(57,1,1,17341105,'2019-03-02 19:55:52.243017'),(58,1,1,17341114,'2019-03-02 19:55:52.243017'),(59,1,1,17341117,'2019-03-02 19:55:52.243017'),(60,1,1,18340069,'2019-03-02 19:55:52.243017'),(61,1,1,18340075,'2019-03-02 19:55:52.243017'),(62,1,1,18340076,'2019-03-02 19:55:52.243017'),(64,1,1,16337109,'2019-03-02 19:55:52.243017'),(65,0.3,4,17341073,'2019-03-02 19:55:52.243017'),(66,0.6,4,17341117,'2019-03-02 19:55:52.243017'),(67,0.3,4,17341074,'2019-03-02 19:55:52.243017'),(68,0.5,4,16337174,'2019-03-02 19:55:52.243017'),(70,0.4,4,18340069,'2019-03-02 19:55:52.243017'),(71,0.2,4,18340076,'2019-03-02 19:55:52.243017'),(72,0.5,4,17341114,'2019-03-02 19:55:52.243017'),(73,0.5,4,18340075,'2019-03-02 19:55:52.243017'),(77,0.2,4,17341099,'2019-03-02 19:55:52.243017'),(81,2.5,6,17341073,'2019-03-02 19:55:52.243017'),(82,2.5,6,17341097,'2019-03-02 19:55:52.243017'),(83,2.5,6,17341099,'2019-03-02 19:55:52.243017'),(84,2.5,6,17341105,'2019-03-02 19:55:52.243017'),(85,2.5,6,17341095,'2019-03-02 19:55:52.243017'),(86,2.5,6,17341114,'2019-03-02 19:55:52.243017'),(87,2.5,6,17341117,'2019-03-02 19:55:52.243017'),(88,2.5,6,16337106,'2019-03-02 19:55:52.243017'),(89,1,6,16337109,'2019-03-02 19:55:52.243017'),(90,1,6,16337113,'2019-03-02 19:55:52.243017'),(91,1,6,16337108,'2019-03-02 19:55:52.243017'),(92,1,6,16337071,'2019-03-02 19:55:52.243017'),(93,1,6,16337112,'2019-03-02 19:55:52.243017'),(94,1,6,16337191,'2019-03-02 19:55:52.243017'),(95,1,6,16337174,'2019-03-02 19:55:52.243017'),(96,1,6,16337171,'2019-03-02 19:55:52.243017'),(97,1,6,16337098,'2019-03-02 19:55:52.243017'),(98,1,6,16337094,'2019-03-02 19:55:52.243017'),(99,1,6,16337129,'2019-03-02 19:55:52.243017'),(100,1,6,16337154,'2019-03-02 19:55:52.243017'),(101,1,6,17341061,'2019-03-02 19:55:52.243017'),(102,1,6,17341096,'2019-03-02 19:55:52.243017'),(103,1,6,17341074,'2019-03-02 19:55:52.243017'),(104,1,6,15336121,'2019-03-02 19:55:52.243017'),(105,1,6,15336095,'2019-03-02 19:55:52.243017'),(106,1,6,15336102,'2019-03-02 19:55:52.243017'),(107,1,6,16337099,'2019-03-02 19:55:52.243017'),(108,1,6,15336117,'2019-03-02 19:55:52.243017'),(113,0.1,4,15336121,'2019-03-02 19:55:52.243017'),(114,0.1,4,17341097,'2019-03-02 19:55:52.243017'),(115,0.1,4,18340060,'2019-03-02 19:55:52.243017'),(116,0.1,8,17341114,'2019-03-02 19:55:52.243017'),(117,1.1,8,17341074,'2019-03-05 11:56:08.490970'),(118,0.7,8,17341073,'2019-03-05 11:56:53.147814'),(119,0.7,8,18340069,'2019-03-05 11:53:39.085043'),(120,0.5,8,18340060,'2019-03-04 19:18:32.585400'),(121,0.4,8,17341099,'2019-03-04 22:03:34.886768'),(122,0.4,8,17341097,'2019-03-04 20:14:17.180885'),(123,0.6,8,18340075,'2019-03-04 23:01:15.888682'),(124,1.2,8,17341117,'2019-03-05 22:35:11.567534'),(125,0.7,8,18340076,'2019-03-04 20:03:05.840257'),(136,0.4,8,15336121,'2019-03-04 23:57:36.136303'),(137,1,8,16337174,'2019-03-05 22:36:18.932993'),(138,0.2,8,16337191,'2019-03-03 21:40:49.464286'),(139,0.8,8,17341096,'2019-03-06 00:03:41.780414'),(140,0.8,8,16337112,'2019-03-05 20:10:55.056652'),(141,2,9,16337106,'2019-03-05 12:00:35.053459'),(142,0.5,9,18340060,'2019-03-04 20:06:25.979535'),(143,1,9,17341097,'2019-03-04 20:14:34.471416'),(144,1,9,16337191,'2019-03-04 22:05:23.174760'),(145,2,9,16337112,'2019-03-05 20:12:12.632532'),(146,1,9,16337174,'2019-03-04 22:30:30.490743'),(147,1,9,17341105,'2019-03-04 23:15:37.581385'),(148,1,9,15336121,'2019-03-05 00:15:54.513397'),(150,2,10,16337098,'2019-03-05 16:36:49.963470'),(151,2,10,16337099,'2019-03-05 16:37:02.315755'),(152,2,10,16337071,'2019-03-05 16:37:31.852054'),(153,2,10,15336102,'2019-03-05 16:37:37.767173'),(154,2,10,16337113,'2019-03-05 16:37:42.137704'),(155,2,10,16337109,'2019-03-05 16:37:47.616935');
/*!40000 ALTER TABLE `teaching_takepartin` ENABLE KEYS */;
UNLOCK TABLES;

--
-- Table structure for table `user_user`
--

DROP TABLE IF EXISTS `user_user`;
/*!40101 SET @saved_cs_client     = @@character_set_client */;
/*!40101 SET character_set_client = utf8 */;
CREATE TABLE `user_user` (
  `is_superuser` tinyint(1) NOT NULL,
  `username` varchar(50) NOT NULL,
  `password` varchar(128) NOT NULL,
  `last_login` datetime(6) NOT NULL,
  `email` varchar(254) NOT NULL,
  `is_staff` tinyint(1) NOT NULL,
  `is_active` tinyint(1) NOT NULL,
  `date_joined` datetime(6) NOT NULL,
  PRIMARY KEY (`username`)
) ENGINE=InnoDB DEFAULT CHARSET=utf8;
/*!40101 SET character_set_client = @saved_cs_client */;

--
-- Dumping data for table `user_user`
--

LOCK TABLES `user_user` WRITE;
/*!40000 ALTER TABLE `user_user` DISABLE KEYS */;
INSERT INTO `user_user` VALUES (1,'000000','pbkdf2_sha256$120000$4IfAQhOuzuME$1+fY5YL8tDvjgH2q8zBHF64DMCJFrzBXVVro4Rlnp7g=','2019-03-05 23:09:08.922514','965524991@qq.com',1,1,'2019-02-09 22:47:00.000000'),(0,'100001','pbkdf2_sha256$120000$1hPukEohn6se$EKHemTe/X9OOJmF7As/uZ/7vZD+WELAGjrNzL9/f8ME=','2019-02-28 22:09:49.032637','',1,1,'2019-02-15 13:50:00.000000'),(0,'15331331','pbkdf2_sha256$120000$3w2MPnN160A3$9JyO8YUOmrCMhU/wKVilrY9GcB0dV45dLcpOAFfzaaw=','2019-02-24 15:29:15.854842','1519781737@qq.com',1,1,'2019-02-24 15:29:00.000000'),(0,'15336095','pbkdf2_sha256$120000$3S1CyC6qcoEE$H/GwOQsVYCmTYDKKl9PJISQQAihMksb2tWX/WitalJk=','2019-02-15 13:40:09.923372','943246342@qq.com',1,1,'2019-02-15 13:40:04.791453'),(0,'15336102','pbkdf2_sha256$120000$S8LqwNlkOJVc$RW1TyfuX7iRv4QkXG6322tkdtMVDN3JRHVZ6Bo9uORc=','2019-02-17 16:38:13.073549','1120834275@qq.com',1,1,'2019-02-17 16:34:13.289286'),(0,'15336117','pbkdf2_sha256$120000$DBhExQfzGzCU$MJKuDS+PxhNwoaGCEwH3i+gmEJsSUp0nK7d5Rli3owg=','2019-03-05 11:44:57.794810','liuzhh58@mail2.sysu.edu.cn',1,1,'2019-02-17 16:52:16.984093'),(0,'15336121','pbkdf2_sha256$120000$b7dZuafg2fK1$QbmsdjUaXRm3pNkFvx+1DsegM2J2LMavcO0+vdGCgpk=','2019-03-01 21:37:11.801454','1278569186@qq.com',1,1,'2019-02-15 13:47:58.209737'),(0,'15336141','pbkdf2_sha256$120000$QpR1Sx35sMeb$SIlKlk5yKfRHMsUc5S2OkVTlg/0rqxoUyedvQuZI1YA=','2019-02-17 16:42:48.144790','961862555@qq.com',1,1,'2019-02-17 16:42:44.251988'),(0,'16337071','pbkdf2_sha256$120000$rihQ3Uo0TtFV$XhGZ0xzt7dgZwXLsx8jt3QNtkbpifOxtVxuh0ICGuPM=','2019-03-06 00:05:14.893304','guory5@mail2.sysu.edu.cn',1,1,'2019-02-16 12:34:51.505340'),(0,'16337094','pbkdf2_sha256$120000$4yF7roeYOm1F$EpiLVuMrz9ManXLlShawvhKUxh1iNZMuzmdGAlZMPvY=','2019-03-01 22:34:00.684445','2217549130@qq.com',1,1,'2019-02-15 20:34:46.868799'),(0,'16337098','pbkdf2_sha256$120000$MQOLJdvO7nKy$fW9puqdRVj66gM6d7QcMfvwjz51H0Xz386o5i+6fiJs=','2019-02-25 15:03:43.290976','1240945617@qq.com',1,1,'2019-02-17 19:34:03.367241'),(0,'16337099','pbkdf2_sha256$120000$exsiJnPPHUJI$OMJTg2LWOomq1nVqkbUm/1/Bby8d7sw2RXNhl1czqnE=','2019-03-01 21:32:33.993532','2659117250@qq.com',1,1,'2019-03-01 21:32:30.054774'),(0,'16337106','pbkdf2_sha256$120000$ICjDrCEy9TMP$K18gHLuSv5DnMk+iFTqDPBOecFXIsebbGuL+pej0mfo=','2019-03-04 18:51:57.083416','422874005@qq.com',1,1,'2019-02-16 12:24:11.097475'),(0,'16337108','pbkdf2_sha256$120000$oIZwKBGXkECP$hbUSAbJpRGxh3tFgFQ5sfJhxVZL/EYNHKlUlVErZvI4=','2019-03-04 12:27:13.070265','3463141351@qq.com',1,1,'2019-02-15 16:09:43.270776'),(0,'16337109','pbkdf2_sha256$120000$1l26xUBZmTTp$4zU/SKDjlP+xCW618Wk9PbV1SGJ4z4f4joiN6c5BDNI=','2019-03-01 21:32:39.637452','1214097402@qq.com',1,1,'2019-02-15 16:32:33.587585'),(0,'16337112','pbkdf2_sha256$120000$mrHXalCCFTRp$RpvIwhEfsDqH3HuU2H2TkuWQ18AZamdrrWIdaiLEOYg=','2019-03-01 22:33:40.589753','1073334177@qq.com',1,1,'2019-02-17 13:39:28.943935'),(0,'16337113','pbkdf2_sha256$120000$CAoxKRgSXQuH$uw6ReylBgE+E4hCorgsmgTyHUrR/Qf/iknezESz083w=','2019-03-06 00:10:41.948249','laomd@mail2.sysu.edu.cn',1,1,'2019-02-09 23:12:00.000000'),(0,'16337129','pbkdf2_sha256$120000$h7sx7c3KG19Q$cJJ58IYR6fM1d5+XR3nULvZbgNRErEDkHfbh6ZcIBNA=','2019-02-25 23:16:57.277165','3470568233@qq.com',1,1,'2019-02-17 12:51:26.842229'),(0,'16337154','pbkdf2_sha256$120000$raaiOAAy6d3f$H9klz89hGzc7woSAp4MpDR4C/Lj89XF+tzIPtz1f4FA=','2019-02-23 09:41:26.881740','1045991549@qq.com',1,1,'2019-02-22 13:06:04.877703'),(0,'16337171','pbkdf2_sha256$120000$PUs25ftsRlVB$V/mVhfqHBZeuGeRVasVoqD6VMOhs0Ng+IF8ppn2eaFg=','2019-03-01 22:20:40.571475','1141574974@qq.com',1,1,'2019-02-15 15:48:05.023276'),(0,'16337174','pbkdf2_sha256$120000$ZNBayU6kwOit$Res/s7DvcRpda2tYIcOkf3/5YwK8k6ppq99W5WEDBUc=','2019-02-26 19:01:01.591309','578928088@qq.com',1,1,'2019-02-26 18:54:16.793741'),(0,'16337191','pbkdf2_sha256$120000$YMyhnfX1oMbw$kRP7EFSeymlxlViH558HEOw7HIu/swr+UpD00qcvXlA=','2019-02-19 01:55:32.497721','1136150296@qq.com',1,1,'2019-02-19 01:55:18.471600'),(0,'16337260','pbkdf2_sha256$120000$LYPE6Snw1FkL$lxFa60f+YjmJVEgkzp7lJ4WYf9SM63g+95Rsx4lX020=','2019-02-16 11:22:57.706182','1053331679@qq.com',1,1,'2019-02-15 00:15:00.000000'),(0,'17341061','pbkdf2_sha256$120000$Vp848TsOUxjx$LkHaDbJapPwYJtpbCBzw5P12oi0tQTHJmQp7rqOUdRc=','2019-02-17 19:13:34.103888','1173685903@qq.com',1,1,'2019-02-15 18:48:31.535741'),(0,'17341073','pbkdf2_sha256$120000$C65cgZ6Yk6t7$dk0a9rDJqdj8J9Gcy3R0UX3nIJjbThQUF35cLsWQkZA=','2019-03-01 21:32:40.721212','463275460@qq.com',1,1,'2019-02-15 13:24:14.865594'),(0,'17341074','pbkdf2_sha256$120000$AT1x9x5TWYWe$oEmEQ0WXnvA0neFrVBXZW8YQIJn6bBWqjzBpQacD+CM=','2019-02-25 19:05:24.151227','1103597762@qq.com',1,1,'2019-02-15 15:11:09.184800'),(0,'17341087','pbkdf2_sha256$120000$HlDkgSpiCzpy$AR7F4NeGDMR32qBSZBp9gxzaapmpqkZgB1ZcgVHM2aQ=','2019-02-23 09:48:06.673354','at8397756@163.com',1,1,'2019-02-15 13:30:59.410680'),(0,'17341096','pbkdf2_sha256$120000$h4QDv3rhvEXA$HX57tMXGKXvJEzqLOj/q7wtpie3d39KPt08bJJhl8OM=','2019-02-15 18:13:16.879932','1015118636@qq.com',1,1,'2019-02-15 18:11:33.597040'),(0,'17341097','pbkdf2_sha256$120000$iQ0yt4XjfAgB$fMpzJTcJU7lnyC9+9LunSek4ros2UHzGfKwbClJKjoA=','2019-03-04 19:24:05.494246','1293338675@qq.com',1,1,'2019-02-15 13:53:39.611199'),(0,'17341099','pbkdf2_sha256$120000$cna1biHKG7Rz$wmXcdIaGlEsTG300Ak9UCzP5rd63CTqM9JtQj3GqEA4=','2019-02-17 19:38:22.562190','2236849604@qq.com',1,1,'2019-02-17 19:38:09.293315'),(0,'17341105','pbkdf2_sha256$120000$tebAGXW6mKy5$yOPxen3YYl4j4TuVctwAAcvaEKUuVoLSOKpGhsW4D5I=','2019-02-17 16:54:35.153988','1193491740@qq.com',1,1,'2019-02-17 16:53:16.780051'),(0,'17341114','pbkdf2_sha256$120000$u2Y8QuCCfwK9$v2YOFLPho8X6sK2ovVX+YC2x17Xxn8iSPhG2mo7ZC/E=','2019-02-16 19:54:09.257121','3044897992@qq.com',1,1,'2019-02-15 18:14:41.072356'),(0,'17341117','pbkdf2_sha256$120000$M0P5w45n4rQp$r5uujFODF+X4Fjn+53K8QO4r/WJl4XyyuZ9+/B42r1M=','2019-03-02 08:47:14.401783','729228747@qq.com',1,1,'2019-02-15 17:43:22.946148'),(0,'18340060','pbkdf2_sha256$120000$hSHOvFI3qtfp$RBJe6DTYOgKAqSmTXpjaQz1Zc/F1iz8A1unDwQFMEpA=','2019-02-17 16:28:08.965045','1770631002@qq.com',1,1,'2019-02-15 21:31:39.456144'),(0,'18340069','pbkdf2_sha256$120000$3I462IWHzmay$U/oFl8YJUDEepkQWljlZ2uL6chd2k9vKs5BFNr2qsuY=','2019-02-25 19:05:41.971782','314200068@qq.com',1,1,'2019-02-15 13:32:45.226887'),(0,'18340074','pbkdf2_sha256$120000$hpMOVg9IplvZ$ge6U+tMs1gGN0S3hwjzLytpR0Sbdy0Cy6fDRiLitnxI=','2019-02-18 23:45:33.850793','1525876369@qq.com',1,1,'2019-02-16 00:08:11.099614'),(0,'18340075','pbkdf2_sha256$120000$rzvEOwl7fFXd$jEl7DwMkPwWZ/32igEbPts10FiiOp2/rZN0p/rZb2kk=','2019-02-25 19:39:58.100421','974238840@qq.com',1,1,'2019-02-15 13:50:13.486467'),(0,'18340076','pbkdf2_sha256$120000$Lb3eKj4fjv1E$4Fn+KpF1ExMxwZTu0DTHvvFcoCkm5kCXq7BKlageGkc=','2019-02-25 19:18:26.512606','280189627@qq.com',1,1,'2019-02-18 20:48:46.185505');
/*!40000 ALTER TABLE `user_user` ENABLE KEYS */;
UNLOCK TABLES;

--
-- Table structure for table `user_user_groups`
--

DROP TABLE IF EXISTS `user_user_groups`;
/*!40101 SET @saved_cs_client     = @@character_set_client */;
/*!40101 SET character_set_client = utf8 */;
CREATE TABLE `user_user_groups` (
  `id` int(11) NOT NULL AUTO_INCREMENT,
  `user_id` varchar(50) NOT NULL,
  `group_id` int(11) NOT NULL,
  PRIMARY KEY (`id`),
  UNIQUE KEY `user_user_groups_user_id_group_id_bb60391f_uniq` (`user_id`,`group_id`),
  KEY `user_user_groups_group_id_c57f13c0_fk_auth_group_id` (`group_id`),
  CONSTRAINT `user_user_groups_group_id_c57f13c0_fk_auth_group_id` FOREIGN KEY (`group_id`) REFERENCES `auth_group` (`id`),
  CONSTRAINT `user_user_groups_user_id_13f9a20d_fk_user_user_username` FOREIGN KEY (`user_id`) REFERENCES `user_user` (`username`)
) ENGINE=InnoDB AUTO_INCREMENT=52 DEFAULT CHARSET=utf8;
/*!40101 SET character_set_client = @saved_cs_client */;

--
-- Dumping data for table `user_user_groups`
--

LOCK TABLES `user_user_groups` WRITE;
/*!40000 ALTER TABLE `user_user_groups` DISABLE KEYS */;
INSERT INTO `user_user_groups` VALUES (34,'100001',3),(49,'15331331',2),(13,'15336095',1),(37,'15336102',1),(39,'15336117',1),(14,'15336121',1),(38,'15336141',1),(32,'16337071',1),(28,'16337094',1),(41,'16337098',1),(51,'16337099',1),(31,'16337106',1),(21,'16337108',1),(22,'16337109',1),(36,'16337112',1),(2,'16337113',2),(35,'16337129',1),(47,'16337154',1),(20,'16337171',1),(50,'16337174',1),(45,'16337191',1),(9,'16337260',2),(26,'17341061',1),(10,'17341073',1),(19,'17341074',1),(11,'17341087',1),(24,'17341096',1),(18,'17341097',1),(42,'17341099',1),(40,'17341105',1),(25,'17341114',1),(23,'17341117',1),(29,'18340060',1),(12,'18340069',1),(30,'18340074',1),(15,'18340075',1),(44,'18340076',1);
/*!40000 ALTER TABLE `user_user_groups` ENABLE KEYS */;
UNLOCK TABLES;

--
-- Table structure for table `user_user_user_permissions`
--

DROP TABLE IF EXISTS `user_user_user_permissions`;
/*!40101 SET @saved_cs_client     = @@character_set_client */;
/*!40101 SET character_set_client = utf8 */;
CREATE TABLE `user_user_user_permissions` (
  `id` int(11) NOT NULL AUTO_INCREMENT,
  `user_id` varchar(50) NOT NULL,
  `permission_id` int(11) NOT NULL,
  PRIMARY KEY (`id`),
  UNIQUE KEY `user_user_user_permissions_user_id_permission_id_64f4d5b8_uniq` (`user_id`,`permission_id`),
  KEY `user_user_user_permi_permission_id_ce49d4de_fk_auth_perm` (`permission_id`),
  CONSTRAINT `user_user_user_permi_permission_id_ce49d4de_fk_auth_perm` FOREIGN KEY (`permission_id`) REFERENCES `auth_permission` (`id`),
  CONSTRAINT `user_user_user_permi_user_id_31782f58_fk_user_user` FOREIGN KEY (`user_id`) REFERENCES `user_user` (`username`)
) ENGINE=InnoDB DEFAULT CHARSET=utf8;
/*!40101 SET character_set_client = @saved_cs_client */;

--
-- Dumping data for table `user_user_user_permissions`
--

LOCK TABLES `user_user_user_permissions` WRITE;
/*!40000 ALTER TABLE `user_user_user_permissions` DISABLE KEYS */;
/*!40000 ALTER TABLE `user_user_user_permissions` ENABLE KEYS */;
UNLOCK TABLES;

--
-- Table structure for table `xadmin_bookmark`
--

DROP TABLE IF EXISTS `xadmin_bookmark`;
/*!40101 SET @saved_cs_client     = @@character_set_client */;
/*!40101 SET character_set_client = utf8 */;
CREATE TABLE `xadmin_bookmark` (
  `id` int(11) NOT NULL AUTO_INCREMENT,
  `title` varchar(128) NOT NULL,
  `url_name` varchar(64) NOT NULL,
  `query` varchar(1000) NOT NULL,
  `is_share` tinyint(1) NOT NULL,
  `content_type_id` int(11) NOT NULL,
  `user_id` varchar(50) DEFAULT NULL,
  PRIMARY KEY (`id`),
  KEY `xadmin_bookmark_content_type_id_60941679_fk_django_co` (`content_type_id`),
  KEY `xadmin_bookmark_user_id_42d307fc_fk_user_user_username` (`user_id`),
  CONSTRAINT `xadmin_bookmark_content_type_id_60941679_fk_django_co` FOREIGN KEY (`content_type_id`) REFERENCES `django_content_type` (`id`),
  CONSTRAINT `xadmin_bookmark_user_id_42d307fc_fk_user_user_username` FOREIGN KEY (`user_id`) REFERENCES `user_user` (`username`)
) ENGINE=InnoDB AUTO_INCREMENT=7 DEFAULT CHARSET=utf8;
/*!40101 SET character_set_client = @saved_cs_client */;

--
-- Dumping data for table `xadmin_bookmark`
--

LOCK TABLES `xadmin_bookmark` WRITE;
/*!40000 ALTER TABLE `xadmin_bookmark` DISABLE KEYS */;
INSERT INTO `xadmin_bookmark` VALUES (6,'家庭住址','重庆市','重庆市',1,4,'16337106');
/*!40000 ALTER TABLE `xadmin_bookmark` ENABLE KEYS */;
UNLOCK TABLES;

--
-- Table structure for table `xadmin_log`
--

DROP TABLE IF EXISTS `xadmin_log`;
/*!40101 SET @saved_cs_client     = @@character_set_client */;
/*!40101 SET character_set_client = utf8 */;
CREATE TABLE `xadmin_log` (
  `id` int(11) NOT NULL AUTO_INCREMENT,
  `action_time` datetime(6) NOT NULL,
  `ip_addr` char(39) DEFAULT NULL,
  `object_id` longtext,
  `object_repr` varchar(200) NOT NULL,
  `action_flag` varchar(32) NOT NULL,
  `message` longtext NOT NULL,
  `content_type_id` int(11) DEFAULT NULL,
  `user_id` varchar(50) NOT NULL,
  PRIMARY KEY (`id`),
  KEY `xadmin_log_content_type_id_2a6cb852_fk_django_content_type_id` (`content_type_id`),
  KEY `xadmin_log_user_id_bb16a176_fk_user_user_username` (`user_id`),
  CONSTRAINT `xadmin_log_content_type_id_2a6cb852_fk_django_content_type_id` FOREIGN KEY (`content_type_id`) REFERENCES `django_content_type` (`id`),
  CONSTRAINT `xadmin_log_user_id_bb16a176_fk_user_user_username` FOREIGN KEY (`user_id`) REFERENCES `user_user` (`username`)
) ENGINE=InnoDB AUTO_INCREMENT=174 DEFAULT CHARSET=utf8;
/*!40101 SET character_set_client = @saved_cs_client */;

--
-- Dumping data for table `xadmin_log`
--

LOCK TABLES `xadmin_log` WRITE;
/*!40000 ALTER TABLE `xadmin_log` DISABLE KEYS */;
INSERT INTO `xadmin_log` VALUES (107,'2019-02-17 00:39:46.890743','223.104.65.71','3','党辅','change','修改 permissions',11,'000000'),(108,'2019-02-17 00:40:14.101039','223.104.65.71','2','支书','change','修改 permissions',11,'000000'),(109,'2019-02-17 00:52:25.675296','223.104.65.71','3','组织生活会(3)','delete','',7,'16337113'),(110,'2019-02-17 02:36:19.709552','223.104.65.71','3','党辅','change','修改 permissions',11,'000000'),(111,'2019-02-17 02:36:31.867499','223.104.65.71','2','支书','change','修改 permissions',11,'000000'),(112,'2019-02-17 20:23:42.137368','112.96.184.136','18340074','18340074','change','没有字段被修改。',1,'18340074'),(113,'2019-02-20 01:58:19.324694','117.136.76.78','2','支书','change','修改 permissions',11,'000000'),(114,'2019-02-20 01:58:46.438511','117.136.76.78','3','党辅','change','修改 permissions',11,'000000'),(115,'2019-02-20 01:59:25.788295','117.136.76.78','1','普通成员','change','修改 permissions',11,'000000'),(116,'2019-02-20 02:07:37.428529','117.136.76.78',NULL,'','delete','批量删除 1 个 我的账号',NULL,'000000'),(117,'2019-02-21 14:18:13.484100','223.104.90.9',NULL,'','delete','批量删除 1 个 成员信息',NULL,'16337113'),(118,'2019-02-21 14:20:33.479465','223.104.90.9',NULL,'','delete','批量删除 1 个 成员信息',NULL,'16337113'),(119,'2019-02-24 15:34:38.319535','120.236.174.165','15331331','15331331','change','修改 groups',1,'000000'),(120,'2019-02-24 17:06:16.972324','120.236.174.165',NULL,'','delete','批量删除 9 个 成员信息',NULL,'000000'),(121,'2019-02-24 17:32:06.836549','120.236.174.165',NULL,'','delete','批量删除 9 个 成员信息',NULL,'000000'),(122,'2019-02-26 18:49:30.588056','120.236.174.151',NULL,'','delete','批量删除 1 个 学时统计',NULL,'16337113'),(123,'2019-02-27 11:44:14.462269','120.236.174.165',NULL,'','delete','批量删除 1 个 成员信息',NULL,'16337113'),(124,'2019-02-27 11:44:42.808772','120.236.174.165',NULL,'','delete','批量删除 1 个 成员信息',NULL,'16337113'),(125,'2019-02-28 00:13:41.030183','120.236.174.151',NULL,'','delete','批量删除 1 个 学时统计',NULL,'16337113'),(126,'2019-02-28 00:14:07.858131','120.236.174.151',NULL,'','delete','批量删除 1 个 学时统计',NULL,'16337113'),(127,'2019-02-28 00:14:29.806513','120.236.174.151',NULL,'','delete','批量删除 1 个 学时统计',NULL,'16337113'),(128,'2019-02-28 00:18:06.756925','120.236.174.151',NULL,'','delete','批量删除 1 个 学时统计',NULL,'16337113'),(129,'2019-02-28 00:18:21.925940','120.236.174.151',NULL,'','delete','批量删除 1 个 学时统计',NULL,'16337113'),(130,'2019-02-28 00:19:17.843307','120.236.174.151',NULL,'','delete','批量删除 3 个 学时统计',NULL,'16337113'),(131,'2019-02-28 00:20:11.098428','120.236.174.151',NULL,'','delete','批量删除 2 个 会议/活动',NULL,'16337113'),(132,'2019-02-28 12:44:33.102894','120.236.174.151','2','支书','change','修改 permissions',11,'000000'),(133,'2019-02-28 12:44:40.308457','120.236.174.151','1','普通成员','change','修改 permissions',11,'000000'),(134,'2019-02-28 12:44:46.266871','120.236.174.151','3','党辅','change','修改 permissions',11,'000000'),(135,'2019-02-28 12:52:16.618036','120.236.174.151',NULL,'','delete','批量删除 1 个 学习强国APP学习',NULL,'000000'),(136,'2019-02-28 12:52:33.354768','120.236.174.151','2','支书','change','修改 permissions',11,'000000'),(137,'2019-02-28 12:54:40.249445','120.236.174.151','2','支书','change','修改 permissions',11,'000000'),(138,'2019-02-28 12:54:58.314419','120.236.174.151','2','支书','change','修改 permissions',11,'000000'),(139,'2019-02-28 12:55:28.941824','120.236.174.151',NULL,'','delete','批量删除 2 个 学习强国APP学习',NULL,'16337113'),(140,'2019-02-28 12:57:34.534227','120.236.174.151',NULL,'','delete','批量删除 1 个 学时统计',NULL,'16337113'),(141,'2019-02-28 12:57:40.916019','120.236.174.151',NULL,'','delete','批量删除 1 个 学习强国APP学习',NULL,'16337113'),(142,'2019-02-28 13:13:35.222207','120.236.174.151',NULL,'','delete','批量删除 1 个 学习强国APP学习',NULL,'16337113'),(143,'2019-02-28 13:16:47.435916','120.236.174.151',NULL,'','delete','批量删除 1 个 学时统计',NULL,'16337113'),(144,'2019-02-28 13:16:52.943784','120.236.174.151',NULL,'','delete','批量删除 2 个 学习强国APP学习',NULL,'16337113'),(145,'2019-02-28 13:41:29.288046','120.236.174.151','2','支书','change','修改 permissions',11,'000000'),(146,'2019-02-28 13:47:00.392127','120.236.174.151',NULL,'','delete','批量删除 1 个 学习强国打卡',NULL,'16337113'),(147,'2019-02-28 20:39:46.289668','120.236.174.151',NULL,'','delete','批量删除 1 个 学习强国打卡',NULL,'16337113'),(148,'2019-02-28 21:17:14.619658','120.236.174.151',NULL,'','delete','批量删除 1 个 学习强国打卡',NULL,'16337113'),(149,'2019-02-28 21:21:53.615261','120.236.174.151',NULL,'','delete','批量删除 1 个 学习强国打卡',NULL,'16337113'),(150,'2019-02-28 21:22:56.775428','120.236.174.151',NULL,'','delete','批量删除 1 个 学习强国打卡',NULL,'16337113'),(151,'2019-02-28 21:26:35.298152','120.236.174.151','23','16337174 吕高雅馨 《求是》杂志发表习近平总书记重要文章《在新的起点上深化国家监察体制改革》','change','修改 title 和 added',18,'16337113'),(152,'2019-02-28 22:10:12.724678','120.236.174.151','2','支书','change','修改 permissions',11,'000000'),(153,'2019-03-01 21:31:30.229300','120.236.174.151',NULL,'','delete','批量删除 1 个 我的账号',NULL,'16337113'),(154,'2019-03-02 13:47:05.851881','120.236.174.151','41','18340060 黄涵 知识抢答赛','delete','',18,'16337113'),(155,'2019-03-02 13:51:12.803204','120.236.174.151','42','18340060 黄涵 知识抢答赛','delete','',18,'16337113'),(156,'2019-03-02 13:52:22.916368','120.236.174.151','43','16337113 劳马东 习近平：提高防控能力着力防范化解重大风险 保持经济持续健康发展社会大局稳定_共产党员网','delete','',18,'16337113'),(157,'2019-03-02 14:12:23.272896','120.236.174.151','44','16337113 劳马东 习近平：提高防控能力着力防范化解重大风险 保持经济持续健康发展社会大局稳定_共产党员网','delete','',18,'16337113'),(158,'2019-03-02 16:09:11.337139','120.236.174.151','45','16337113 劳马东 习近平：提高防控能力着力防范化解重大风险 保持经济持续健康发展社会大局稳定_共产党员网','delete','',18,'16337113'),(159,'2019-03-02 16:28:27.396143','120.236.174.151',NULL,'','delete','批量删除 2 个 学时统计',NULL,'16337113'),(160,'2019-03-02 20:10:24.546777','120.236.174.151',NULL,'','delete','批量删除 1 个 学时统计',NULL,'16337113'),(161,'2019-03-03 20:58:29.011933','120.236.174.151',NULL,'','delete','批量删除 1 个 学习打卡',NULL,'000000'),(162,'2019-03-03 20:58:35.718457','120.236.174.151','57','17341117 卢曼宁 每日金句|习近平论社会主义协商民主的发展方向','change','修改 impression',18,'000000'),(163,'2019-03-03 21:04:18.391693','120.236.174.151','63','16337113 劳马东 None','delete','',18,'16337113'),(164,'2019-03-03 22:32:45.826377','120.236.174.151',NULL,'','delete','批量删除 1 个 学习打卡',NULL,'16337113'),(165,'2019-03-03 22:54:51.507918','120.236.174.151','70','16337113 劳马东 习近平新时代中国特色社会主义思想三十讲课件','delete','',18,'16337113'),(166,'2019-03-03 22:57:48.477916','120.236.174.151','71','16337113 劳马东 习近平新时代中国特色社会主义思想三十讲课件','delete','',18,'16337113'),(167,'2019-03-03 23:00:30.754155','120.236.174.151','72','16337113 劳马东 习近平新时代中国特色社会主义思想三十讲课件','delete','',18,'16337113'),(168,'2019-03-05 12:00:26.361053','120.236.174.151',NULL,'','delete','批量删除 1 个 学时统计',NULL,'16337113'),(169,'2019-03-05 22:36:56.752156','120.236.174.151',NULL,'','delete','批量删除 1 个 成员信息',NULL,'16337113'),(170,'2019-03-05 22:52:50.419601','120.236.174.151','123','17341096 廖浩淳 听总书记讲新时代学雷锋','delete','',18,'16337113'),(171,'2019-03-05 23:10:27.308649','120.236.174.151','2','支书','change','修改 permissions',12,'000000'),(172,'2019-03-05 23:11:24.248182','120.236.174.151','3','党辅','change','修改 permissions',12,'000000'),(173,'2019-03-05 23:11:46.274371','120.236.174.151','1','普通成员','change','修改 permissions',12,'000000');
/*!40000 ALTER TABLE `xadmin_log` ENABLE KEYS */;
UNLOCK TABLES;

--
-- Table structure for table `xadmin_usersettings`
--

DROP TABLE IF EXISTS `xadmin_usersettings`;
/*!40101 SET @saved_cs_client     = @@character_set_client */;
/*!40101 SET character_set_client = utf8 */;
CREATE TABLE `xadmin_usersettings` (
  `id` int(11) NOT NULL AUTO_INCREMENT,
  `key` varchar(256) NOT NULL,
  `value` longtext NOT NULL,
  `user_id` varchar(50) NOT NULL,
  PRIMARY KEY (`id`),
  KEY `xadmin_usersettings_user_id_edeabe4a_fk_user_user_username` (`user_id`),
  CONSTRAINT `xadmin_usersettings_user_id_edeabe4a_fk_user_user_username` FOREIGN KEY (`user_id`) REFERENCES `user_user` (`username`)
) ENGINE=InnoDB AUTO_INCREMENT=54 DEFAULT CHARSET=utf8;
/*!40101 SET character_set_client = @saved_cs_client */;

--
-- Dumping data for table `xadmin_usersettings`
--

LOCK TABLES `xadmin_usersettings` WRITE;
/*!40000 ALTER TABLE `xadmin_usersettings` DISABLE KEYS */;
INSERT INTO `xadmin_usersettings` VALUES (1,'dashboard:home:pos','','000000'),(2,'dashboard:home:pos','','16337113'),(6,'dashboard:home:pos','','16337260'),(7,'site-theme','https://bootswatch.com/3/paper/bootstrap.min.css','16337260'),(8,'dashboard:home:pos','','17341073'),(9,'dashboard:home:pos','','17341087'),(10,'dashboard:home:pos','','18340069'),(11,'dashboard:home:pos','','15336095'),(12,'dashboard:home:pos','','15336121'),(13,'dashboard:home:pos','','18340075'),(15,'dashboard:home:pos','','17341097'),(16,'dashboard:home:pos','','17341074'),(17,'info_member_editform_portal',',,,','17341074'),(18,'dashboard:home:pos','','16337171'),(19,'dashboard:home:pos','','16337108'),(20,'dashboard:home:pos','','16337109'),(21,'site-theme','/static/xadmin/css/themes/bootstrap-xadmin.css','16337109'),(22,'dashboard:home:pos','','17341117'),(23,'dashboard:home:pos','','17341096'),(25,'dashboard:home:pos','','17341061'),(27,'dashboard:home:pos','','16337094'),(28,'dashboard:home:pos','','18340060'),(29,'dashboard:home:pos','','18340074'),(30,'dashboard:home:pos','','16337106'),(31,'dashboard:home:pos','','16337071'),(32,'dashboard:home:pos','','17341114'),(33,'dashboard:home:pos','','100001'),(34,'dashboard:home:pos','','16337129'),(35,'dashboard:home:pos','','16337112'),(36,'dashboard:home:pos','','15336102'),(37,'dashboard:home:pos','','15336141'),(38,'dashboard:home:pos','','15336117'),(39,'dashboard:home:pos','','17341105'),(40,'info_member_editform_portal',',,,','17341097'),(41,'dashboard:home:pos','','16337098'),(42,'dashboard:home:pos','','17341099'),(44,'dashboard:home:pos','','18340076'),(45,'dashboard:home:pos','','16337191'),(46,'site-theme','/static/xadmin/css/themes/bootstrap-xadmin.css','16337113'),(48,'dashboard:home:pos','','16337154'),(49,'dashboard:home:pos','','15331331'),(50,'site-theme','https://bootswatch.com/3/cerulean/bootstrap.min.css','16337098'),(51,'dashboard:home:pos','','16337174'),(52,'dashboard:home:pos','','16337099'),(53,'site-theme','/static/xadmin/css/themes/bootstrap-xadmin.css','15336121');
/*!40000 ALTER TABLE `xadmin_usersettings` ENABLE KEYS */;
UNLOCK TABLES;

--
-- Table structure for table `xadmin_userwidget`
--

DROP TABLE IF EXISTS `xadmin_userwidget`;
/*!40101 SET @saved_cs_client     = @@character_set_client */;
/*!40101 SET character_set_client = utf8 */;
CREATE TABLE `xadmin_userwidget` (
  `id` int(11) NOT NULL AUTO_INCREMENT,
  `page_id` varchar(256) NOT NULL,
  `widget_type` varchar(50) NOT NULL,
  `value` longtext NOT NULL,
  `user_id` varchar(50) NOT NULL,
  PRIMARY KEY (`id`),
  KEY `xadmin_userwidget_user_id_c159233a_fk_user_user_username` (`user_id`),
  CONSTRAINT `xadmin_userwidget_user_id_c159233a_fk_user_user_username` FOREIGN KEY (`user_id`) REFERENCES `user_user` (`username`)
) ENGINE=InnoDB DEFAULT CHARSET=utf8;
/*!40101 SET character_set_client = @saved_cs_client */;

--
-- Dumping data for table `xadmin_userwidget`
--

LOCK TABLES `xadmin_userwidget` WRITE;
/*!40000 ALTER TABLE `xadmin_userwidget` DISABLE KEYS */;
/*!40000 ALTER TABLE `xadmin_userwidget` ENABLE KEYS */;
UNLOCK TABLES;
/*!40103 SET TIME_ZONE=@OLD_TIME_ZONE */;

/*!40101 SET SQL_MODE=@OLD_SQL_MODE */;
/*!40014 SET FOREIGN_KEY_CHECKS=@OLD_FOREIGN_KEY_CHECKS */;
/*!40014 SET UNIQUE_CHECKS=@OLD_UNIQUE_CHECKS */;
/*!40101 SET CHARACTER_SET_CLIENT=@OLD_CHARACTER_SET_CLIENT */;
/*!40101 SET CHARACTER_SET_RESULTS=@OLD_CHARACTER_SET_RESULTS */;
/*!40101 SET COLLATION_CONNECTION=@OLD_COLLATION_CONNECTION */;
/*!40111 SET SQL_NOTES=@OLD_SQL_NOTES */;

-- Dump completed on 2019-03-06  0:13:08
